conversation_id,turn_index,sender,text,is_date_intent,intent_type,emotion,relation_type,has_local_event,tem_local,tem_tempo,tipo_date,acao_usada,tempo_usado,local_usado,amenity,cidade
185c6b18-959c-4dd8-9599-f6258f1de6fe,2,A,"essa cidade tá parada hoje, você vai no São João?",1,explicita,saudoso,colega_trabalho,1,1,1,gastronomico,comer um lanche,amanhã depois da aula,na Praia do Calhau,lanche,São Luís
1c62551c-46ab-4d8b-9e76-8ca2eb15558d,0,A,Oi criatura 🤣,1,implicita,feliz,contatinho,0,0,0,casual,,,,,São Luís
010fcd82-242f-4385-b91e-e51dd27b82f0,3,B,A vida adulta é cruel demais.,0,none,empolgado,colega_trabalho,0,0,0,none,,,,,São Luís
7d7b1ab0-d8d0-46fa-8591-2f20f7d3c0f3,6,A,Tribunal do júri acabou comigo hoje,0,none,saudoso,ficante,0,0,0,none,,,,,São Luís
beb69fab-7b0a-4b82-b1b2-2a0f7fcf0acc,4,A,Boa sorte aí kkk né não,1,implicita,carente,amizade,0,0,0,casual,,,,,São Luís
b2ba3692-cbdd-4630-af9e-090ccb491a4c,7,B,Tô animado(a) jjjá,1,explicita,carente,ex,0,1,1,gastronomico,comer tapioca,depois do estágio,num café ali no Renascença,tapioca,São Luís
aa32e92f-9316-46be-8162-6ef1c680aeae,3,B,A vida adulta não tem tutorial,0,none,carente,ex,0,0,0,none,,,,,São Luís
089cde6d-e739-404f-b879-aa53e4e9270f,0,A,Que fim levou tu? mds,1,implicita,triste,match_tinder,0,0,0,casual,,,,,São Luís
a9c329f3-dab5-4744-b098-669eb512ca35,2,A,oi meu amor partiu no vignoli hoje? né não,1,explicita,animado,contatinho,0,1,1,bar,beber cerveja,hoje depois das 19h,no Vignoli,bar,São Luís
d688145c-a070-4ab0-877b-e92a75a8fa8a,1,B,Passei a manhã resolvendo boleto. slk,1,explicita,empolgado,amizade,0,1,1,praia,andar pela litorânea,sábado de noite,no Chopp da Fábrica,,São Luís
026eb1d2-dcb1-4b1d-bc20-40a6fed54c89,4,A,Nossa sim!!,1,explicita,feliz,contatinho,0,1,1,praia,comer um camarão,domingo de manhã,no Empório Fribal,frutos do mar,São Luís
a38b47b6-fbc2-48e2-a30a-763fa62ff2aa,2,A,"essa cidade tá parada hoje, vc vai no rolê da Lagoa?",1,explicita,cansado,match_tinder,1,1,1,praia,andar pela litorânea,quando tu sair da faculdade,no Outback,,São Luís
22a1a8fd-970a-4522-b868-ec48495bcfcb,0,A,Bora viver?,1,implicita,animado,amizade,0,0,0,casual,,,,,São Luís
c42c58e2-c6b7-4f75-9b16-64684120a88a,0,A,Falaa pai d'égua,0,none,carente,contatinho,0,0,0,none,,,,,São Luís
2b46a9f2-b160-4e7d-94db-ac5aa811ea1b,3,B,Passei o dia resolvendo problema de cliente.,0,none,feliz,crush,0,0,0,none,,,,,São Luís
5093dbca-a474-411a-b145-0cf09476fe1a,1,B,Que situação hein,0,none,entediado,crush,0,0,0,none,,,,,São Luís
70331df1-25b1-4d31-acf6-60494227fdc7,3,B,Não entendo sinais nenhum. hahaha,0,none,estressado,match_tinder,0,0,0,none,,,,,São Luís
3b12f153-11af-4bd1-90be-c6641a5a9f40,0,A,Oi meu amor,1,explicita,carente,ex,1,1,1,shopping,dar rolê no shopping,depois do estágio,ali pela Avenida Holandeses,shopping,São Luís
0071d262-f376-4072-8cfc-92d615467191,1,B,Fiquei preso no trânsito do Cohafuma,1,explicita,entediado,ex,0,1,1,praia,ir pra praia,nesse final de semana,no Golden Shopping,praia,São Luís
60f3052d-b527-45ed-ae0a-9576a961906f,2,A,Fiquei preso no trânsito do Cohafuma....,1,explicita,feliz,namoro,0,1,1,cinema,pegar um cinema,nesse final de semana,no Fitó,cinema,São Luís
2013b51f-a945-41e4-af32-4cf6d5b493ac,3,B,oii depois da aula a gente podia tomar um litrão vei,1,explicita,apaixonado,crush,0,1,1,praia,tomar um litrão,amanhã,no Golden Shopping,bar,São Luís
b43e56ef-dbd3-4812-ad7f-0b9d05c6bee2,9,B,kkkkk conta essa história aff,0,none,estressado,ficante,0,0,0,none,,,,,São Luís
32b06998-116d-4d9f-b731-a897160f82f1,4,A,Parece a minha semana,1,explicita,empolgado,ficante,1,1,1,gastronomico,comer sushi,sábado de noite,no Talking Blues,sushi,São Luís
5fb181f4-571b-4727-84aa-56c21cdfcaca,2,A,Fim de semana chegou finalmente. socorro,1,explicita,animado,namoro,0,1,1,bar,beber cerveja,depois do estágio,ali no Vinhais,bar,São Luís
5150ef08-ffee-4497-af3f-a632cd2dec12,4,A,Oii a gente podia aproveitar e comer um lanche hoje à noite?,1,explicita,animado,crush,0,1,1,gastronomico,comer um lanche,hoje à noite,lá pras bandas do Turu,lanche,São Luís
32b06998-116d-4d9f-b731-a897160f82f1,2,A,"fim de semana chegou finalmente, você vai no show da Litorânea? 🥲",1,explicita,empolgado,ficante,1,1,1,gastronomico,comer sushi,sábado de noite,no Talking Blues,sushi,São Luís
0a286769-3959-4c48-9d90-18d57c82aba6,4,A,"Oi, tudo bem? a gnt podia aproveitar e comer tapioca depois do tágio?",1,explicita,feliz,amizade,0,1,1,gastronomico,comer tapioca,depois do estágio,no Roots Bar,tapioca,São Luís
a5af28e1-cb27-4b5e-8210-788ad19d2ddc,4,A,Meu projeto ficou todo desalinhado.,0,none,apaixonado,match_tinder,0,0,0,none,,,,,São Luís
a7da69f1-3f0d-4643-96fc-3e34bd2209e4,4,A,Demais mesmo né não,0,none,empolgado,match_tinder,0,0,0,none,,,,,São Luís
fb4a92d2-eae5-468d-b4d2-8304fa39edfa,1,B,Peguei corrida pro Araçagy e quase enlouqueci.,0,none,triste,match_tinder,0,0,0,none,,,,,São Luís
c72afa4e-54c9-430a-9c2a-7f3abe69d39f,6,A,Partiu rolê hoje? tu vai fazer o que hoje? bora ver as luzes da cidaddde,1,explicita,triste,namoro,0,1,1,casual,ver as luzes da cidade,depois do estágio,no Centro Histórico,,São Luís
70331df1-25b1-4d31-acf6-60494227fdc7,9,B,Eu entendo viu,0,none,estressado,match_tinder,0,0,0,none,,,,,São Luís
7044f0d5-61bf-48db-b4f8-11f556dcd8c0,2,A,"esse calor tá insuportável, vc vai na feirinha?",1,explicita,feliz,crush,1,1,1,gastronomico,comer sushi,sábado à tarde,ali pelo Calhau,sushi,São Luís
beb69fab-7b0a-4b82-b1b2-2a0f7fcf0acc,5,B,Saudade de sair com tu. aff,1,implicita,carente,amizade,0,0,0,casual,,,,,São Luís
f82739f9-e3a2-4cb1-85a4-83dc9437c29d,2,A,Tá brincando olha,0,none,entediado,amizade,0,0,0,none,,,,,São Luís
188a9469-5d53-4881-8ca8-e6566ee79f35,4,A,Tenho apresentação de plano de negócios amanhã,0,none,feliz,ex,0,0,0,none,,,,,São Luís
2b418bc9-3a6c-40a7-9c90-24e917adc2fa,0,A,Meu Deus tu summmmiu,1,implicita,empolgado,namoro,0,0,0,casual,,,,,São Luís
70331df1-25b1-4d31-acf6-60494227fdc7,7,B,Parece a minha semana 😩,0,none,estressado,match_tinder,0,0,0,none,,,,,São Luís
2dc47899-7bf9-409b-b227-bfc2e4b3c598,2,A,O trânsito tá impossível hoje.,1,implicita,saudoso,ex,0,0,0,casual,,,,,São Luís
6d3375ee-feaf-4a92-91bb-fc732fa28cea,1,B,irmão que sofrimento,0,none,cansado,crush,0,0,0,none,,,,,São Luís
e71b7d66-8e6c-4192-8624-9ba0a018acff,0,A,E aí meu patrão,1,implicita,feliz,ficante,0,0,0,casual,,,,,São Luís
a12ad6c8-7c9f-40d5-9aff-a80231802867,3,B,tô no mesmo barco,0,none,apaixonado,amizade,0,0,0,none,,,,,São Luís
e72b8e53-01d3-4dec-9b9c-0256c281c881,2,A,Essa semana foi pesada demais. kkkkkkk,1,explicita,saudoso,amizade,0,1,1,gastronomico,lançar um sushi,hoje depois das 19h,no Cabana do Sol,sushi,São Luís
ae39fffe-5536-4a29-921d-ad9e27d4400a,2,A,O servidor caiu bem na hora da partida. socorro,0,none,animado,ficante,0,0,0,none,,,,,São Luís
5457726a-81d5-40a6-a24d-c322c8efbf09,4,A,Oii partiu lá no Cohatrac hoje?,1,explicita,triste,colega_trabalho,0,1,1,casual,comer açaí na tigela,sábado à tarde,lá no Cohatrac,açaí,São Luís
df2df991-0b69-4e96-b2d7-e753d3b885d4,0,A,e aí? mano,1,explicita,empolgado,colega_trabalho,1,1,1,cinema,assistir filme,de madrugada mesmo kkkkk,no Vignoli,cinema,São Luís
ba38ffbd-9738-4fcc-9f53-53dc01678463,5,B,Tô atolado de trabalho da faculdaddde. oxe,0,none,animado,ex,0,0,0,none,,,,,São Luís
f2e5ab36-9652-4a8d-80a6-e9adea5ee5d0,5,B,Que situação hein,1,implicita,cansado,amizade,0,0,0,casual,,,,,São Luís
d688145c-a070-4ab0-877b-e92a75a8fa8a,0,A,Que fim levou tu?,1,explicita,empolgado,amizade,0,1,1,praia,andar pela litorânea,sábado de noite,no Chopp da Fábrica,,São Luís
032d01dd-570a-400d-adb7-d0e31a3111f8,2,A,"Oi, tudo bem? bora beber cerveja no São Luís Shopping?",1,explicita,apaixonado,match_tinder,0,1,1,bar,beber cerveja,hoje depois das 19h,no São Luís Shopping,bar,São Luís
ba61d058-b9b5-4b56-9322-ddd44a121e86,2,A,Oi criatura a gente podia aproveitar e comer um lanche hoje à noite?? 😩,1,explicita,carente,match_tinder,0,1,1,gastronomico,comer um lanche,hoje à noite,no Rio Anil Shopping,lanche,São Luís
3a7ba86a-a35b-4d61-94ab-d371a33a1199,1,B,demais mesmo slk,1,explicita,apaixonado,ficante,1,1,1,casual,comer açaí na tigela,domingo no fim da tarde,na Praia do Olho d'Água,açaí,São Luís
ae39fffe-5536-4a29-921d-ad9e27d4400a,4,A,Não entendo sinais nenhum. 💀,0,none,animado,ficante,0,0,0,none,,,,,São Luís
33b2124b-430b-4cca-8ebb-276863700b3b,7,B,Verdade demais 😩,0,none,carente,ficante,0,0,0,none,,,,,São Luís
83ed66c7-6c35-4704-ae32-33be1179a8e9,2,A,Topei!,1,explicita,estressado,namoro,1,1,1,casual,andar de carro sem rumo,depois da prova,ali no Vinhais,,São Luís
6e720a00-5c7c-40b7-b42f-354a3c159f89,4,A,Hoje eu precisava ver alguém legal slk,1,implicita,empolgado,crush,0,0,0,casual,,,,,São Luís
88307367-7c1c-4a0e-a5f4-013b6da069bb,0,A,Oi criatura,1,explicita,feliz,namoro,0,1,1,casual,ouvir música ao vivo,depois da prova,no Haruki,bar,São Luís
b03d7411-2f1c-4900-8f04-8a82383a654b,3,B,A vida é assim mesmo néééé,1,implicita,estressado,namoro,0,0,0,casual,,,,,São Luís
79d11238-deef-4741-b53e-0e5c72f26971,4,A,Bora sim,1,explicita,empolgado,amizade,0,1,1,praia,ir pra praia,de madrugada mesmo kkkkk,no The Rock Pub,praia,São Luís
0a103cb3-876f-4c51-943f-b56b48db048b,5,B,Opa simbora no Roots Bar mais tarde?,1,explicita,feliz,contatinho,0,1,1,casual,ouvir música ao vivo,sexta depois da faculdade,no Roots Bar,bar,São Luís
2d8bd24a-fe84-42d6-9254-24de132092c4,5,B,Tô no mesmo barco,0,none,estressado,match_tinder,0,0,0,none,,,,,São Luís
080abe56-ed68-450a-91c6-c0ea15afdc24,1,B,Parece a minha semanna,1,explicita,apaixonado,match_tinder,0,1,1,casual,ouvir música ao vivo,nesse final de semana,no Ceprama,bar,São Luís
f98639e0-5dfe-4a47-a6d9-98b074346fdc,2,A,minha internet caiu de novo. socorro,1,explicita,entediado,namoro,0,1,1,bar,ir num barzinho,domingo de manhã,no Golden Shopping,bar,São Luís
d5d43cc0-12ef-4464-8755-78659e4e3a85,1,B,Boa sorte aí kkk,0,none,empolgado,colega_trabalho,0,0,0,none,,,,,São Luís
a9223afe-4ec4-4f45-a9a0-fdaf5c7bd0c0,5,B,A vida é assim mesmo né,0,none,triste,ficante,0,0,0,none,,,,,São Luís
a198eec5-512f-4874-98c0-e7632b6b3b2c,0,A,E aí gata,0,none,carente,ficante,0,0,0,none,,,,,São Luís
5dbe5def-8fd5-4518-9106-7dfa012e80d6,1,B,O São João tá chegando,1,explicita,empolgado,colega_trabalho,0,1,1,casual,ficar conversando,depois da prova,no Rio Anil Shopping,,São Luís
6a0eba87-5760-4bce-888f-d9ae29c80578,3,B,Passei o dia ouvindo reggae,0,none,animado,match_tinder,0,0,0,none,,,,,São Luís
54c822f8-2a77-4552-974f-9cb5730c874b,3,B,Boa sorte aí kkkk misericórdia,1,explicita,saudoso,amizade,0,1,1,gastronomico,lançar um sushi,hoje depois das 19h,lá pras bandas do Turu,sushi,São Luís
e8dfacf8-7d29-47cd-adb7-3982de9f5529,0,A,Que fim levou tu?,1,explicita,triste,match_tinder,0,1,1,gastronomico,comer hambúrguer,quando acabar esse calor infernal,no Golden Shopping,hambúrguer,São Luís
6d0d2b06-d50e-469e-8d56-7265cedd7f7d,4,A,tu sempre some quando eu quero sair. vei,1,implicita,entediado,namoro,0,0,0,casual,,,,,São Luís
5150ef08-ffee-4497-af3f-a632cd2dec12,5,B,Que horas?,1,explicita,animado,crush,0,1,1,gastronomico,comer um lanche,hoje à noite,lá pras bandas do Turu,lanche,São Luís
35d3665a-352f-426b-988f-373713fff7c6,5,B,Ei sumiço tava afim de comer pastel lá no Cohatracc 😩,1,explicita,entediado,namoro,0,1,1,gastronomico,comer pastel,depois do estágio,lá no Cohatrac,pastel,São Luís
a045410e-ab8a-47b5-a967-7139f861e48d,5,B,Que sufoco oxe,0,none,cansado,ficante,0,0,0,none,,,,,São Luís
20dd1655-7eb3-4a05-8d1a-63b6ad646f79,0,A,Tu tá onde?,1,explicita,triste,namoro,0,1,1,praia,tomar café gelado,quando tu sair da faculdade,num café ali no Renascença,café,São Luís
363847a8-ed9d-4daf-8abf-1c5d64501106,2,A,essa semana foi pesada demais.,1,explicita,entediado,namoro,0,1,1,praia,tomar um energético,amanhã,no Centro Histórico,bar,São Luís
ea47f3a6-e1d4-4c37-b536-b17f1a0e7b58,0,A,Que fim levou tu??? vei,1,explicita,feliz,colega_trabalho,1,1,1,praia,andar pela litorânea,domingo no fim da tarde,no Coco Bambu,,São Luís
509482db-43a1-4b4d-bb63-b96ebdf69225,1,B,Que situação hein,0,none,animado,namoro,0,0,0,none,,,,,São Luís
0071d262-f376-4072-8cfc-92d615467191,4,A,e aí meu patrão bora sair pra ir pra praia??,1,explicita,entediado,ex,0,1,1,praia,ir pra praia,nesse final de semana,no Golden Shopping,praia,São Luís
9f43fdf2-9f0f-47fa-a5e9-da510e6ffc80,3,B,tô esperando o horário 🤣,1,explicita,apaixonado,contatinho,0,1,1,bar,ir num barzinho,domingo de manhã,na Praia de São Marcos,bar,São Luís
6d009867-7c55-4713-a0aa-412b8e1e5d18,0,A,Sobreviveu à semana?,1,explicita,carente,crush,0,1,1,praia,tomar um açaí,de madrugada mesmo kkkkk,lá no Cohatrac,açaí,São Luís
d58161bf-78a6-42d6-af0c-cc08cd7a9b2c,1,B,Que sufoco,1,explicita,feliz,amizade,0,1,1,gastronomico,lançar um sushi,quando acabar esse calor infernal,no Bar do Léo,sushi,São Luís
669cd463-c609-4740-a3e8-6e0598f731eb,2,A,Não consegui prar um minuto hoje. socorro,0,none,apaixonado,crush,0,0,0,none,,,,,São Luís
fd9b3a61-2ebf-4306-83e4-1f0fd2bbf955,4,A,Essa semana foi pesada demais slk,1,explicita,apaixonado,namoro,1,1,1,praia,tomar sorvete,sábado à tarde,no Amsterdam Music Pub,sorvete,São Luís
f3cdb646-fd25-4846-b7d3-8a808e9b7046,0,A,Oi sumida,1,explicita,entediado,amizade,0,1,1,casual,comer açaí na tigela,hoje à noite,ali no Renascença,açaí,São Luís
92c14648-b607-4102-8ad1-5be64d351d28,5,B,Oxe que isso 🤣,1,implicita,entediado,namoro,0,0,0,casual,,,,,São Luís
ee3d6104-68dd-46e5-9b55-8dc6295f6ba9,5,B,Que situação hein,0,none,empolgado,colega_trabalho,0,0,0,none,,,,,São Luís
b3025af6-d178-4735-9a26-2e43b2112ba3,2,A,Tô atolado de trabalho da faculdade. kkkk,0,none,feliz,match_tinder,0,0,0,none,,,,,São Luís
7977be07-e916-447f-8d9e-669c52e9d14b,6,A,Que horas?,1,explicita,apaixonado,ex,1,1,1,praia,ver o pôr do sol,domingo de manhã,no Buteko,,São Luís
cd47b5f7-9ca4-4cb9-b7ea-420722600a4b,3,B,Demais mesmo slk,1,explicita,feliz,contatinho,1,1,1,gastronomico,comer tapioca,domingo de manhã,lá pras bandas do Turu,tapioca,São Luís
b513a416-a91a-4316-af88-f40a3f5a68b9,0,A,E aí? vei,1,implicita,triste,namoro,0,0,0,casual,,,,,São Luís
ff32f215-6044-4035-ba39-2a64e213f884,3,B,Tô dentro ❤❤❤️ 😩,1,explicita,saudoso,ex,0,1,1,bar,beber cerveja,quando tu sair da faculdade,no The Rock Pub,bar,São Luís
056d783e-7f32-45f6-937e-19a6d835568b,5,B,A aula prática foi intensa hoje. olha,0,none,triste,colega_trabalho,0,0,0,none,,,,,São Luís
6aa2c7c9-7c19-447a-88fb-2e6ab7149bc4,1,B,parece a minha semana kkkkkkk,0,none,apaixonado,contatinho,0,0,0,none,,,,,São Luís
a8a7f8b0-7efa-47df-9efb-f9a900459145,1,B,"o São João tá chegando, você vai no São João? 😩",1,explicita,apaixonado,match_tinder,1,1,1,praia,tomar um litrão,sábado de noite,no Roots Bar,bar,São Luís
e8c9f563-d1ad-457c-a256-1f98d33428f4,4,A,Queria companhia pra hooje,1,implicita,cansado,ficante,1,0,0,casual,,,,,São Luís
c42c58e2-c6b7-4f75-9b16-64684120a88a,1,B,Meu deploy quebrou tudo.,0,none,carente,contatinho,0,0,0,none,,,,,São Luís
ce9887d5-70b9-433d-b7a1-99b2fe87117b,3,B,opa topa tomar um drink amanhã? né não,1,explicita,triste,colega_trabalho,0,1,1,praia,tomar um drink,amanhã,na Praia do Calhau,bar,São Luís
1d04ffd3-a612-4d8f-b4b2-296361ed21dc,2,A,"o São João tá chegando, vc vai no São João?",1,explicita,triste,contatinho,1,1,1,praia,tomar sorvete,domingo de manhã,no Centro Histórico,sorvete,São Luís
8b44a8a2-f133-4b08-b441-4f7bd234a909,2,A,que horas?,1,implicita,cansado,amizade,0,0,0,casual,,,,,São Luís
1bef25e8-dec6-4d22-88d2-80ac50fe871f,2,A,Kkkkk conta essa história 😭,0,none,estressado,namoro,0,0,0,none,,,,,São Luís
97f4a960-0cb6-45b6-bbcd-f3136380505e,1,B,Irmão que sofrimento,0,none,cansado,ex,0,0,0,none,,,,,São Luís
efd900de-0ac6-4e3e-805d-d17fe3531550,0,A,Opa meu consagrado,0,none,saudoso,colega_trabalho,0,0,0,none,,,,,São Luís
669cd463-c609-4740-a3e8-6e0598f731eb,8,A,Meu estágio tá puxado demais.,0,none,apaixonado,crush,0,0,0,none,,,,,São Luís
4b977b73-6679-48e9-9627-c5bbb8e5ce54,5,B,Que sufoco,0,none,estressado,match_tinder,0,0,0,none,,,,,São Luís
056ba82c-0507-4f12-a5fa-a896f350facc,4,A,Passei o dia atendendo cliente kkkk,0,none,empolgado,ficante,0,0,0,none,,,,,São Luís
2072f936-9893-4b3d-a094-292d9856d59b,1,B,Kkkkk conta essa história,1,explicita,empolgado,ficante,0,1,1,casual,ouvir música ao vivo,domingo de manhã,no Cabana do Sol,bar,São Luís
0aba687a-d6aa-482a-b864-2a695efdda9f,5,B,Trabalhar por conta própria cansa viu,0,none,triste,contatinho,0,0,0,none,,,,,São Luís
33b2124b-430b-4cca-8ebb-276863700b3b,0,A,oii,0,none,carente,ficante,0,0,0,none,,,,,São Luís
d230670c-ba54-4e5f-99e1-618e06d6cb5b,2,A,oi sumida bora sair pra comer tapioca?,1,explicita,triste,colega_trabalho,0,1,1,gastronomico,comer tapioca,sábado de noite,no Cabana do Sol,tapioca,São Luís
e75fd67f-9888-43e6-bab9-bae887c1ed91,3,B,A vida é assim mesmo né 🤣,1,explicita,saudoso,crush,0,1,1,shopping,dar rolê no shopping,quando tu sair da faculdade,no Fitó,shopping,São Luís
748a254c-cbd9-4f75-aa10-2be0dd2c66ef,3,B,Passei o dia atolado de processo.,0,none,carente,crush,0,0,0,none,,,,,São Luís
9b6a0e89-91b9-40c2-8d5a-954abec52f71,5,B,Tô no mesmo barco,0,none,saudoso,colega_trabalho,0,0,0,none,,,,,São Luís
6b14d835-b02a-45fd-a9e3-87197d9feb58,4,A,Cálculo estrutural tá impossívelll.,0,none,empolgado,crush,0,0,0,none,,,,,São Luís
b2ba3692-cbdd-4630-af9e-090ccb491a4c,4,A,O calor hoje tá criminoso.,1,explicita,carente,ex,0,1,1,gastronomico,comer tapioca,depois do estágio,num café ali no Renascença,tapioca,São Luís
4d157dca-4259-4b14-a80a-08f5ad9c564f,2,A,Hoje combinava muito uma praia.,1,implicita,cansado,contatinho,1,0,0,casual,,,,,São Luís
b677ca82-7cac-4673-8196-9fccb3a5bfa2,2,A,Kkkkk conta essa história vei,0,none,cansado,namoro,0,0,0,none,,,,,São Luís
bbdf7f93-aa8e-410d-912c-d3bafd5150d3,6,A,Passei o dia atendendo cliente.,0,none,carente,ex,0,0,0,none,,,,,São Luís
21f4a253-743d-469a-979e-6db5e8ee1f05,6,A,Boa sorte aí kkk gente,0,none,estressado,contatinho,0,0,0,none,,,,,São Luís
5bc8b1fa-0517-4486-a202-31e860ab0943,1,B,Oxe que issssso,1,explicita,empolgado,contatinho,0,1,1,casual,ouvir música ao vivo,sábado à tarde,lá pras bandas do Turu,bar,São Luís
7b39c629-2a04-4023-af3a-0813932f2d68,4,A,Kkkkk conta essa história mah,1,explicita,animado,match_tinder,0,1,1,casual,comer açaí na tigela,domingo de manhã,no Haruki,açaí,São Luís
6afac418-92e6-4d36-b6fc-cdc403e7d570,7,B,Minha mãe já tá perguntando quando vou casar mds,0,none,cansado,contatinho,0,0,0,none,,,,,São Luís
669cd463-c609-4740-a3e8-6e0598f731eb,7,B,Meu estágio tá cheio essa semana,0,none,apaixonado,crush,0,0,0,none,,,,,São Luís
7292f919-6ea9-431a-8bb7-718c59f5d5c5,0,A,Opa meu consagrado 😩,1,implicita,triste,amizade,0,0,0,casual,,,,,São Luís
92c14648-b607-4102-8ad1-5be64d351d28,3,B,Verdade demaiss 😩,1,implicita,entediado,namoro,0,0,0,casual,,,,,São Luís
8ed60e73-f82d-49b8-963a-afe8d085d28d,1,B,Como tu tá? tava afim de comer uma pizza no Anjo da Guarda,1,explicita,feliz,contatinho,0,1,1,gastronomico,comer uma pizza,sexta depois da faculdade,no Anjo da Guarda,pizza,São Luís
88307367-7c1c-4a0e-a5f4-013b6da069bb,4,A,São Luís virou um forno,1,explicita,feliz,namoro,0,1,1,casual,ouvir música ao vivo,depois da prova,no Haruki,bar,São Luís
2d8bd24a-fe84-42d6-9254-24de132092c4,0,A,falaa,0,none,estressado,match_tinder,0,0,0,none,,,,,São Luís
4e4c2560-be9d-4e42-98b9-6f840228ddb7,0,A,Meu Deus tu sumiu,1,explicita,feliz,namoro,1,1,1,casual,comer açaí na tigela,amanhã,na Coffeetown,açaí,São Luís
b702097f-2fba-4046-8267-1221840dd597,4,A,Oi criatura simbora no Armazém mais tarde? kkkk,1,explicita,animado,crush,0,1,1,gastronomico,lançar um sushi,quando acabar esse calor infernal,no Armazém,sushi,São Luís
b43e56ef-dbd3-4812-ad7f-0b9d05c6bee2,0,A,Opa mah,0,none,estressado,ficante,0,0,0,none,,,,,São Luís
83ed5ec8-860a-46a6-82d9-6e08ba334538,0,A,como tu tá???? 🤣,1,explicita,saudoso,amizade,0,1,1,casual,comer açaí na tigela,nesse final de semana,no Rio Anil Shopping,açaí,São Luís
d58161bf-78a6-42d6-af0c-cc08cd7a9b2c,5,B,Nem me fala,1,explicita,feliz,amizade,0,1,1,gastronomico,lançar um sushi,quando acabar esse calor infernal,no Bar do Léo,sushi,São Luís
74633f4d-c5e8-4b7c-bd32-922e22a7176a,4,A,boa sorte aí kkk mano,0,none,carente,crush,0,0,0,none,,,,,São Luís
a1ef105e-ee1c-4f5b-8727-db05679b4657,3,B,Passei a madrugada editando vídeo.,0,none,cansado,ex,0,0,0,none,,,,,São Luís
37510ff5-cba9-4321-a50f-39a1ff160d2f,2,A,Passei o dia resolvendo coisa de banco,0,none,empolgado,colega_trabalho,0,0,0,none,,,,,São Luís
8395e683-77b5-45e1-8d93-0fd2659be800,3,B,o sistema caiu de novvvo,0,none,empolgado,contatinho,0,0,0,none,,,,,São Luís
8691e9c8-64b9-4cf4-8711-b17233e9eb27,1,B,A vida é assim mesmo né,1,implicita,estressado,namoro,0,0,0,casual,,,,,São Luís
c4638875-e9fa-43e8-9b04-d27848f497f9,9,B,Minha maquete desmontou toda mds,0,none,saudoso,namoro,0,0,0,none,,,,,São Luís
3603f8ea-080b-41a1-96fa-647eb0e9f372,2,A,Peguei ônibus lotado hoje ceddo,1,implicita,triste,crush,0,0,0,casual,,,,,São Luís
a38b47b6-fbc2-48e2-a30a-763fa62ff2aa,1,B,Nem me fala pai d'égua,1,explicita,cansado,match_tinder,1,1,1,praia,andar pela litorânea,quando tu sair da faculdade,no Outback,,São Luís
1362e2bd-4b4b-4adb-afb8-c6e6fbe76dfb,3,B,eu entendo viu,1,implicita,entediado,amizade,0,0,0,casual,,,,,São Luís
50aa0f3e-b8a4-452d-b1b4-27b2a863f7a2,1,B,Irmão que sofrimento,1,explicita,estressado,colega_trabalho,1,1,1,gastronomico,comer tapioca,amanhã depois da aula,na praça de alimentação do Rio Anil,tapioca,São Luís
44200654-2ca6-4e28-b9c6-fbeab7e0fe4c,1,B,Kkkkk conta essa história né não,1,implicita,estressado,crush,0,0,0,casual,,,,,São Luís
37a38461-4513-425b-bffd-51b83024d4ce,6,A,A obra do tágio tá uma loucura.,0,none,animado,crush,0,0,0,none,,,,,São Luís
3274f426-f2dc-4a17-b65c-16e3dc26c250,2,A,Essa cidade tá parada hoje pai d'égua,1,implicita,cansado,amizade,0,0,0,casual,,,,,São Luís
b28233ae-c622-42ab-8605-222f80352cd9,3,B,passei a manhã resolvendo boleto..,1,explicita,entediado,amizade,1,1,1,shopping,dar rolê no shopping,domingo de manhã,no Centro Histórico,shopping,São Luís
95b003fa-3dd1-47f0-998c-40fc85fe0b9c,3,B,Tô esperando o horário,1,implicita,animado,namoro,0,0,0,casual,,,,,São Luís
fb38136e-da2d-4720-8d30-0ea12f9df4b7,0,A,Sobreviveu à semana? kkkk,0,none,carente,crush,0,0,0,none,,,,,São Luís
34994397-2e5c-4367-b254-63216fbb5322,0,A,E aí?,1,explicita,apaixonado,amizade,1,1,1,gastronomico,comer tapioca,sexta depois da faculdade,no Seu Boteco,tapioca,São Luís
ba38ffbd-9738-4fcc-9f53-53dc01678463,0,A,Partiu rolê hoje?,0,none,animado,ex,0,0,0,none,,,,,São Luís
10dcc765-4233-4c24-bb34-211af8cef4b8,3,B,Kkkkk conta essa história,0,none,apaixonado,colega_trabalho,0,0,0,none,,,,,São Luís
d6a3e583-6601-4b9f-adc3-6359c2504774,8,A,Eu entendo viu,0,none,carente,ficante,0,0,0,none,,,,,São Luís
a67329d5-10fa-448d-9b2b-d283e9e74c82,0,A,Opa meu consagrado,1,explicita,feliz,ex,0,1,1,praia,tomar um litrão,de madrugada mesmo kkkkk,na Praia do Araçagy,bar,São Luís
d8556b18-38bd-4d76-b5ef-d6476008a84c,1,B,Oxe que isso kkkk,1,explicita,saudoso,crush,1,1,1,praia,tomar um energético,nesse final de semana,na praça de alimentação do Rio Anil,bar,São Luís
ccf5040c-e1d0-40ed-b9ab-e3803aec0d59,1,B,A vida é assim mesmo né,1,explicita,entediado,crush,0,1,1,praia,ir pra praia,sexta depois da faculdade,no Haruki,praia,São Luís
6497d2b8-ad04-4e2e-8a2a-ea9d10470d4f,5,B,Nossa sim!!! misericórdia,1,implicita,saudoso,contatinho,0,0,0,casual,,,,,São Luís
01e94c64-86bf-4826-ad1f-9cf63641e3ca,9,B,Kkkkk conta essa história,0,none,entediado,match_tinder,0,0,0,none,,,,,São Luís
6497d2b8-ad04-4e2e-8a2a-ea9d10470d4f,2,A,Que sufoco,1,implicita,saudoso,contatinho,0,0,0,casual,,,,,São Luís
94873b2c-cc4a-41f0-b28d-8d94e2f327b0,9,B,verdade demais 😩,0,none,entediado,ex,0,0,0,none,,,,,São Luís
b9cdb4fb-8eb8-4237-8b88-4a0b53ac36ff,4,A,Essa cidade tá parada hoje. oxe,1,explicita,animado,amizade,0,1,1,praia,tomar um litrão,hoje depois das 19h,na Fonte do Ribeirão,bar,São Luís
38cd2be7-4856-42bf-b554-17b8c8ab1c18,5,B,Tu sempre some quando eu quero sairrrr.,1,implicita,animado,ficante,1,0,0,casual,,,,,São Luís
b9cdb4fb-8eb8-4237-8b88-4a0b53ac36ff,3,B,Parece a minha semana cara,1,explicita,animado,amizade,0,1,1,praia,tomar um litrão,hoje depois das 19h,na Fonte do Ribeirão,bar,São Luís
04349358-d2ec-47ed-bf61-345156656045,4,A,O PIX caiu só agora,1,explicita,estressado,ficante,0,1,1,cinema,assistir filme,hoje depois das 19h,no Centro Histórico,cinema,São Luís
0b5838d9-2e87-4416-b973-c24d511a6eae,1,B,a gente ainda vai naquele lugar que tu falou.,1,implicita,carente,crush,0,0,0,casual,,,,,São Luís
21e045bc-106e-4e0d-a05b-de54cf49d20c,2,A,Tô no mesmo barcco 😭,0,none,saudoso,ficante,0,0,0,none,,,,,São Luís
df87762d-e8ec-47c0-bc7f-871cb9dd279b,0,A,Falaa,1,implicita,estressado,colega_trabalho,0,0,0,casual,,,,,São Luís
c72afa4e-54c9-430a-9c2a-7f3abe69d39f,4,A,Essa chuva apareceu do nada.,1,explicita,triste,namoro,0,1,1,casual,ver as luzes da cidade,depois do estágio,no Centro Histórico,,São Luís
aff51697-82d1-479f-8286-6d975cdacbc2,0,A,E aí meu patrão misericórdia,1,explicita,carente,colega_trabalho,0,1,1,gastronomico,comer tapioca,sábado à tarde,na Praia de São Marcos,tapioca,São Luís
9f43fdf2-9f0f-47fa-a5e9-da510e6ffc80,2,A,Partiu rolê hoje? simbora na Praia de São Marcos mais tarde? aff,1,explicita,apaixonado,contatinho,0,1,1,bar,ir num barzinho,domingo de manhã,na Praia de São Marcos,bar,São Luís
ea91fa4b-b440-4862-a47d-22ae1d67ae66,2,A,a aula de psicopatologia acabou comigo,0,none,saudoso,contatinho,0,0,0,none,,,,,São Luís
509519da-5a16-41e2-ae2b-cc2fa96c9064,0,A,Partiu rolê hoje? mds,1,explicita,feliz,match_tinder,0,1,1,casual,andar de carro sem rumo,sábado de noite,na Praia do Olho d'Água,,São Luís
f82739f9-e3a2-4cb1-85a4-83dc9437c29d,1,B,Estrutura de dados tá me humilhando.,0,none,entediado,amizade,0,0,0,none,,,,,São Luís
363847a8-ed9d-4daf-8abf-1c5d64501106,7,B,já tô pronto(a),1,explicita,entediado,namoro,0,1,1,praia,tomar um energético,amanhã,no Centro Histórico,bar,São Luís
6f690fde-f33f-4863-8b6f-b52bb59c95f8,3,B,nem me fala,1,explicita,carente,contatinho,1,1,1,praia,tomar um litrão,depois do estágio,na Praia do Calhau,bar,São Luís
742fa203-8176-4eed-b184-7811cfbf3f91,1,B,Opa simbora na Praia do Calhau mais tarde?,1,explicita,saudoso,ficante,0,1,1,praia,comer um camarão,quando tu sair da faculdade,na Praia do Calhau,frutos do mar,São Luís
d94f6fdd-558a-428d-bced-21f5aef52d37,5,B,meu grupo mudou toda a campanha de última hora.,0,none,saudoso,colega_trabalho,0,0,0,none,,,,,São Luís
37510ff5-cba9-4321-a50f-39a1ff160d2f,6,A,Hoje o treino de perna destruiu minha existência. slk,0,none,empolgado,colega_trabalho,0,0,0,none,,,,,São Luís
eb2f5b6d-00fc-495d-a35b-ea1dbdfb26f5,2,A,Essa chuva apareceu do nada,1,explicita,triste,match_tinder,1,1,1,gastronomico,comer pastel,hoje à noite,na Feirinha São Luís,pastel,São Luís
25476530-ddd9-413b-9d1d-37d9046d3f67,0,A,e aí doido pai d'égua,1,explicita,animado,match_tinder,0,1,1,gastronomico,comer sushi,quando acabar esse calor infernal,no Vignoli,sushi,São Luís
70331df1-25b1-4d31-acf6-60494227fdc7,0,A,E aí doido,0,none,estressado,match_tinder,0,0,0,none,,,,,São Luís
887e5dd4-37c2-49a9-9ab9-10b8c8c5f6a8,0,A,E aí doido kkkkkkk,1,explicita,cansado,contatinho,1,1,1,bar,beber cerveja,sábado à tarde,ali no Renascença,bar,São Luís
b12ee2e8-25af-488f-8cea-9b4fd5336fb3,0,A,Ei sumiççço,1,explicita,triste,colega_trabalho,0,1,1,gastronomico,comer um lanche,domingo no fim da tarde,no Espigão Costeiro,lanche,São Luís
aa32e92f-9316-46be-8162-6ef1c680aeae,7,B,minha mãe já tá perguntando quando vou casar.,0,none,carente,ex,0,0,0,none,,,,,São Luís
b28233ae-c622-42ab-8605-222f80352cd9,4,A,Partiu rolê hoje? bora sair pra dar rolê no shopping? mah,1,explicita,entediado,amizade,1,1,1,shopping,dar rolê no shopping,domingo de manhã,no Centro Histórico,shopping,São Luís
dc282a3e-e9ae-43dc-a65b-bbe0684e1fea,3,B,Boa sorte aí kkk,1,implicita,carente,ficante,0,0,0,casual,,,,,São Luís
38cd2be7-4856-42bf-b554-17b8c8ab1c18,1,B,"essa chuva apareceu do nada, vc vai no forró universitário?",1,implicita,animado,ficante,1,0,0,casual,,,,,São Luís
3c8119fa-f4c3-4f2b-a6af-31d0caec14fe,2,A,"essa semana foi pesada demais, você vai no São João?",1,explicita,saudoso,ex,1,1,1,praia,tomar café gelado,quando acabar esse calor infernal,lá pras bandas do Turu,café,São Luís
c72afa4e-54c9-430a-9c2a-7f3abe69d39f,3,B,nem me fala,1,explicita,triste,namoro,0,1,1,casual,ver as luzes da cidade,depois do estágio,no Centro Histórico,,São Luís
97f4a960-0cb6-45b6-bbcd-f3136380505e,7,B,tô no mesmo barco 💀,0,none,cansado,ex,0,0,0,none,,,,,São Luís
66bbc389-05e6-4aec-8d46-4246a2382539,3,B,Já tô pronto(a) hahaha,1,explicita,saudoso,amizade,0,1,1,casual,dar uma volta,depois da prova,ali no Renascença,,São Luís
d5e151e8-fef9-4865-bd0a-f7672336957b,0,A,tu tá ondddde? 💀,1,explicita,saudoso,ex,0,1,1,casual,andar de carro sem rumo,quando tu sair da faculdade,no Anjo da Guarda,,São Luís
f2e5ab36-9652-4a8d-80a6-e9adea5ee5d0,6,A,Saudade de sair com tu.,1,implicita,cansado,amizade,0,0,0,casual,,,,,São Luís
a605ae25-a61e-4d22-b6a7-b6bae7b22514,3,B,Passei o dia atendendo cliente..,0,none,cansado,ficante,0,0,0,none,,,,,São Luís
0a103cb3-876f-4c51-943f-b56b48db048b,2,A,Kkkkk conta essa história mds,1,explicita,feliz,contatinho,0,1,1,casual,ouvir música ao vivo,sexta depois da faculdade,no Roots Bar,bar,São Luís
47965fb3-d4c7-464f-8218-242cdfcdd9ee,1,B,Tu tá onde? tu vai fazer o que hoje? bora comer açaí na tigela,1,explicita,apaixonado,colega_trabalho,0,1,1,casual,comer açaí na tigela,depois da prova,na extensão da Litorânea,açaí,São Luís
74633f4d-c5e8-4b7c-bd32-922e22a7176a,3,B,Tô atolado de trabalho da faculdade 😩,0,none,carente,crush,0,0,0,none,,,,,São Luís
c051fb15-5dba-4973-a911-39b28d39b664,4,A,Nossa sim!,1,explicita,animado,namoro,0,1,1,gastronomico,comer tapioca,hoje,no Centro Histórico,tapioca,São Luís
7622b0a1-1ec8-49cf-b78e-83f86a803afb,2,A,E aí gata depois da aula a gente podia tomar sorvete,1,explicita,apaixonado,contatinho,1,1,1,praia,tomar sorvete,sábado à tarde,no Ceprama,sorvete,São Luís
3abd519d-0e16-47fa-b036-f475ca773979,2,A,Minha internet caiu de novo hahaha,1,implicita,empolgado,ficante,0,0,0,casual,,,,,São Luís
056d783e-7f32-45f6-937e-19a6d835568b,2,A,Passei o dia mandando currícullo.,0,none,triste,colega_trabalho,0,0,0,none,,,,,São Luís
7d7b1ab0-d8d0-46fa-8591-2f20f7d3c0f3,1,B,Passei o dia atolado de processo. né não,0,none,saudoso,ficante,0,0,0,none,,,,,São Luís
9c39b3bf-71f0-4121-a416-070cad08b9b1,3,B,partiu rolê hoje? partiu no fitó hoje?,1,explicita,feliz,crush,0,1,1,praia,ver o mar,quando tu sair da faculdade,no Fitó,,São Luís
e8c9f563-d1ad-457c-a256-1f98d33428f4,3,B,Tá brincando olha,1,implicita,cansado,ficante,1,0,0,casual,,,,,São Luís
44200654-2ca6-4e28-b9c6-fbeab7e0fe4c,4,A,O São João tá chegando.,1,implicita,estressado,crush,0,0,0,casual,,,,,São Luís
669b4bc8-e575-44ee-81d3-0810ec367a2e,2,A,Tô dentro ❤️,1,implicita,cansado,ficante,0,0,0,casual,,,,,São Luís
3603f8ea-080b-41a1-96fa-647eb0e9f372,0,A,Bora viver?,1,implicita,triste,crush,0,0,0,casual,,,,,São Luís
29e737c2-9a6d-45ad-8f0c-06e2355cb122,2,A,O PIX caiu só agora. 💀,1,implicita,saudoso,amizade,0,0,0,casual,,,,,São Luís
af665044-0564-4d95-ad02-fdd862360d36,5,B,A vida adulta é cruel demais.,0,none,saudoso,namoro,0,0,0,none,,,,,São Luís
e79a2a42-5b3a-472a-a694-339361802665,3,B,eu entendo viu,0,none,saudoso,contatinho,0,0,0,none,,,,,São Luís
ea47f3a6-e1d4-4c37-b536-b17f1a0e7b58,1,B,"esse calor tá insuportável, vc vai no são joão? mds",1,explicita,feliz,colega_trabalho,1,1,1,praia,andar pela litorânea,domingo no fim da tarde,no Coco Bambu,,São Luís
7d7b1ab0-d8d0-46fa-8591-2f20f7d3c0f3,3,B,microscopia acabou comigo.,0,none,saudoso,ficante,0,0,0,none,,,,,São Luís
8ba29da5-dd09-46b7-8581-1cd50b7741ac,1,B,A vida é assim mesmo né oxe,0,none,estressado,namoro,0,0,0,none,,,,,São Luís
df76e2ec-ddf7-463a-ab79-84d5b7eb0284,3,B,Eu entendo viu,1,explicita,animado,crush,0,1,1,casual,jogar sinuca,mais tarde,na Praia do Araçagy,bar,São Luís
cd50f3da-c0cb-4f49-95b8-7c8b67f66729,0,A,ei sumiço,1,implicita,saudoso,ficante,0,0,0,casual,,,,,São Luís
1e66d2bf-79cd-4d67-a491-e64edfc9d8f5,0,A,oi meu amor,0,none,triste,ex,0,0,0,none,,,,,São Luís
76fcf41c-7f4f-479e-91cc-7bf420082ea0,8,A,Boa sorte aí kkk,0,none,saudoso,crush,0,0,0,none,,,,,São Luís
b9d2dd27-db52-4a0f-8ea5-e785fcf7f703,5,B,Boa sorte aí kkkkkk gente,0,none,cansado,crush,0,0,0,none,,,,,São Luís
e3e24ad2-1e9a-4cf9-beb9-bb3cb21c4137,0,A,Tu tá onde? 💀,1,implicita,entediado,ficante,0,0,0,casual,,,,,São Luís
1b651d15-70fd-4aae-8cae-820557c46ae9,0,A,"Oi, tudo bem? mds",1,explicita,empolgado,colega_trabalho,0,1,1,praia,ir pra praia,mais tarde,ali no Renascença,praia,São Luís
dc0ae5fc-7795-4224-bc8f-8e90ea1b5ae5,3,B,Topei!,1,implicita,apaixonado,namoro,0,0,0,casual,,,,,São Luís
6aa2c7c9-7c19-447a-88fb-2e6ab7149bc4,6,A,Tô no mesmo barco,0,none,apaixonado,contatinho,0,0,0,none,,,,,São Luís
e87287bf-cd72-4a84-97e5-ee55a138094f,8,A,kkkkk conta essa história,0,none,carente,crush,0,0,0,none,,,,,São Luís
24a1529c-66ce-40d4-9041-0e26749124c4,1,B,Eu entendo viu,1,explicita,carente,ex,0,1,1,shopping,dar rolê no shopping,de madrugada mesmo kkkkk,no Armazém,shopping,São Luís
dc670182-c558-4a36-b1a4-ed1bd52adb03,0,A,E aí meu patrão 💀,1,explicita,empolgado,ex,0,1,1,praia,ir pra praia,domingo de manhã,no Kitaro,praia,São Luís
6beeaa88-4cfe-4dd1-bdec-66ce1c629386,5,B,Oxe que isso,1,explicita,apaixonado,crush,0,1,1,praia,tomar um açaí,sexta depois da faculdade,no Amsterdam Music Pub,açaí,São Luís
6bac1c8c-bc5e-4b65-89d2-e4f92f04a5b3,0,A,Opa meu consagradddo,1,explicita,animado,contatinho,0,1,1,praia,tomar um açaí,hoje depois das 19h,no Armazém,açaí,São Luís
9a21b7fe-b061-4064-b585-bb2ba26169ea,2,A,opa meu consagrado simbora no anjo da guarda mais tarddde?,1,explicita,estressado,contatinho,0,1,1,gastronomico,comer hambúrguer,quando tu sair da faculdade,no Anjo da Guarda,hambúrguer,São Luís
61d8ce67-f2e5-439a-a5c5-b8fff6780fe2,4,A,Essa chuva apareceu do nada,1,implicita,entediado,crush,0,0,0,casual,,,,,São Luís
8ba29da5-dd09-46b7-8581-1cd50b7741ac,5,B,Parece a minha semana,0,none,estressado,namoro,0,0,0,none,,,,,São Luís
b437e079-4687-43d3-b7ac-9b4e762c8027,2,A,Opa meu consagrado tu anima ir no Golden Shopping comigo?,1,explicita,cansado,contatinho,0,1,1,praia,tomar um drink,mais tarde,no Golden Shopping,bar,São Luís
7d55fab9-0a22-443f-a758-996a8d28186a,3,B,meu personal quase me matou hoje. hahaha,0,none,animado,match_tinder,0,0,0,none,,,,,São Luís
185c6b18-959c-4dd8-9599-f6258f1de6fe,6,A,Opa topa comer um lanche amanhã depois da aula?,1,explicita,saudoso,colega_trabalho,1,1,1,gastronomico,comer um lanche,amanhã depois da aula,na Praia do Calhau,lanche,São Luís
0865c382-a377-48cb-b0c8-2b9d67c7af1a,4,A,Meu time conseguiu perder uma partida impossível.,0,none,carente,ficante,0,0,0,none,,,,,São Luís
e75fd67f-9888-43e6-bab9-bae887c1ed91,0,A,E aí meu patrão,1,explicita,saudoso,crush,0,1,1,shopping,dar rolê no shopping,quando tu sair da faculdade,no Fitó,shopping,São Luís
f2e5ab36-9652-4a8d-80a6-e9adea5ee5d0,4,A,Essa chuva apareceu do nada,1,implicita,cansado,amizade,0,0,0,casual,,,,,São Luís
2ab92ea3-1539-4498-ac28-2d71b7196ef4,1,B,a vida é assim mesmo né,0,none,carente,ficante,0,0,0,none,,,,,São Luís
2b46a9f2-b160-4e7d-94db-ac5aa811ea1b,4,A,Tá brincando,0,none,feliz,crush,0,0,0,none,,,,,São Luís
2da296b2-e584-4c09-a7ca-dae9323f63ce,2,A,Opa meu consagrado vamo nessa assistir filme depois?,1,explicita,entediado,contatinho,0,1,1,cinema,assistir filme,amanhã,na Praia do Olho d'Água,cinema,São Luís
c31ed6ca-3bae-4075-a3d0-25c2948a353a,1,B,A vida é assim mesmo né,1,implicita,apaixonado,colega_trabalho,0,0,0,casual,,,,,São Luís
f2e5ab36-9652-4a8d-80a6-e9adea5ee5d0,3,B,Eu entendo viu 🤣,1,implicita,cansado,amizade,0,0,0,casual,,,,,São Luís
6b14d835-b02a-45fd-a9e3-87197d9feb58,6,A,Hoje foi só apagar incêndio gente,0,none,empolgado,crush,0,0,0,none,,,,,São Luís
80eb4ad1-21be-4796-9026-2f9d53d087c8,0,A,E aí meu patrão mah,0,none,empolgado,ex,0,0,0,none,,,,,São Luís
20bcf22d-7a06-479b-b89f-e939b8834849,3,B,Que horas? pai d'égua,1,explicita,animado,colega_trabalho,0,1,1,praia,comer um camarão,sábado à tarde,no Coco Bambu,frutos do mar,São Luís
d651f110-6a11-4ffb-897a-ac6ae554859c,7,B,Passei a madrugada renderizando projeto. kkkk,0,none,carente,match_tinder,0,0,0,none,,,,,São Luís
3274f426-f2dc-4a17-b65c-16e3dc26c250,4,A,fiquei preso no trânsito do cohafuma.,1,implicita,cansado,amizade,0,0,0,casual,,,,,São Luís
65be3a79-b59f-4dfe-9d5d-2c158d490c06,3,B,Tu sempre some quando eu quero sair.. socorro,1,implicita,empolgado,ex,0,0,0,casual,,,,,São Luís
cbe1c406-2732-4039-b727-5d5caa3f6061,0,A,Oii,1,implicita,cansado,contatinho,1,0,0,casual,,,,,São Luís
c24d9a5b-38bb-4304-98e0-07f65139625c,6,A,Saudade de sair com tu.,1,implicita,feliz,contatinho,0,0,0,casual,,,,,São Luís
056ba82c-0507-4f12-a5fa-a896f350facc,2,A,a pessoa simplesmente sumiu.,0,none,empolgado,ficante,0,0,0,none,,,,,São Luís
c31ed6ca-3bae-4075-a3d0-25c2948a353a,3,B,Que horas?,1,implicita,apaixonado,colega_trabalho,0,0,0,casual,,,,,São Luís
cc769da5-093e-40e6-a5a4-98b193bb73a9,0,A,Oii socorro,1,implicita,saudoso,ex,1,0,0,casual,,,,,São Luís
6c8af27b-d0db-4cfe-904d-65fe7b919985,1,B,Nem me fala,1,explicita,carente,contatinho,1,1,1,praia,tomar café gelado,domingo de manhã,lá no Cohatrac,café,São Luís
cd47b5f7-9ca4-4cb9-b7ea-420722600a4b,0,A,Meu Deus tu sumiu kkkk,1,explicita,feliz,contatinho,1,1,1,gastronomico,comer tapioca,domingo de manhã,lá pras bandas do Turu,tapioca,São Luís
ef2b2c99-3f05-4e19-ba3b-c4e8a51afa35,3,B,Irmão que sofrimento 💀,1,explicita,feliz,ex,1,1,1,praia,ver o pôr do sol,quando acabar esse calor infernal,no Anjo da Guarda,,São Luís
3194e5a3-a0e2-4c1b-b84b-9d3831446852,1,B,Eu entendo viu,0,none,apaixonado,colega_trabalho,0,0,0,none,,,,,São Luís
c2244181-e2b4-4e02-9b62-7ee5a281c328,0,A,Opa,0,none,estressado,contatinho,0,0,0,none,,,,,São Luís
2e8f949f-8556-48c3-8f5e-4eeedff13862,3,B,Boa sorte aí kkkkk,1,explicita,cansado,ex,0,1,1,bar,ir no reggae,domingo no fim da tarde,no Armazém,reggae,São Luís
06744053-84f4-478f-8682-be02ea5d6b90,2,A,Oi criatura vamos ir num barzinho na praça de alimentação do Rio Anil domingo de manhã?,1,explicita,triste,colega_trabalho,1,1,1,bar,ir num barzinho,domingo de manhã,na praça de alimentação do Rio Anil,bar,São Luís
94edf84e-91ab-48f8-bb44-f108db288bb1,6,A,Não entendo sinais nenhum....,0,none,apaixonado,amizade,0,0,0,none,,,,,São Luís
e79a2a42-5b3a-472a-a694-339361802665,5,B,A vida é assim mesmo né,0,none,saudoso,contatinho,0,0,0,none,,,,,São Luís
4a4e2234-2d2d-4bcb-b12c-f9ebdb71b715,3,B,Oxe que isso 😩,1,explicita,cansado,crush,0,1,1,praia,tomar um drink,quando acabar esse calor infernal,na Casa do Maranhão,bar,São Luís
fec8e565-50e0-4c59-8102-0653a140d8c2,0,A,bora viver?,1,explicita,animado,match_tinder,0,1,1,casual,jogar sinuca,hoje à noite,lá no Cohatrac,bar,São Luís
70331df1-25b1-4d31-acf6-60494227fdc7,8,A,Estrutura de dados tá me humilhanddddo. aff,0,none,estressado,match_tinder,0,0,0,none,,,,,São Luís
65be3a79-b59f-4dfe-9d5d-2c158d490c06,1,B,Que situação hein,1,implicita,empolgado,ex,0,0,0,casual,,,,,São Luís
056ba82c-0507-4f12-a5fa-a896f350facc,7,B,a vida é assim mesmo né,0,none,empolgado,ficante,0,0,0,none,,,,,São Luís
e3079087-d433-41e9-8b0a-a438f3263196,3,B,Que situação hein,1,explicita,entediado,crush,1,1,1,praia,tomar um açaí,sexta depois da faculdade,no Talking Blues,açaí,São Luís
8b970774-803c-47ea-af58-363e2c8ab364,1,B,Verdade demais 😩,1,implicita,apaixonado,ficante,1,0,0,casual,,,,,São Luís
0229e21e-22b9-4a59-a6e4-19855a9ac7bd,4,A,Oii bora sair pra comer pastel?,1,explicita,cansado,ficante,0,1,1,gastronomico,comer pastel,de madrugada mesmo kkkkk,no Anjo da Guarda,pastel,São Luís
1c6cae78-22f9-4616-88f3-0e5a3ad489ff,0,A,E aí meu patrão,1,explicita,carente,contatinho,0,1,1,bar,ir num barzinho,sábado à tarde,no Golden Shopping,bar,São Luís
6826df5d-f92c-426c-8467-e0e99aed9db5,2,A,E aí gata bora sair pra pegar um cinema? slk,1,explicita,saudoso,crush,1,1,1,cinema,pegar um cinema,mais tarde,no Haruki,cinema,São Luís
5d2fc3ca-3c9d-4448-ba82-aee3b8ea2175,3,B,Nunca fiz tanto cálculo alimentaaaar.,0,none,entediado,contatinho,0,0,0,none,,,,,São Luís
1c6cae78-22f9-4616-88f3-0e5a3ad489ff,1,B,Verdade demais 😩 mah,1,explicita,carente,contatinho,0,1,1,bar,ir num barzinho,sábado à tarde,no Golden Shopping,bar,São Luís
395d0251-c648-4c0e-80c6-7fa25ad2fc31,0,A,oi sumida,1,explicita,triste,contatinho,0,1,1,bar,ir num barzinho,amanhã depois da aula,no Bar do Léo,bar,São Luís
6c8af27b-d0db-4cfe-904d-65fe7b919985,0,A,Opa 💀,1,explicita,carente,contatinho,1,1,1,praia,tomar café gelado,domingo de manhã,lá no Cohatrac,café,São Luís
e87287bf-cd72-4a84-97e5-ee55a138094f,0,A,Sobreviveu à semana?,0,none,carente,crush,0,0,0,none,,,,,São Luís
ea91fa4b-b440-4862-a47d-22ae1d67ae66,6,A,Microscopia acabou comigo,0,none,saudoso,contatinho,0,0,0,none,,,,,São Luís
9b6a0e89-91b9-40c2-8d5a-954abec52f71,3,B,demais mesmo,0,none,saudoso,colega_trabalho,0,0,0,none,,,,,São Luís
af6231f2-b3f4-48c8-b592-2faf636f5adc,0,A,E aí doido,0,none,carente,contatinho,0,0,0,none,,,,,São Luís
20bcf22d-7a06-479b-b89f-e939b8834849,2,A,Opa simbora no Coco Bambu mais tarde? olha,1,explicita,animado,colega_trabalho,0,1,1,praia,comer um camarão,sábado à tarde,no Coco Bambu,frutos do mar,São Luís
b949224b-a86a-43f6-bd20-7bf69301284d,0,A,Oii,1,explicita,empolgado,colega_trabalho,0,1,1,gastronomico,comer um lanche,sexta depois da faculdade,na Litorânea,lanche,São Luís
aa8037ac-c97b-4ea9-9822-dcd78e205726,4,A,Adulto sofre demais com boleto.,0,none,apaixonado,namoro,0,0,0,none,,,,,São Luís
ccf2c5c1-000e-48f2-932a-83293ee30984,2,A,Partiu rolê hoje? a gnt podia aproveitar e comer um camarão hoje depois das 19h?,1,explicita,entediado,match_tinder,0,1,1,praia,comer um camarão,hoje depois das 19h,no The Rock Pub,frutos do mar,São Luís
a605ae25-a61e-4d22-b6a7-b6bae7b22514,0,A,E aí?,0,none,cansado,ficante,0,0,0,none,,,,,São Luís
7622b0a1-1ec8-49cf-b78e-83f86a803afb,3,B,Simbora! 🤣,1,explicita,apaixonado,contatinho,1,1,1,praia,tomar sorvete,sábado à tarde,no Ceprama,sorvete,São Luís
3097f129-1b5b-43f1-b038-b3c0faa6c69d,4,A,Meu pedido demorou duas horas,0,none,apaixonado,ex,0,0,0,none,,,,,São Luís
3c6c95be-be18-4cd6-98a0-9718bded4a4e,8,A,Que situação hein olha,0,none,feliz,colega_trabalho,0,0,0,none,,,,,São Luís
e6ab8f87-3915-46fc-aabd-6496e5b193ed,2,A,"São Luís virou um forno, você vai no rolê da Lagoa?",1,explicita,feliz,ex,1,1,1,praia,tomar um litrão,hoje à noite,na extensão da Litorânea,bar,São Luís
adc116ba-64ce-4dac-9ca0-ce3da88b1fb7,4,A,Essa semana foi pesada demais.,1,implicita,apaixonado,colega_trabalho,0,0,0,casual,,,,,São Luís
40e020a0-0a87-4282-89fc-8d64ebfb6e50,2,A,A vida é assim mesmo nééé misericórdia,1,explicita,apaixonado,contatinho,0,1,1,bar,ir no reggae,hoje,na Fonte do Ribeirão,reggae,São Luís
fcd5dd15-e3eb-4d73-933f-f219ac877927,6,A,A vida é assim mesmo né,0,none,carente,namoro,0,0,0,none,,,,,São Luís
a8dd2944-026f-4f8a-a3a5-8c3eda7d87f5,0,A,Ei sumiço,1,explicita,entediado,colega_trabalho,0,1,1,cinema,pegar um cinema,amanhã depois da aula,ali pelo Calhau,cinema,São Luís
ab612e54-ec6d-490b-8a43-ba032d7fadcf,2,A,bora sim!,1,explicita,feliz,ex,1,1,1,bar,beber cerveja,nesse final de semana,no Amsterdam Music Pub,bar,São Luís
40e020a0-0a87-4282-89fc-8d64ebfb6e50,4,A,Tô animado(a) já mds,1,explicita,apaixonado,contatinho,0,1,1,bar,ir no reggae,hoje,na Fonte do Ribeirão,reggae,São Luís
74e40547-834d-4352-b9e8-43be83d2a327,1,B,tá brincanddo,0,none,entediado,ex,0,0,0,none,,,,,São Luís
7e70f20d-f11b-4af9-83eb-2e0961df4383,7,B,Boa ideia! Me avisa,1,implicita,cansado,amizade,1,0,0,casual,,,,,São Luís
284a30f2-4bb9-4018-bf96-83c5d8361f49,4,A,passei o dia inteiro em reunião.,0,none,empolgado,ficante,0,0,0,none,,,,,São Luís
57a1144d-2d82-4785-8dd1-0e31a125ea5b,3,B,Quero demais slk,1,explicita,entediado,crush,1,1,1,praia,ver o pôr do sol,sábado de noite,no Empório Fribal,,São Luís
2d3b56ba-57e5-4332-9067-fba04d266263,5,B,A pessoa simplesmente sumiu. mano,0,none,cansado,namoro,0,0,0,none,,,,,São Luís
3c6c95be-be18-4cd6-98a0-9718bded4a4e,4,A,A vida adulta é cruel demais,0,none,feliz,colega_trabalho,0,0,0,none,,,,,São Luís
20a79bc3-36c2-4a51-a1a4-46f9cebe26a4,3,B,Parece a minha semana socorro,1,explicita,triste,contatinho,0,1,1,gastronomico,comer hambúrguer,depois do estágio,na Praia de São Marcos,hambúrguer,São Luís
fdf976fc-e264-4a57-a6ac-17c8552dd103,3,B,Oii simbora no Golden Shopping mais tarde? mds,1,explicita,estressado,crush,0,1,1,bar,beber cerveja,nesse final de semana,no Golden Shopping,bar,São Luís
9fa32001-c155-490d-9960-3eb85c469835,5,B,Oi meu amor partiu no Espigão Costeiro hoje?,1,explicita,carente,namoro,0,1,1,praia,comer um camarão,de madrugada mesmo kkkkk,no Espigão Costeiro,frutos do mar,São Luís
ced94a76-a15e-4c4c-875a-9e5183be3861,2,A,o trânsito tá impossível hoje.,1,explicita,cansado,namoro,0,1,1,bar,ir num barzinho,quando tu sair da faculdade,no Vignoli,bar,São Luís
342d880e-b09a-4f8c-93f8-2199aed39d7a,6,A,Eu entendo viu oxe,0,none,triste,match_tinder,0,0,0,none,,,,,São Luís
4a6db293-8c29-41ea-a63f-3a0eca5f115f,6,A,AutoCAD travou bem na entrega,0,none,saudoso,ex,0,0,0,none,,,,,São Luís
01e94c64-86bf-4826-ad1f-9cf63641e3ca,4,A,cálculo estrutural tá impossível. mah,0,none,entediado,match_tinder,0,0,0,none,,,,,São Luís
8d0d879c-d383-44a7-8f17-e058a2b57c5e,0,A,e aí meu patrãão,0,none,entediado,match_tinder,0,0,0,none,,,,,São Luís
2e8f949f-8556-48c3-8f5e-4eeedff13862,0,A,e aí meu patrão slk,1,explicita,cansado,ex,0,1,1,bar,ir no reggae,domingo no fim da tarde,no Armazém,reggae,São Luís
bd8b2b45-38ed-4aa0-93b6-115192e62bd3,1,B,Parece a minha semana vei,1,explicita,animado,crush,0,1,1,casual,jogar sinuca,depois do estágio,no Chopp da Fábrica,bar,São Luís
b93c9cdd-4c14-4ba6-a083-91ea1789a649,5,B,Plantão acabou comigo. slk,0,none,animado,ficante,0,0,0,none,,,,,São Luís
3fae4df7-687a-4884-af4b-deb18b5371d0,0,A,Oii,1,implicita,saudoso,contatinho,0,0,0,casual,,,,,São Luís
de1d46d7-4e98-4101-a29a-9a4038f8faf5,0,A,Falaa,0,none,cansado,colega_trabalho,0,0,0,none,,,,,São Luís
e79a2a42-5b3a-472a-a694-339361802665,7,B,eu entendo viu,0,none,saudoso,contatinho,0,0,0,none,,,,,São Luís
dce9359d-dfcc-4905-bcb4-53d051a31f54,5,B,Passei horas debugando código.,0,none,carente,ficante,0,0,0,none,,,,,São Luís
b949224b-a86a-43f6-bd20-7bf69301284d,3,B,A vida é assim mesmo néééé 🥲,1,explicita,empolgado,colega_trabalho,0,1,1,gastronomico,comer um lanche,sexta depois da faculdade,na Litorânea,lanche,São Luís
6aa2c7c9-7c19-447a-88fb-2e6ab7149bc4,2,A,tô perdido em direito penal. né não,0,none,apaixonado,contatinho,0,0,0,none,,,,,São Luís
3a67196d-28ab-4ba1-b538-75c0b42fde8f,4,A,Oxe que isso,1,explicita,apaixonado,crush,0,1,1,casual,ficar conversando,hoje à noite,no Armazém,,São Luís
2f4c7ffb-d0e1-4603-94ec-5bc67dbb6808,3,B,nem me fala,0,none,triste,match_tinder,0,0,0,none,,,,,São Luís
7e70f20d-f11b-4af9-83eb-2e0961df4383,5,B,Demais mesmoo 😭,1,implicita,cansado,amizade,1,0,0,casual,,,,,São Luís
b38f1caa-adc4-4733-a658-dd2f1bd7a6a0,4,A,Tô animado(a) jjá,1,implicita,cansado,contatinho,0,0,0,casual,,,,,São Luís
b9cdb4fb-8eb8-4237-8b88-4a0b53ac36ff,0,A,opa,1,explicita,animado,amizade,0,1,1,praia,tomar um litrão,hoje depois das 19h,na Fonte do Ribeirão,bar,São Luís
e6ab8f87-3915-46fc-aabd-6496e5b193ed,3,B,Que sufoco,1,explicita,feliz,ex,1,1,1,praia,tomar um litrão,hoje à noite,na extensão da Litorânea,bar,São Luís
c3c32de5-ad07-44c9-b26a-f9dc834878a2,3,B,Topei!,1,explicita,carente,amizade,1,1,1,cinema,pegar um cinema,hoje à noite,no Shopping da Ilha,cinema,São Luís
34994397-2e5c-4367-b254-63216fbb5322,4,A,Parece a minha semana,1,explicita,apaixonado,amizade,1,1,1,gastronomico,comer tapioca,sexta depois da faculdade,no Seu Boteco,tapioca,São Luís
b2ba3692-cbdd-4630-af9e-090ccb491a4c,6,A,falaa bora comer tapioca num café ali no renascençççça? pai d'égua,1,explicita,carente,ex,0,1,1,gastronomico,comer tapioca,depois do estágio,num café ali no Renascença,tapioca,São Luís
ff90d95e-52cf-4420-9044-7572ead79d53,3,B,Irmão que sofrimento cara,1,explicita,carente,ex,1,1,1,gastronomico,comer pastel,domingo de manhã,no Coco Bambu,pastel,São Luís
771ee46b-9b2b-4b3b-b4f4-b9c60817d53d,3,B,Tô animado(a) já,1,explicita,empolgado,namoro,1,1,1,gastronomico,comer um lanche,sábado à tarde,no Anjo da Guarda,lanche,São Luís
e34ce1a2-913c-431a-b5ae-e4d520756217,3,B,Oi meu amor tava afim de comer hambúrguer na Praia de São Marcos mano,1,explicita,apaixonado,crush,1,1,1,gastronomico,comer hambúrguer,depois do estágio,na Praia de São Marcos,hambúrguer,São Luís
65be3a79-b59f-4dfe-9d5d-2c158d490c06,4,A,Já tô pronto(a),1,implicita,empolgado,ex,0,0,0,casual,,,,,São Luís
b2ba3692-cbdd-4630-af9e-090ccb491a4c,1,B,que situação hein misericórdia,1,explicita,carente,ex,0,1,1,gastronomico,comer tapioca,depois do estágio,num café ali no Renascença,tapioca,São Luís
a32e8e26-4c4f-43e1-b32d-a41cbd5d0d38,3,B,Opa meu consagrado pensei da gente comer sushi no Armazém 💀,1,explicita,entediado,namoro,1,1,1,gastronomico,comer sushi,domingo no fim da tarde,no Armazém,sushi,São Luís
3b12f153-11af-4bd1-90be-c6641a5a9f40,4,A,Kkkkk conta essa história,1,explicita,carente,ex,1,1,1,shopping,dar rolê no shopping,depois do estágio,ali pela Avenida Holandeses,shopping,São Luís
6d3375ee-feaf-4a92-91bb-fc732fa28cea,4,A,Cálculo estrutural tá impossível.,0,none,cansado,crush,0,0,0,none,,,,,São Luís
a67329d5-10fa-448d-9b2b-d283e9e74c82,5,B,Oxe que isso 😭,1,explicita,feliz,ex,0,1,1,praia,tomar um litrão,de madrugada mesmo kkkkk,na Praia do Araçagy,bar,São Luís
47965fb3-d4c7-464f-8218-242cdfcdd9ee,0,A,Oii,1,explicita,apaixonado,colega_trabalho,0,1,1,casual,comer açaí na tigela,depois da prova,na extensão da Litorânea,açaí,São Luís
8a7913a1-20bd-4179-aac4-f6d3cf467d31,2,A,Tu toparia um rolê aleatório?,1,implicita,carente,namoro,0,0,0,casual,,,,,São Luís
83ed66c7-6c35-4704-ae32-33be1179a8e9,0,A,oi meu amor,1,explicita,estressado,namoro,1,1,1,casual,andar de carro sem rumo,depois da prova,ali no Vinhais,,São Luís
3b12f153-11af-4bd1-90be-c6641a5a9f40,5,B,Oii simbora ali pela Avenida Holandeses mais tarde? 😭,1,explicita,carente,ex,1,1,1,shopping,dar rolê no shopping,depois do estágio,ali pela Avenida Holandeses,shopping,São Luís
8d0d879c-d383-44a7-8f17-e058a2b57c5e,6,A,o trânsito hoje tava impossíveeeel. misericórdia,0,none,entediado,match_tinder,0,0,0,none,,,,,São Luís
2ca6a9b6-486f-4484-a25d-c42eec93c794,2,A,Essa chuva apareceu do nadda. mah,1,implicita,feliz,crush,0,0,0,casual,,,,,São Luís
63d0b12d-b9ec-408b-bfd9-3d1f25d84b6d,0,A,"Oi, tudo bem? vei",1,explicita,saudoso,ficante,1,1,1,praia,tomar café gelado,mais tarde,no Roots Bar,café,São Luís
ace9dbf7-f8d2-4823-8fe2-1a5e19fac4ba,3,B,oxe que isso aff,1,implicita,animado,crush,1,0,0,casual,,,,,São Luís
dce9359d-dfcc-4905-bcb4-53d051a31f54,0,A,E aí meu patrão,0,none,carente,ficante,0,0,0,none,,,,,São Luís
c91ddaf4-cd06-4759-9344-a512cbebe819,2,A,Passei o dia inteiro na clínica. 🥲,0,none,carente,amizade,0,0,0,none,,,,,São Luís
00f26a87-a604-44cb-ac50-6abb892ff7e1,3,B,Tá brincando cara,1,implicita,saudoso,contatinho,0,0,0,casual,,,,,São Luís
e6f17b65-3e9f-4b03-ba87-af17086607c7,0,A,Oi criatura,1,explicita,entediado,amizade,0,1,1,praia,tomar sorvete,hoje à noite,na Praia do Calhau,sorvete,São Luís
b43e56ef-dbd3-4812-ad7f-0b9d05c6bee2,4,A,fiz entrevista hoje.,0,none,estressado,ficante,0,0,0,none,,,,,São Luís
74e40547-834d-4352-b9e8-43be83d2a327,7,B,Tô no mesmo barco socorro,0,none,entediado,ex,0,0,0,none,,,,,São Luís
2194aab4-702b-4938-88f5-845c71ec6e07,0,A,"Oi, tudo bem? 🤣",0,none,estressado,namoro,0,0,0,none,,,,,São Luís
ba99f983-402b-4947-bfd0-d0cc16b62bce,4,A,A prova de algoritmo foi absurda.,0,none,cansado,namoro,0,0,0,none,,,,,São Luís
102d56c7-a3f5-4f93-97cc-fb78ef1ff8ab,0,A,E aí?,1,implicita,estressado,ficante,1,0,0,casual,,,,,São Luís
0aba687a-d6aa-482a-b864-2a695efdda9f,3,B,tô morto depois do treino. socorro,0,none,triste,contatinho,0,0,0,none,,,,,São Luís
49d3485b-0a8a-4726-ac57-ac32bdb4d176,0,A,Opa meu consagrado socorro,1,explicita,triste,match_tinder,1,1,1,cinema,pegar um cinema,amanhã depois da aula,na Casa do Maranhão,cinema,São Luís
a1ef105e-ee1c-4f5b-8727-db05679b4657,2,A,Apresentação da campanha foi hoje.,0,none,cansado,ex,0,0,0,none,,,,,São Luís
93d86cb0-d3fc-4988-a43a-75812eb9840a,2,A,Tô animado(a) já 💀,1,explicita,feliz,ficante,1,1,1,praia,ver o mar,quando tu sair da faculdade,na Litorânea,,São Luís
34994397-2e5c-4367-b254-63216fbb5322,2,A,Tô no mesmo barco gente,1,explicita,apaixonado,amizade,1,1,1,gastronomico,comer tapioca,sexta depois da faculdade,no Seu Boteco,tapioca,São Luís
4a6db293-8c29-41ea-a63f-3a0eca5f115f,7,B,Tá brincando oxe,0,none,saudoso,ex,0,0,0,none,,,,,São Luís
0865c382-a377-48cb-b0c8-2b9d67c7af1a,2,A,Meu chefe passou demanda em pleno sábado. mah,0,none,carente,ficante,0,0,0,none,,,,,São Luís
6f690fde-f33f-4863-8b6f-b52bb59c95f8,7,B,que horas?,1,explicita,carente,contatinho,1,1,1,praia,tomar um litrão,depois do estágio,na Praia do Calhau,bar,São Luís
7ced47fd-beac-4151-b4a0-e89a70e96ad3,1,B,Meu estágio tá cheio essa semana. mah,0,none,empolgado,contatinho,0,0,0,none,,,,,São Luís
3c6c95be-be18-4cd6-98a0-9718bded4a4e,0,A,opa gente,0,none,feliz,colega_trabalho,0,0,0,none,,,,,São Luís
683c604d-331c-4d55-aa65-9279c50f0bd9,0,A,"Oi, tudo bem?",1,explicita,cansado,amizade,0,1,1,bar,beber cerveja,mais tarde,ali no Vinhais,bar,São Luís
c91ddaf4-cd06-4759-9344-a512cbebe819,6,A,Meu grupo mudou toda a campanha de última hora. 😩,0,none,carente,amizade,0,0,0,none,,,,,São Luís
8d33e25a-e31e-43b1-88c4-236cff54ae61,3,B,nem me fala,1,implicita,estressado,ex,1,0,0,casual,,,,,São Luís
4a6db293-8c29-41ea-a63f-3a0eca5f115f,5,B,Passei o dia estudando português.,0,none,saudoso,ex,0,0,0,none,,,,,São Luís
fda1f8be-c841-4a44-a0d7-7796ad97de79,2,A,Nossa sim!! mano,1,explicita,carente,match_tinder,1,1,1,casual,comer açaí na tigela,depois do estágio,na Casa do Maranhão,açaí,São Luís
a807d5b3-9d0c-4818-bd28-324f61df1ed5,4,A,Parece a minha semana,1,explicita,entediado,amizade,1,1,1,gastronomico,comer hambúrguer,nesse final de semana,na extensão da Litorânea,hambúrguer,São Luís
7a52b461-67dc-4498-b4e9-000913045d82,2,A,Tô animado(a) já slk,1,explicita,carente,ex,0,1,1,casual,ouvir música ao vivo,depois do estágio,no Anjo da Guarda,bar,São Luís
aef29701-94a0-40de-8122-0a8d249ad0b1,7,B,Tô cansado até pra cozinhar,0,none,carente,colega_trabalho,0,0,0,none,,,,,São Luís
dd92bb9d-b751-4b8d-a9e6-c12f14120fbd,2,A,"essa semana foi pesada demais, você vai no reggae? cara",1,explicita,apaixonado,ex,1,1,1,praia,andar pela litorânea,sábado de noite,lá pras bandas do Turu,,São Luís
2d6775b9-5ff7-4e72-b0c2-0143b6567fbc,5,B,Com vc qualquer lugar 😩,1,explicita,animado,amizade,1,1,1,praia,tomar um café,domingo de manhã,no Cabana do Sol,café,São Luís
94edf84e-91ab-48f8-bb44-f108db288bb1,3,B,nem me fala,0,none,apaixonado,amizade,0,0,0,none,,,,,São Luís
d28419ff-8fdc-4ce0-9131-9f9998f3da06,3,B,verdade demais 😩 💀,0,none,carente,crush,0,0,0,none,,,,,São Luís
36ed706b-f65f-4c6b-8b78-b6efaf674465,3,B,Passei raiva no trânsito hoje.,1,explicita,feliz,ex,0,1,1,gastronomico,comer tapioca,mais tarde,no Golden Shopping,tapioca,São Luís
76fcf41c-7f4f-479e-91cc-7bf420082ea0,0,A,Meu Deus tu sumiu né não,0,none,saudoso,crush,0,0,0,none,,,,,São Luís
a1bbf22d-a50a-48c4-8a0f-55ab41354522,2,A,Como tu tá? queria muito ir pra praia contiggggo,1,explicita,animado,match_tinder,0,1,1,praia,ir pra praia,domingo no fim da tarde,no Amsterdam Music Pub,praia,São Luís
3c632972-83ce-409e-9609-f4fbb098b682,2,A,tá brincando 💀,1,implicita,apaixonado,namoro,1,0,0,casual,,,,,São Luís
ff32f215-6044-4035-ba39-2a64e213f884,2,A,e aí? pensei da gente beber cerveja no the rock pub,1,explicita,saudoso,ex,0,1,1,bar,beber cerveja,quando tu sair da faculdade,no The Rock Pub,bar,São Luís
beb69fab-7b0a-4b82-b1b2-2a0f7fcf0acc,2,A,O calor hoje tá criminoso.,1,implicita,carente,amizade,0,0,0,casual,,,,,São Luís
3274f426-f2dc-4a17-b65c-16e3dc26c250,5,B,Tava com saudade de conversar contiggggo. mah,1,implicita,cansado,amizade,0,0,0,casual,,,,,São Luís
7e70f20d-f11b-4af9-83eb-2e0961df4383,4,A,essa semana foi pesada demais.,1,implicita,cansado,amizade,1,0,0,casual,,,,,São Luís
c051fb15-5dba-4973-a911-39b28d39b664,2,A,Acabou energia aqui em casa vei,1,explicita,animado,namoro,0,1,1,gastronomico,comer tapioca,hoje,no Centro Histórico,tapioca,São Luís
d6a3e583-6601-4b9f-adc3-6359c2504774,2,A,a vida adulta não tem tutorial. olha,0,none,carente,ficante,0,0,0,none,,,,,São Luís
056ba82c-0507-4f12-a5fa-a896f350facc,5,B,Tá brincando,0,none,empolgado,ficante,0,0,0,none,,,,,São Luís
29ae37e3-747f-4a96-a065-012df8529d0d,3,B,verdade demais 😩,0,none,saudoso,crush,0,0,0,none,,,,,São Luís
a807d5b3-9d0c-4818-bd28-324f61df1ed5,5,B,E aí? pensei da gente comer hambúrguer na extensão da Litorânea,1,explicita,entediado,amizade,1,1,1,gastronomico,comer hambúrguer,nesse final de semana,na extensão da Litorânea,hambúrguer,São Luís
ba99f983-402b-4947-bfd0-d0cc16b62bce,1,B,Que sufoco olha,0,none,cansado,namoro,0,0,0,none,,,,,São Luís
ef51a1b7-e78f-4bc9-9bbc-5e863e631371,2,A,que fim levou tu? depois da aula a gente podia ver o mar mah,1,explicita,saudoso,colega_trabalho,0,1,1,praia,ver o mar,depois do estágio,no Chopp da Fábrica,,São Luís
19f8b667-f998-4319-a6e5-53613b9ead96,1,B,Que situação hein,1,implicita,animado,contatinho,0,0,0,casual,,,,,São Luís
6c8af27b-d0db-4cfe-904d-65fe7b919985,2,A,"São Luís virou um forno, você vai no bumba meu boi?",1,explicita,carente,contatinho,1,1,1,praia,tomar café gelado,domingo de manhã,lá no Cohatrac,café,São Luís
74e40547-834d-4352-b9e8-43be83d2a327,4,A,Passei o dia no laboratório.,0,none,entediado,ex,0,0,0,none,,,,,São Luís
10dcc765-4233-4c24-bb34-211af8cef4b8,0,A,Partiu rolê hoje?,0,none,apaixonado,colega_trabalho,0,0,0,none,,,,,São Luís
5d8ee4cc-5227-48fe-9798-7247b31af9e0,10,A,Kkkkk conta essa história,0,none,animado,namoro,0,0,0,none,,,,,São Luís
fd9b3a61-2ebf-4306-83e4-1f0fd2bbf955,5,B,Como tu tá? simbora no Amsterdam Music Pub mais tarde?,1,explicita,apaixonado,namoro,1,1,1,praia,tomar sorvete,sábado à tarde,no Amsterdam Music Pub,sorvete,São Luís
76fcf41c-7f4f-479e-91cc-7bf420082ea0,6,A,Demais mesmo socorro,0,none,saudoso,crush,0,0,0,none,,,,,São Luís
ca127856-fa03-4bca-b9e6-c0a1fd544d28,3,B,Opa partiu na Praça Gonçalves Dias hoje?,1,explicita,entediado,namoro,0,1,1,casual,ouvir música ao vivo,sexta depois da faculdade,na Praça Gonçalves Dias,bar,São Luís
cb7370a6-9279-4c55-8ac1-9ce7f05d5603,0,A,Sobreviveu à semana? mds,1,implicita,feliz,colega_trabalho,1,0,0,casual,,,,,São Luís
bbdf7f93-aa8e-410d-912c-d3bafd5150d3,7,B,Queria muito ir pra um show,0,none,carente,ex,0,0,0,none,,,,,São Luís
adaee33e-9c89-4f82-ba54-43cb87f014e4,0,A,Partiu rolê hoje? socorro,1,implicita,carente,colega_trabalho,1,0,0,casual,,,,,São Luís
a67329d5-10fa-448d-9b2b-d283e9e74c82,4,A,o trânsito tá impossível hoje.,1,explicita,feliz,ex,0,1,1,praia,tomar um litrão,de madrugada mesmo kkkkk,na Praia do Araçagy,bar,São Luís
3274f426-f2dc-4a17-b65c-16e3dc26c250,0,A,Como tu tá? kkkk,1,implicita,cansado,amizade,0,0,0,casual,,,,,São Luís
bbdf7f93-aa8e-410d-912c-d3bafd5150d3,5,B,Eu entendo viu 🥲,0,none,carente,ex,0,0,0,none,,,,,São Luís
3f752b69-4dcb-40ad-8fba-bf554444c08c,0,A,Oi sumida,0,none,animado,ex,0,0,0,none,,,,,São Luís
5d2fc3ca-3c9d-4448-ba82-aee3b8ea2175,5,B,Hoje o treino de perna destruiu minha existência.. socorro,0,none,entediado,contatinho,0,0,0,none,,,,,São Luís
324618c9-42f1-40ac-9379-e4ad3ff219eb,7,B,Que horas?,1,explicita,animado,colega_trabalho,0,1,1,casual,ficar conversando,quando acabar esse calor infernal,no Cabana do Sol,,São Luís
d8556b18-38bd-4d76-b5ef-d6476008a84c,0,A,Bora viver? oxe,1,explicita,saudoso,crush,1,1,1,praia,tomar um energético,nesse final de semana,na praça de alimentação do Rio Anil,bar,São Luís
5d8ee4cc-5227-48fe-9798-7247b31af9e0,6,A,passei horas montando dieta....,0,none,animado,namoro,0,0,0,none,,,,,São Luís
c91ddaf4-cd06-4759-9344-a512cbebe819,8,A,Demais mesmo slk,0,none,carente,amizade,0,0,0,none,,,,,São Luís
ad89c535-a0c6-48e6-88b5-0222f31250f8,2,A,Bora sim cara,1,explicita,estressado,colega_trabalho,0,1,1,praia,tomar um litrão,hoje,na praça de alimentação do Rio Anil,bar,São Luís
bf294342-2512-42db-af93-52047df269a1,2,A,Meu iFood veio errado,1,explicita,carente,amizade,0,1,1,bar,ir no reggae,quando tu sair da faculdade,no Anjo da Guarda,reggae,São Luís
9943e8fb-5fcd-4812-9051-8191e64808d0,7,B,Passei horas corrigindo bug. gente,0,none,saudoso,ex,0,0,0,none,,,,,São Luís
20a79bc3-36c2-4a51-a1a4-46f9cebe26a4,2,A,Essa cidade tá parada hoje.,1,explicita,triste,contatinho,0,1,1,gastronomico,comer hambúrguer,depois do estágio,na Praia de São Marcos,hambúrguer,São Luís
9b76c837-3313-4c36-9d34-0eb6f8cd6814,4,A,Quero demais!,1,implicita,empolgado,ficante,1,0,0,casual,,,,,São Luís
7b39c629-2a04-4023-af3a-0813932f2d68,1,B,Demais mesmo,1,explicita,animado,match_tinder,0,1,1,casual,comer açaí na tigela,domingo de manhã,no Haruki,açaí,São Luís
c24d9a5b-38bb-4304-98e0-07f65139625c,2,A,Essa cidade tá parada hoje,1,implicita,feliz,contatinho,0,0,0,casual,,,,,São Luís
ace9dbf7-f8d2-4823-8fe2-1a5e19fac4ba,2,A,O trânsito tá impossível hoje olha,1,implicita,animado,crush,1,0,0,casual,,,,,São Luís
3fedf134-d037-45c2-b0a7-995be1d8e317,0,A,e aí? hahaha,0,none,triste,ex,0,0,0,none,,,,,São Luís
24a1529c-66ce-40d4-9041-0e26749124c4,7,B,Bora sim! 💀,1,explicita,carente,ex,0,1,1,shopping,dar rolê no shopping,de madrugada mesmo kkkkk,no Armazém,shopping,São Luís
153ddd1d-fadb-4b1f-adf5-585cf0dfe332,5,B,Kkkkk conta essa história,0,none,saudoso,namoro,0,0,0,none,,,,,São Luís
28d6961d-28d3-427e-bb83-e847bf9eebdf,0,A,e aí doido 💀,1,explicita,animado,colega_trabalho,0,1,1,praia,tomar um litrão,sábado de noite,na Praia do Calhau,bar,São Luís
e87287bf-cd72-4a84-97e5-ee55a138094f,2,A,Hoje foi só apagar incêndio.,0,none,carente,crush,0,0,0,none,,,,,São Luís
743ab7e4-533f-49bb-a137-58b5a668875d,1,B,Demais mesmo,1,explicita,animado,namoro,0,1,1,praia,ver o mar,sábado à tarde,no Ceprama,,São Luís
6b84518b-360b-45db-be9b-e955b603f18c,0,A,Tu tá onde?,1,explicita,estressado,namoro,0,1,1,praia,ver o pôr do sol,de madrugada mesmo kkkkk,no Outback,,São Luís
651cb792-bad7-46bf-b672-2fc4fa68bef8,3,B,tô animado(a) já,1,implicita,triste,ficante,1,0,0,casual,,,,,São Luís
049e449b-0404-469b-96fb-79dc5bf3246b,0,A,Opa meu consagraddo 😩,0,none,apaixonado,colega_trabalho,0,0,0,none,,,,,São Luís
f9cbec71-b8ec-4e3d-9db7-db7e9d133c34,1,B,Verdade demais 😩 mds,1,explicita,feliz,amizade,0,1,1,gastronomico,comer tapioca,nesse final de semana,na Praia de São Marcos,tapioca,São Luís
3abd519d-0e16-47fa-b036-f475ca773979,3,B,Passei raiva no trânsito hoje. 💀,1,implicita,empolgado,ficante,0,0,0,casual,,,,,São Luís
bd99c802-a442-4bf6-98d9-6c6368785088,2,A,passei o dia inteiro na clínica.,0,none,feliz,amizade,0,0,0,none,,,,,São Luís
6b19f66a-d9de-492a-8e50-ab3091f2267e,4,A,Topei! 😩,1,explicita,triste,match_tinder,1,1,1,casual,dar uma volta,quando acabar esse calor infernal,no Kitaro,,São Luís
40e020a0-0a87-4282-89fc-8d64ebfb6e50,1,B,O calor hoje tá criminoso.,1,explicita,apaixonado,contatinho,0,1,1,bar,ir no reggae,hoje,na Fonte do Ribeirão,reggae,São Luís
bdfe384e-ad48-4d8e-8804-4489c5a1efaf,0,A,falaa 🤣,1,implicita,carente,crush,0,0,0,casual,,,,,São Luís
18bbe9de-0a81-4d18-89bc-0aa073b2e6f5,3,B,A obra do tágio tá uma loucura.,0,none,feliz,ficante,0,0,0,none,,,,,São Luís
2ca6a9b6-486f-4484-a25d-c42eec93c794,0,A,Bora viver????,1,implicita,feliz,crush,0,0,0,casual,,,,,São Luís
363847a8-ed9d-4daf-8abf-1c5d64501106,4,A,Essa semana foi pesada demais. socorro,1,explicita,entediado,namoro,0,1,1,praia,tomar um energético,amanhã,no Centro Histórico,bar,São Luís
185c6b18-959c-4dd8-9599-f6258f1de6fe,4,A,Esse calor tá insuportável né não,1,explicita,saudoso,colega_trabalho,1,1,1,gastronomico,comer um lanche,amanhã depois da aula,na Praia do Calhau,lanche,São Luís
743ab7e4-533f-49bb-a137-58b5a668875d,3,B,Tá brincando,1,explicita,animado,namoro,0,1,1,praia,ver o mar,sábado à tarde,no Ceprama,,São Luís
985cf257-7b1a-46d7-8e94-9c0225d13f1f,4,A,Nem me fala,1,implicita,empolgado,match_tinder,0,0,0,casual,,,,,São Luís
a66bd541-71c0-4d1d-9d21-74a245ac06a8,0,A,Meu Deus tu summmmiu,1,explicita,saudoso,namoro,0,1,1,shopping,dar rolê no shopping,sexta depois da faculdade,no Roots Bar,shopping,São Luís
9c39b3bf-71f0-4121-a416-070cad08b9b1,2,A,Que situação hein aff,1,explicita,feliz,crush,0,1,1,praia,ver o mar,quando tu sair da faculdade,no Fitó,,São Luís
a807d5b3-9d0c-4818-bd28-324f61df1ed5,3,B,o pix caiu só agora,1,explicita,entediado,amizade,1,1,1,gastronomico,comer hambúrguer,nesse final de semana,na extensão da Litorânea,hambúrguer,São Luís
f4adf132-e14e-4215-8805-d5d032f7c7ed,1,B,Fiquei preso no trânsito do Cohafuma,1,explicita,feliz,crush,0,1,1,praia,ver o pôr do sol,sexta depois da faculdade,na Praia do Araçagy,,São Luís
542957f4-ee9d-416d-8ee7-91b32512ea00,1,B,O São João tá chegando.,1,implicita,animado,namoro,0,0,0,casual,,,,,São Luís
8c0666e1-ccb9-46ac-9016-259307971439,5,B,Nossa sim!!,1,implicita,apaixonado,contatinho,1,0,0,casual,,,,,São Luís
c42c58e2-c6b7-4f75-9b16-64684120a88a,2,A,Irmão que sofrimento,0,none,carente,contatinho,0,0,0,none,,,,,São Luís
6dc0ab5d-02f1-402d-a912-589ed68d8f3a,2,A,Tava pensando que a gente podia se ver hoje. aff,1,implicita,entediado,ex,0,0,0,casual,,,,,São Luís
d8c89af2-deef-426c-937a-52d0fb26fff4,2,A,A playlist de hoje tá absurda. vei,0,none,saudoso,match_tinder,0,0,0,none,,,,,São Luís
4a6db293-8c29-41ea-a63f-3a0eca5f115f,2,A,A prova oral me destruiu.,0,none,saudoso,ex,0,0,0,none,,,,,São Luís
9e0d7f6a-127d-4942-95b6-958632041340,0,A,E aí gatttta,1,implicita,estressado,amizade,0,0,0,casual,,,,,São Luís
395d0251-c648-4c0e-80c6-7fa25ad2fc31,4,A,passei raiva no trânsito hoje.,1,explicita,triste,contatinho,0,1,1,bar,ir num barzinho,amanhã depois da aula,no Bar do Léo,bar,São Luís
d5d43cc0-12ef-4464-8755-78659e4e3a85,4,A,Tá brincando slk,0,none,empolgado,colega_trabalho,0,0,0,none,,,,,São Luís
c72afa4e-54c9-430a-9c2a-7f3abe69d39f,1,B,Eu entendo viu,1,explicita,triste,namoro,0,1,1,casual,ver as luzes da cidade,depois do estágio,no Centro Histórico,,São Luís
d56113c2-f9ec-424b-af63-8a41ccff1aaa,2,A,meu deus tu sumiu pensei da gnt tomar café gelado no são luís shopping,1,explicita,animado,crush,1,1,1,praia,tomar café gelado,quando acabar esse calor infernal,no São Luís Shopping,café,São Luís
dd0b67e5-2cb4-4777-823c-e5df9dedd7c8,2,A,"essa chuva apareceu do nada, você vai na feirinha?",1,implicita,saudoso,colega_trabalho,1,0,0,casual,,,,,São Luís
d84e7dcd-e701-465b-b12a-7ea2acef5efe,1,B,sobreviveu à semana? bora tomar um drink no anjo da guarda?,1,explicita,entediado,crush,0,1,1,praia,tomar um drink,depois da prova,no Anjo da Guarda,bar,São Luís
20dd1655-7eb3-4a05-8d1a-63b6ad646f79,1,B,Oi sumida vamo nessa tomar café gelado depois?,1,explicita,triste,namoro,0,1,1,praia,tomar café gelado,quando tu sair da faculdade,num café ali no Renascença,café,São Luís
91736d1a-2d26-47ad-b078-82ad6877c589,6,A,Meu deploy quebrou tudo pai d'égua,0,none,saudoso,colega_trabalho,0,0,0,none,,,,,São Luís
a32e8e26-4c4f-43e1-b32d-a41cbd5d0d38,4,A,Quero demais,1,explicita,entediado,namoro,1,1,1,gastronomico,comer sushi,domingo no fim da tarde,no Armazém,sushi,São Luís
b1671209-7231-4c96-94e4-ebdc4dab753d,1,B,Que sufoco 🤣,1,explicita,entediado,colega_trabalho,0,1,1,praia,tomar um energético,domingo de manhã,na Praia do Olho d'Água,bar,São Luís
ccf5040c-e1d0-40ed-b9ab-e3803aec0d59,6,A,E aí gata simbora no Haruki mais tarde?,1,explicita,entediado,crush,0,1,1,praia,ir pra praia,sexta depois da faculdade,no Haruki,praia,São Luís
33b2124b-430b-4cca-8ebb-276863700b3b,1,B,oxe que issso,0,none,carente,ficante,0,0,0,none,,,,,São Luís
8ba29da5-dd09-46b7-8581-1cd50b7741ac,2,A,Hoje foi puxado demais.,0,none,estressado,namoro,0,0,0,none,,,,,São Luís
91736d1a-2d26-47ad-b078-82ad6877c589,2,A,Não aguento mais fzr questãão. kkkk,0,none,saudoso,colega_trabalho,0,0,0,none,,,,,São Luís
d6a3e583-6601-4b9f-adc3-6359c2504774,7,B,Fiz entrevista hoje.,0,none,carente,ficante,0,0,0,none,,,,,São Luís
94edf84e-91ab-48f8-bb44-f108db288bb1,8,A,Passei a madrugada renderizando projeto.,0,none,apaixonado,amizade,0,0,0,none,,,,,São Luís
e3e24ad2-1e9a-4cf9-beb9-bb3cb21c4137,5,B,Com você qualquer lugar,1,implicita,entediado,ficante,0,0,0,casual,,,,,São Luís
7d7b1ab0-d8d0-46fa-8591-2f20f7d3c0f3,8,A,A playlist de hoje tá absurda. 🤣,0,none,saudoso,ficante,0,0,0,none,,,,,São Luís
b43e56ef-dbd3-4812-ad7f-0b9d05c6bee2,8,A,Hoje só sobrevivi de iFood,0,none,estressado,ficante,0,0,0,none,,,,,São Luís
18bbe9de-0a81-4d18-89bc-0aa073b2e6f5,1,B,Passei o dia resolvendo problema de cliente,0,none,feliz,ficante,0,0,0,none,,,,,São Luís
3b12f153-11af-4bd1-90be-c6641a5a9f40,1,B,"esse calor tá insuportável, vc vai no show da Litorânea? kkkkkkk",1,explicita,carente,ex,1,1,1,shopping,dar rolê no shopping,depois do estágio,ali pela Avenida Holandeses,shopping,São Luís
21f4a253-743d-469a-979e-6db5e8ee1f05,7,B,O trânsito hoje tava impossível.,0,none,estressado,contatinho,0,0,0,none,,,,,São Luís
70331df1-25b1-4d31-acf6-60494227fdc7,5,B,Boa sorte aí kkk,0,none,estressado,match_tinder,0,0,0,none,,,,,São Luís
68bf3947-83bd-4187-8936-ec8da9122932,3,B,tô dentro ❤️ vei,1,explicita,carente,namoro,0,1,1,praia,tomar um litrão,amanhã depois da aula,no Centro Histórico,bar,São Luís
55d7d0e4-d4e8-4ee8-b1e1-4825c3029796,2,A,"essa chuva apareceu do nada, você vai no bumba meu boi?",1,implicita,empolgado,ficante,1,0,0,casual,,,,,São Luís
9d3579c9-5a84-4807-afdb-20eb33896aa6,2,A,Eu entendo viu pai d'égua,1,explicita,estressado,ficante,0,1,1,praia,tomar um açaí,de madrugada mesmo kkkkk,no Rio Anil Shopping,açaí,São Luís
395d0251-c648-4c0e-80c6-7fa25ad2fc31,2,A,Tô indo no Mateus rapidinho. kkkkkkk,1,explicita,triste,contatinho,0,1,1,bar,ir num barzinho,amanhã depois da aula,no Bar do Léo,bar,São Luís
4227e4fa-2aa9-49fd-8037-478c8cfd3fc1,2,A,o são joão tá chegando.,1,explicita,saudoso,contatinho,0,1,1,gastronomico,comer sushi,depois da prova,no Shopping da Ilha,sushi,São Luís
37510ff5-cba9-4321-a50f-39a1ff160d2f,8,A,Hoje teve confusão lá em casa. kkkkkkk,0,none,empolgado,colega_trabalho,0,0,0,none,,,,,São Luís
a66bd541-71c0-4d1d-9d21-74a245ac06a8,2,A,O PIX caiu só agora. kkkk,1,explicita,saudoso,namoro,0,1,1,shopping,dar rolê no shopping,sexta depois da faculdade,no Roots Bar,shopping,São Luís
43d18fb6-ad9c-423d-9f3e-390f37311caf,2,A,Hoje teve cirurgia no estágio,0,none,triste,amizade,0,0,0,none,,,,,São Luís
aa8037ac-c97b-4ea9-9822-dcd78e205726,1,B,Cálculo estrutural tá impossível,0,none,apaixonado,namoro,0,0,0,none,,,,,São Luís
a605ae25-a61e-4d22-b6a7-b6bae7b22514,6,A,Nem me fala socorro,0,none,cansado,ficante,0,0,0,none,,,,,São Luís
a12ad6c8-7c9f-40d5-9aff-a80231802867,0,A,E aí meu patrão,0,none,apaixonado,amizade,0,0,0,none,,,,,São Luís
4d291d52-1b92-416c-a264-4508e445c5c0,1,B,Boa sorte aí kkk,0,none,carente,crush,0,0,0,none,,,,,São Luís
c62f5e04-724d-44dd-a356-41958b3870b8,4,A,Passei a manhã resolvendo bolettto,1,explicita,cansado,amizade,0,1,1,bar,beber cerveja,quando tu sair da faculdade,no Anjo da Guarda,bar,São Luís
74d10c47-cd5d-4a90-bd59-63241435544f,3,B,Docker simplesmente não funciona.,0,none,carente,contatinho,0,0,0,none,,,,,São Luís
bf294342-2512-42db-af93-52047df269a1,1,B,Parece a minha semana vei,1,explicita,carente,amizade,0,1,1,bar,ir no reggae,quando tu sair da faculdade,no Anjo da Guarda,reggae,São Luís
6b19f66a-d9de-492a-8e50-ab3091f2267e,1,B,"esse calor tá insuportável, vc vai no rolê da Lagoa?",1,explicita,triste,match_tinder,1,1,1,casual,dar uma volta,quando acabar esse calor infernal,no Kitaro,,São Luís
08bdba9c-27b0-47b3-9309-975f221561be,2,A,Eu entendo viu,1,explicita,apaixonado,colega_trabalho,1,1,1,praia,tomar um drink,sexta depois da faculdade,no Espigão Costeiro,bar,São Luís
bf294342-2512-42db-af93-52047df269a1,6,A,Opa meu consagrado partiu no Anjo da Guarda hoje? vei,1,explicita,carente,amizade,0,1,1,bar,ir no reggae,quando tu sair da faculdade,no Anjo da Guarda,reggae,São Luís
6b14d835-b02a-45fd-a9e3-87197d9feb58,2,A,A aula prática foi intensa hojee.,0,none,empolgado,crush,0,0,0,none,,,,,São Luís
8d0d879c-d383-44a7-8f17-e058a2b57c5e,9,B,Que situação hein,0,none,entediado,match_tinder,0,0,0,none,,,,,São Luís
de1d46d7-4e98-4101-a29a-9a4038f8faf5,3,B,Boa sorte aí kkk,0,none,cansado,colega_trabalho,0,0,0,none,,,,,São Luís
cc769da5-093e-40e6-a5a4-98b193bb73a9,3,B,Irmão que sofrimento,1,implicita,saudoso,ex,1,0,0,casual,,,,,São Luís
5e33b9b1-ee27-46a4-810b-0f80b37428a8,1,B,Que sufoco mds,0,none,estressado,contatinho,0,0,0,none,,,,,São Luís
3097f129-1b5b-43f1-b038-b3c0faa6c69d,1,B,Boa sorte aí kkk,0,none,apaixonado,ex,0,0,0,none,,,,,São Luís
049e449b-0404-469b-96fb-79dc5bf3246b,6,A,Hoje o treino de perna destruiu minha existênciaaaa.,0,none,apaixonado,colega_trabalho,0,0,0,none,,,,,São Luís
185c6b18-959c-4dd8-9599-f6258f1de6fe,1,B,A vida é assim mesmo né,1,explicita,saudoso,colega_trabalho,1,1,1,gastronomico,comer um lanche,amanhã depois da aula,na Praia do Calhau,lanche,São Luís
2194aab4-702b-4938-88f5-845c71ec6e07,2,A,Irmão que sofrimento,0,none,estressado,namoro,0,0,0,none,,,,,São Luís
a1bbf22d-a50a-48c4-8a0f-55ab41354522,1,B,Que situação heinn,1,explicita,animado,match_tinder,0,1,1,praia,ir pra praia,domingo no fim da tarde,no Amsterdam Music Pub,praia,São Luís
08bdba9c-27b0-47b3-9309-975f221561be,4,A,Topei! mah,1,explicita,apaixonado,colega_trabalho,1,1,1,praia,tomar um drink,sexta depois da faculdade,no Espigão Costeiro,bar,São Luís
985cf257-7b1a-46d7-8e94-9c0225d13f1f,2,A,Passei raiva no trânsito hoje. 😩,1,implicita,empolgado,match_tinder,0,0,0,casual,,,,,São Luís
3200c743-8897-484c-8942-0dacc437dd7f,0,A,"oi, tudo bem? hahaha",1,explicita,empolgado,namoro,0,1,1,casual,ver as luzes da cidade,de madrugada mesmo kkkkk,no The Rock Pub,,São Luís
79f645e0-4334-4c5e-86d8-90da136d0558,0,A,como tu tá? 🤣,1,explicita,estressado,match_tinder,0,1,1,bar,beber cerveja,sábado de noite,no Reviver,bar,São Luís
54c822f8-2a77-4552-974f-9cb5730c874b,1,B,Nem me fala,1,explicita,saudoso,amizade,0,1,1,gastronomico,lançar um sushi,hoje depois das 19h,lá pras bandas do Turu,sushi,São Luís
1bef25e8-dec6-4d22-88d2-80ac50fe871f,6,A,A prática hoje foi cansativa. misericórdia,0,none,estressado,namoro,0,0,0,none,,,,,São Luís
de85039e-9173-4f5b-a4a7-1dfe88a12d16,2,A,A vida é assim mesmo nnné,1,explicita,animado,ex,0,1,1,casual,ficar conversando,domingo de manhã,no Vignoli,,São Luís
3fedf134-d037-45c2-b0a7-995be1d8e317,4,A,A vida adulta é cruel demais. aff,0,none,triste,ex,0,0,0,none,,,,,São Luís
79d11238-deef-4741-b53e-0e5c72f26971,0,A,Oii,1,explicita,empolgado,amizade,0,1,1,praia,ir pra praia,de madrugada mesmo kkkkk,no The Rock Pub,praia,São Luís
f6ccc9e1-b00e-416d-9ced-c0c3fed16dfe,0,A,Ei sumiço slk,0,none,cansado,ficante,0,0,0,none,,,,,São Luís
e89beb41-1147-4122-aca8-651d495fe0ac,4,A,Hoje combinava mto uma praaaaia,1,implicita,empolgado,match_tinder,0,0,0,casual,,,,,São Luís
509482db-43a1-4b4d-bb63-b96ebdf69225,0,A,oi meu amor,0,none,animado,namoro,0,0,0,none,,,,,São Luís
57a1144d-2d82-4785-8dd1-0e31a125ea5b,0,A,ei sumiço pai d'égua,1,explicita,entediado,crush,1,1,1,praia,ver o pôr do sol,sábado de noite,no Empório Fribal,,São Luís
2dc47899-7bf9-409b-b227-bfc2e4b3c598,3,B,Irmão que sofrimento,1,implicita,saudoso,ex,0,0,0,casual,,,,,São Luís
70331df1-25b1-4d31-acf6-60494227fdc7,6,A,hoje teve atendimento direttto.,0,none,estressado,match_tinder,0,0,0,none,,,,,São Luís
d5d43cc0-12ef-4464-8755-78659e4e3a85,6,A,Demais mesmmo oxe,0,none,empolgado,colega_trabalho,0,0,0,none,,,,,São Luís
c31ed6ca-3bae-4075-a3d0-25c2948a353a,2,A,a gente não se vê faz tempo. cara,1,implicita,apaixonado,colega_trabalho,0,0,0,casual,,,,,São Luís
6049d233-bbd4-4e71-9f4f-17685f896d64,0,A,Bora viver? cara,1,explicita,entediado,amizade,1,1,1,bar,ir no reggae,hoje depois das 19h,ali pelo Calhau,reggae,São Luís
7977be07-e916-447f-8d9e-669c52e9d14b,3,B,Essa cidade tá prada hoje misericórdia,1,explicita,apaixonado,ex,1,1,1,praia,ver o pôr do sol,domingo de manhã,no Buteko,,São Luís
334e9191-fa00-4fe7-a870-10f7c2dc97f4,4,A,Bora viver? tava afim de pegar um cinema no Golden Shopping,1,explicita,saudoso,ex,0,1,1,cinema,pegar um cinema,hoje depois das 19h,no Golden Shopping,cinema,São Luís
94873b2c-cc4a-41f0-b28d-8d94e2f327b0,0,A,e aí?,0,none,entediado,ex,0,0,0,none,,,,,São Luís
97f4a960-0cb6-45b6-bbcd-f3136380505e,4,A,Trabalhar por conta própria cansa viiiu.,0,none,cansado,ex,0,0,0,none,,,,,São Luís
a67329d5-10fa-448d-9b2b-d283e9e74c82,2,A,Essa cidade tá parada hoje. kkkk,1,explicita,feliz,ex,0,1,1,praia,tomar um litrão,de madrugada mesmo kkkkk,na Praia do Araçagy,bar,São Luís
80eb4ad1-21be-4796-9026-2f9d53d087c8,6,A,Nem me fala 🥲,0,none,empolgado,ex,0,0,0,none,,,,,São Luís
a4b7aa65-335b-4d0c-969a-205098650ec8,4,A,Sobreviveu à semana? partiu ali no Renascença hoje?,1,explicita,cansado,crush,1,1,1,gastronomico,comer uma pizza,sábado de noite,ali no Renascença,pizza,São Luís
28a98c4b-217a-4c92-838d-0b346c68a00d,1,B,Parece a minha semana,1,explicita,estressado,match_tinder,0,1,1,gastronomico,comer uma pizza,mais tarde,no Talking Blues,pizza,São Luís
1362e2bd-4b4b-4adb-afb8-c6e6fbe76dfb,4,A,Peguei ônibus lotado hoje cedo. 😭,1,implicita,entediado,amizade,0,0,0,casual,,,,,São Luís
b1671209-7231-4c96-94e4-ebdc4dab753d,3,B,Que sufoco,1,explicita,entediado,colega_trabalho,0,1,1,praia,tomar um energético,domingo de manhã,na Praia do Olho d'Água,bar,São Luís
94edf84e-91ab-48f8-bb44-f108db288bb1,9,B,Passei horas debugando código.,0,none,apaixonado,amizade,0,0,0,none,,,,,São Luís
fda1f8be-c841-4a44-a0d7-7796ad97de79,1,B,que fim levou tu? vamo nessa comer açaí na tigela depois? slk,1,explicita,carente,match_tinder,1,1,1,casual,comer açaí na tigela,depois do estágio,na Casa do Maranhão,açaí,São Luís
0bd1072c-8978-44be-8d1a-88ff6f2ab619,1,B,Tô perdido em direito penal pai d'égua,0,none,carente,ficante,0,0,0,none,,,,,São Luís
0266bdd4-a671-42fc-ac04-445b1982fedb,4,A,Sobreviveu à semana? bora ver o pôr do sol no Empório Fribal? kkkkkkk,1,explicita,carente,crush,0,1,1,praia,ver o pôr do sol,domingo de manhã,no Empório Fribal,,São Luís
3274f426-f2dc-4a17-b65c-16e3dc26c250,3,B,kkkkk conta essa história socorro,1,implicita,cansado,amizade,0,0,0,casual,,,,,São Luís
9d3579c9-5a84-4807-afdb-20eb33896aa6,0,A,oi meu amor,1,explicita,estressado,ficante,0,1,1,praia,tomar um açaí,de madrugada mesmo kkkkk,no Rio Anil Shopping,açaí,São Luís
4e4c2560-be9d-4e42-98b9-6f840228ddb7,4,A,Simbora!,1,explicita,feliz,namoro,1,1,1,casual,comer açaí na tigela,amanhã,na Coffeetown,açaí,São Luís
43cbb2c0-60da-4b8e-8315-f2724853f8b0,2,A,Hoje combinava mto uma praiaaaa. mah,1,implicita,feliz,namoro,0,0,0,casual,,,,,São Luís
24a1529c-66ce-40d4-9041-0e26749124c4,4,A,esse calor tá insuportável,1,explicita,carente,ex,0,1,1,shopping,dar rolê no shopping,de madrugada mesmo kkkkk,no Armazém,shopping,São Luís
af665044-0564-4d95-ad02-fdd862360d36,2,A,A vida adulta não tem tutorial.,0,none,saudoso,namoro,0,0,0,none,,,,,São Luís
ced94a76-a15e-4c4c-875a-9e5183be3861,4,A,oii tu anima ir no vignoli comigo? misericórdia,1,explicita,cansado,namoro,0,1,1,bar,ir num barzinho,quando tu sair da faculdade,no Vignoli,bar,São Luís
19f8b667-f998-4319-a6e5-53613b9ead96,0,A,opa,1,implicita,animado,contatinho,0,0,0,casual,,,,,São Luís
a1bbf22d-a50a-48c4-8a0f-55ab41354522,3,B,tô dentro ❤️,1,explicita,animado,match_tinder,0,1,1,praia,ir pra praia,domingo no fim da tarde,no Amsterdam Music Pub,praia,São Luís
509519da-5a16-41e2-ae2b-cc2fa96c9064,4,A,"Oi, tudo bem? pensei da gente andar de carro sem rumo na Praia do Olho d'Água",1,explicita,feliz,match_tinder,0,1,1,casual,andar de carro sem rumo,sábado de noite,na Praia do Olho d'Água,,São Luís
6ccbba49-20ff-47d6-9198-bd86fc9b5d71,1,B,Oxe que isso,1,implicita,saudoso,crush,1,0,0,casual,,,,,São Luís
056d783e-7f32-45f6-937e-19a6d835568b,7,B,Trabalhar por conta própria cansa viu.,0,none,triste,colega_trabalho,0,0,0,none,,,,,São Luís
37510ff5-cba9-4321-a50f-39a1ff160d2f,1,B,A vida é assim mesmo né,0,none,empolgado,colega_trabalho,0,0,0,none,,,,,São Luís
188a9469-5d53-4881-8ca8-e6566ee79f35,6,A,Cálculo estrutural tá impossível.,0,none,feliz,ex,0,0,0,none,,,,,São Luís
a045410e-ab8a-47b5-a967-7139f861e48d,3,B,Tô no mesmo barrrco,0,none,cansado,ficante,0,0,0,none,,,,,São Luís
3097f129-1b5b-43f1-b038-b3c0faa6c69d,2,A,A aula de psicopatologia acabou comigo vei,0,none,apaixonado,ex,0,0,0,none,,,,,São Luís
c91ddaf4-cd06-4759-9344-a512cbebe819,7,B,Hoje teve atendimento direttto.,0,none,carente,amizade,0,0,0,none,,,,,São Luís
8b970774-803c-47ea-af58-363e2c8ab364,2,A,"essa chuva apareceu do nada, você vai no bumba meu boi?",1,implicita,apaixonado,ficante,1,0,0,casual,,,,,São Luís
de1d46d7-4e98-4101-a29a-9a4038f8faf5,4,A,O servidor caiu bem na hora da partidaaa. 💀,0,none,cansado,colega_trabalho,0,0,0,none,,,,,São Luís
c6a6f0d9-a517-469c-8f97-92028fa50454,6,A,Tu toparia um rolê aleatório?,1,implicita,empolgado,colega_trabalho,0,0,0,casual,,,,,São Luís
363847a8-ed9d-4daf-8abf-1c5d64501106,3,B,Nem me fala hahaha,1,explicita,entediado,namoro,0,1,1,praia,tomar um energético,amanhã,no Centro Histórico,bar,São Luís
f3743db9-c9a3-4112-87a5-4561ad9fd114,3,B,tô esperando o horário mds,1,implicita,estressado,namoro,0,0,0,casual,,,,,São Luís
8ba29da5-dd09-46b7-8581-1cd50b7741ac,4,A,Meu personal quase me matou hoje....,0,none,estressado,namoro,0,0,0,none,,,,,São Luís
c91ddaf4-cd06-4759-9344-a512cbebe819,1,B,Irmão que sofrimento mds,0,none,carente,amizade,0,0,0,none,,,,,São Luís
c937c99f-a228-4c52-ac0f-a5172adece25,5,B,Topei! socorro,1,implicita,saudoso,colega_trabalho,0,0,0,casual,,,,,São Luís
d8c89af2-deef-426c-937a-52d0fb26fff4,10,A,Nem me fala,0,none,saudoso,match_tinder,0,0,0,none,,,,,São Luís
e79a2a42-5b3a-472a-a694-339361802665,9,B,Passei horas debugando código,0,none,saudoso,contatinho,0,0,0,none,,,,,São Luís
043c789c-adbc-460f-acd5-9d04ecdaf46e,1,B,parece a minha semana kkkkkkk,1,explicita,estressado,ex,1,1,1,cinema,assistir filme,de madrugada mesmo kkkkk,no Bar do Léo,cinema,São Luís
6d3375ee-feaf-4a92-91bb-fc732fa28cea,0,A,Partiu rolê hoje? mano,0,none,cansado,crush,0,0,0,none,,,,,São Luís
7d55fab9-0a22-443f-a758-996a8d28186a,5,B,A vida adulta não tem tutorial.,0,none,animado,match_tinder,0,0,0,none,,,,,São Luís
88fceb6e-8415-4e7c-adbc-0077ab85592a,3,B,Que situação hein,1,explicita,animado,contatinho,0,1,1,praia,comer um camarão,domingo de manhã,no The Rock Pub,frutos do mar,São Luís
0071d262-f376-4072-8cfc-92d615467191,2,A,eu entendo viu,1,explicita,entediado,ex,0,1,1,praia,ir pra praia,nesse final de semana,no Golden Shopping,praia,São Luís
3c6c95be-be18-4cd6-98a0-9718bded4a4e,6,A,Oxe que isso olha,0,none,feliz,colega_trabalho,0,0,0,none,,,,,São Luís
043c789c-adbc-460f-acd5-9d04ecdaf46e,2,A,"fim de semana chegou finalmente, vc vai no show da Litorânea?",1,explicita,estressado,ex,1,1,1,cinema,assistir filme,de madrugada mesmo kkkkk,no Bar do Léo,cinema,São Luís
ce9887d5-70b9-433d-b7a1-99b2fe87117b,0,A,Oii,1,explicita,triste,colega_trabalho,0,1,1,praia,tomar um drink,amanhã,na Praia do Calhau,bar,São Luís
8b659f2c-98bf-44aa-9d7b-115c9e05c31d,2,A,Hoje combinava mto uma praia.,1,implicita,estressado,match_tinder,1,0,0,casual,,,,,São Luís
35d3665a-352f-426b-988f-373713fff7c6,3,B,Que sufoccco né não,1,explicita,entediado,namoro,0,1,1,gastronomico,comer pastel,depois do estágio,lá no Cohatrac,pastel,São Luís
d688145c-a070-4ab0-877b-e92a75a8fa8a,4,A,A vida é assim mesmo né,1,explicita,empolgado,amizade,0,1,1,praia,andar pela litorânea,sábado de noite,no Chopp da Fábrica,,São Luís
61c53916-76c4-435a-99b8-27bea03e771a,1,B,Tô no mesmo barco aff,0,none,entediado,ex,0,0,0,none,,,,,São Luís
2d6775b9-5ff7-4e72-b0c2-0143b6567fbc,1,B,Kkkkk conta essa históriaaaa,1,explicita,animado,amizade,1,1,1,praia,tomar um café,domingo de manhã,no Cabana do Sol,café,São Luís
d267aebe-65d5-4f3c-9ab0-d273f3f1a4c4,3,B,Nossa sim!,1,explicita,carente,crush,0,1,1,praia,tomar café gelado,de madrugada mesmo kkkkk,no Armazém,café,São Luís
0c58ac9c-ad16-45e8-8802-dab3fac03910,3,B,Tava pensando que a gente podia se ver hoje misericórdia,1,implicita,animado,ficante,0,0,0,casual,,,,,São Luís
1c7f584c-886d-478f-ac3b-1a89835e60ea,3,B,Boa ideia! Me avisa,1,explicita,carente,match_tinder,0,1,1,casual,comer açaí na tigela,de madrugada mesmo kkkkk,no Armazém,açaí,São Luís
ec0db6f3-d434-4072-a686-22eb9a84a8c8,3,B,Oxe que issso,0,none,apaixonado,amizade,0,0,0,none,,,,,São Luís
408dd792-4d9c-4d98-b311-296feb886793,0,A,Oi sumida,1,implicita,animado,match_tinder,0,0,0,casual,,,,,São Luís
c91ddaf4-cd06-4759-9344-a512cbebe819,3,B,boa sorte aí kkkkk 🥲,0,none,carente,amizade,0,0,0,none,,,,,São Luís
a05e54d6-8e8e-4152-98f1-6ce263b4dd04,2,A,"essa cidade tá prada hoje, você vai na prévia de carnaval?",1,implicita,cansado,colega_trabalho,1,0,0,casual,,,,,São Luís
6c88129e-6053-4b1c-9406-dc3521e467cc,1,B,Kkkkk conta essa história,1,explicita,apaixonado,ficante,1,1,1,shopping,dar rolê no shopping,domingo no fim da tarde,no Amsterdam Music Pub,shopping,São Luís
28d6961d-28d3-427e-bb83-e847bf9eebdf,5,B,oii queria mto tomar um litrão contigo,1,explicita,animado,colega_trabalho,0,1,1,praia,tomar um litrão,sábado de noite,na Praia do Calhau,bar,São Luís
0a3a6e1b-9efa-4ab5-96c5-2b987e514504,5,B,Boa sorte aí kkk,1,implicita,entediado,colega_trabalho,0,0,0,casual,,,,,São Luís
6c88129e-6053-4b1c-9406-dc3521e467cc,2,A,"o trânsito tá impossível hoje, você vai na prévia de carnaval?",1,explicita,apaixonado,ficante,1,1,1,shopping,dar rolê no shopping,domingo no fim da tarde,no Amsterdam Music Pub,shopping,São Luís
3194e5a3-a0e2-4c1b-b84b-9d3831446852,4,A,passei o dia inteiro na clínica. 😭,0,none,apaixonado,colega_trabalho,0,0,0,none,,,,,São Luís
4a4e2234-2d2d-4bcb-b12c-f9ebdb71b715,5,B,Verdade demais 😩 slk,1,explicita,cansado,crush,0,1,1,praia,tomar um drink,quando acabar esse calor infernal,na Casa do Maranhão,bar,São Luís
8d33e25a-e31e-43b1-88c4-236cff54ae61,4,A,O trânsito tá impossível hojeeee. aff,1,implicita,estressado,ex,1,0,0,casual,,,,,São Luís
509519da-5a16-41e2-ae2b-cc2fa96c9064,2,A,essa cidade tá parada hoje,1,explicita,feliz,match_tinder,0,1,1,casual,andar de carro sem rumo,sábado de noite,na Praia do Olho d'Água,,São Luís
4a4e2234-2d2d-4bcb-b12c-f9ebdb71b715,2,A,O São João tá chegando.,1,explicita,cansado,crush,0,1,1,praia,tomar um drink,quando acabar esse calor infernal,na Casa do Maranhão,bar,São Luís
df2df991-0b69-4e96-b2d7-e753d3b885d4,1,B,Ei sumiço topa assistir filme de madrugada mesmo kkkkk,1,explicita,empolgado,colega_trabalho,1,1,1,cinema,assistir filme,de madrugada mesmo kkkkk,no Vignoli,cinema,São Luís
d6a3e583-6601-4b9f-adc3-6359c2504774,6,A,Não aguento mais fazer questão,0,none,carente,ficante,0,0,0,none,,,,,São Luís
2dc47899-7bf9-409b-b227-bfc2e4b3c598,5,B,Simbora,1,implicita,saudoso,ex,0,0,0,casual,,,,,São Luís
a488b2f4-f0b3-4ce9-8668-f98c9f68d52d,0,A,Oii,1,explicita,estressado,contatinho,1,1,1,gastronomico,comer uma pizza,sexta depois da faculdade,no Espigão Costeiro,pizza,São Luís
1c6cae78-22f9-4616-88f3-0e5a3ad489ff,3,B,Simbora! 🥲,1,explicita,carente,contatinho,0,1,1,bar,ir num barzinho,sábado à tarde,no Golden Shopping,bar,São Luís
2f52516c-c29c-4387-aeca-7dab40efa748,2,A,passei raiva no trânsito hoje,1,explicita,estressado,contatinho,0,1,1,gastronomico,comer hambúrguer,quando tu sair da faculdade,no Armazém,hambúrguer,São Luís
5d119e80-6150-4267-822d-4c8bc6b25dcd,6,A,Tava com saudade de conversar contigo.,1,implicita,saudoso,match_tinder,1,0,0,casual,,,,,São Luís
fd9b3a61-2ebf-4306-83e4-1f0fd2bbf955,2,A,"essa chuva apareceu do nada, você vai na prévia de carnaval? 😩",1,explicita,apaixonado,namoro,1,1,1,praia,tomar sorvete,sábado à tarde,no Amsterdam Music Pub,sorvete,São Luís
b43e56ef-dbd3-4812-ad7f-0b9d05c6bee2,6,A,Passei o dia cuidando dos animais,0,none,estressado,ficante,0,0,0,none,,,,,São Luís
6e720a00-5c7c-40b7-b42f-354a3c159f89,3,B,Kkkkk conta essa história,1,implicita,empolgado,crush,0,0,0,casual,,,,,São Luís
2b46a9f2-b160-4e7d-94db-ac5aa811ea1b,1,B,Boa sorte aí kkk aff,0,none,feliz,crush,0,0,0,none,,,,,São Luís
ba99f983-402b-4947-bfd0-d0cc16b62bce,3,B,Tá brincando né não,0,none,cansado,namoro,0,0,0,none,,,,,São Luís
addbeb0c-cdec-4dcc-9003-68ea205f398d,3,B,Tô no mesmo barco aff,1,explicita,animado,colega_trabalho,0,1,1,praia,tomar sorvete,mais tarde,na Praça Gonçalves Dias,sorvete,São Luís
7c5df2b7-6d08-4f7d-842b-a8d89bbfe196,7,B,Simborrrra!,1,implicita,saudoso,contatinho,0,0,0,casual,,,,,São Luís
fb38136e-da2d-4720-8d30-0ea12f9df4b7,1,B,Passei o dia atendendo cliente. hahaha,0,none,carente,crush,0,0,0,none,,,,,São Luís
f98639e0-5dfe-4a47-a6d9-98b074346fdc,4,A,Falaa a gnt podia aproveitar e ir num barzinho domingo de manhã?,1,explicita,entediado,namoro,0,1,1,bar,ir num barzinho,domingo de manhã,no Golden Shopping,bar,São Luís
efd900de-0ac6-4e3e-805d-d17fe3531550,2,A,a prova oral me destruiu. olha,0,none,saudoso,colega_trabalho,0,0,0,none,,,,,São Luís
2e95040e-8ded-4364-bed9-1c180af6c43c,2,A,Tu tá onde? depois da aula a gnt podia tomar café gelado aff,1,explicita,feliz,match_tinder,0,1,1,praia,tomar café gelado,hoje à noite,no Reviver,café,São Luís
322e846d-47ce-47ee-896c-96fbe5c76a39,0,A,Sobreviveu à semana? cara,1,explicita,cansado,ficante,0,1,1,praia,ir pra praia,amanhã,no Reviver,praia,São Luís
334e9191-fa00-4fe7-a870-10f7c2dc97f4,3,B,Boa sorte aí kkk,1,explicita,saudoso,ex,0,1,1,cinema,pegar um cinema,hoje depois das 19h,no Golden Shopping,cinema,São Luís
adc116ba-64ce-4dac-9ca0-ce3da88b1fb7,2,A,O PIX caiu só agora cara,1,implicita,apaixonado,colega_trabalho,0,0,0,casual,,,,,São Luís
a9223afe-4ec4-4f45-a9a0-fdaf5c7bd0c0,1,B,demais mesmo,0,none,triste,ficante,0,0,0,none,,,,,São Luís
043c789c-adbc-460f-acd5-9d04ecdaf46e,3,B,A vida é assim mesmo né,1,explicita,estressado,ex,1,1,1,cinema,assistir filme,de madrugada mesmo kkkkk,no Bar do Léo,cinema,São Luís
900005a1-c258-46b1-b983-ff5fe418a77a,3,B,Tô dentro ❤️,1,implicita,carente,contatinho,0,0,0,casual,,,,,São Luís
94873b2c-cc4a-41f0-b28d-8d94e2f327b0,2,A,Trabalhar por conta própria cansa viu. mano,0,none,entediado,ex,0,0,0,none,,,,,São Luís
3dfd0f9f-f054-4ac6-8912-ca0cb3d03a39,1,B,Eu entendo viu,1,explicita,apaixonado,namoro,0,1,1,casual,dar uma volta,quando tu sair da faculdade,no Shopping da Ilha,,São Luís
e03116e3-3509-4376-a127-e964674e5d5c,0,A,oii cara,1,explicita,animado,colega_trabalho,0,1,1,casual,comer açaí na tigela,hoje depois das 19h,no The Rock Pub,açaí,São Luís
2d3b56ba-57e5-4332-9067-fba04d266263,1,B,Demais mesmo socorro,0,none,cansado,namoro,0,0,0,none,,,,,São Luís
e79a2a42-5b3a-472a-a694-339361802665,6,A,Tô cansado dessa burocracia 😩,0,none,saudoso,contatinho,0,0,0,none,,,,,São Luís
ff32f215-6044-4035-ba39-2a64e213f884,0,A,Oii cara,1,explicita,saudoso,ex,0,1,1,bar,beber cerveja,quando tu sair da faculdade,no The Rock Pub,bar,São Luís
0488b568-dcdc-4793-a13a-25677af54ff7,2,A,hoje o treino de perna destruiu minha existêncccia 💀,0,none,cansado,ficante,0,0,0,none,,,,,São Luís
fcd5dd15-e3eb-4d73-933f-f219ac877927,2,A,a playlist de hoje tá absurda. gente,0,none,carente,namoro,0,0,0,none,,,,,São Luís
0aba687a-d6aa-482a-b864-2a695efdda9f,0,A,Ei sumiço,0,none,triste,contatinho,0,0,0,none,,,,,São Luís
19f8b667-f998-4319-a6e5-53613b9ead96,6,A,Que horas?,1,implicita,animado,contatinho,0,0,0,casual,,,,,São Luís
44f06461-a93b-4db9-8f26-da848165302d,3,B,Nossa sim!,1,implicita,feliz,ficante,1,0,0,casual,,,,,São Luís
08bdba9c-27b0-47b3-9309-975f221561be,1,B,"fim de semana chegou finalmente, você vai na feirinha?",1,explicita,apaixonado,colega_trabalho,1,1,1,praia,tomar um drink,sexta depois da faculdade,no Espigão Costeiro,bar,São Luís
ad88f1aa-92a6-4a91-a55c-6a344e638b83,7,B,Tô animado(a) já oxe,1,explicita,cansado,colega_trabalho,0,1,1,praia,ver o mar,nesse final de semana,na Feirinha São Luís,,São Luís
54385dc6-1b94-48ec-9c34-49238bd7a607,1,B,Minha internet caiu de novo...,1,explicita,carente,ex,0,1,1,casual,comer açaí na tigela,mais tarde,ali pelo Calhau,açaí,São Luís
4b977b73-6679-48e9-9627-c5bbb8e5ce54,2,A,meu estágio tá puxado demais 💀,0,none,estressado,match_tinder,0,0,0,none,,,,,São Luís
6a0eba87-5760-4bce-888f-d9ae29c80578,4,A,Kkkkk conta essa históriia,0,none,animado,match_tinder,0,0,0,none,,,,,São Luís
973c8043-c198-4428-9265-05c14bc98910,2,A,Essa semana foi pesada demais.,1,implicita,feliz,colega_trabalho,0,0,0,casual,,,,,São Luís
c2111b89-043b-4c27-9c56-af4e11a8d38a,4,A,Não entendo sinais nenhum kkkk,0,none,empolgado,colega_trabalho,0,0,0,none,,,,,São Luís
83ed5ec8-860a-46a6-82d9-6e08ba334538,2,A,Esse calor tá insuportável....,1,explicita,saudoso,amizade,0,1,1,casual,comer açaí na tigela,nesse final de semana,no Rio Anil Shopping,açaí,São Luís
185c6b18-959c-4dd8-9599-f6258f1de6fe,0,A,"oi, tudo bem?",1,explicita,saudoso,colega_trabalho,1,1,1,gastronomico,comer um lanche,amanhã depois da aula,na Praia do Calhau,lanche,São Luís
7b39c629-2a04-4023-af3a-0813932f2d68,5,B,Oii bora sair pra comer açaí na tigela?,1,explicita,animado,match_tinder,0,1,1,casual,comer açaí na tigela,domingo de manhã,no Haruki,açaí,São Luís
54385dc6-1b94-48ec-9c34-49238bd7a607,4,A,E aí meu patrão queria muito comer açaí na tigela contigo mano,1,explicita,carente,ex,0,1,1,casual,comer açaí na tigela,mais tarde,ali pelo Calhau,açaí,São Luís
8fff65e7-8714-4e12-9384-d0994a598724,1,B,Opa pensei da gnt tomar um café na extensão da Litorânea,1,explicita,animado,crush,0,1,1,praia,tomar um café,quando tu sair da faculdade,na extensão da Litorânea,café,São Luís
d94f6fdd-558a-428d-bced-21f5aef52d37,1,B,A vida é assim mesmo né kkkkkkk,0,none,saudoso,colega_trabalho,0,0,0,none,,,,,São Luís
c2111b89-043b-4c27-9c56-af4e11a8d38a,6,A,nem me fala kkkkkkk,0,none,empolgado,colega_trabalho,0,0,0,none,,,,,São Luís
1ef9cff3-123f-4d12-9444-c333d73ad9ce,1,B,Sextou e eu sem companhia.,1,implicita,apaixonado,ex,0,0,0,casual,,,,,São Luís
92e66e52-0278-4ff9-8a95-d3151770d9e4,0,A,E aí?,1,implicita,entediado,amizade,0,0,0,casual,,,,,São Luís
2ab92ea3-1539-4498-ac28-2d71b7196ef4,3,B,Eu entendo viu,0,none,carente,ficante,0,0,0,none,,,,,São Luís
05d3a12f-cd71-4cc9-b295-a7c83a0a5e5d,2,A,Sobreviveu à semana? partiu lançar tomar um drink na Casa do Maranhão sábado à tarde?,1,explicita,empolgado,contatinho,0,1,1,praia,tomar um drink,sábado à tarde,na Casa do Maranhão,bar,São Luís
e3079087-d433-41e9-8b0a-a438f3263196,5,B,Opa bora sair pra tomar um açaí?,1,explicita,entediado,crush,1,1,1,praia,tomar um açaí,sexta depois da faculdade,no Talking Blues,açaí,São Luís
d28419ff-8fdc-4ce0-9131-9f9998f3da06,1,B,A supervisão de estágio foi pesada hoje.,0,none,carente,crush,0,0,0,none,,,,,São Luís
f4faf563-671c-4c8a-8d3a-9f205a8d3515,3,B,e aí doido tu vai fzr o que hoje? bora comer sushi socorro,1,explicita,cansado,namoro,0,1,1,gastronomico,comer sushi,sábado à tarde,ali no Renascença,sushi,São Luís
47c2008f-1eba-4feb-84b3-ecab3b1dde26,1,B,Verdade demais 😩😩😩😩,1,explicita,feliz,crush,0,1,1,praia,tomar um café,hoje à noite,ali pelo Calhau,café,São Luís
0b5838d9-2e87-4416-b973-c24d511a6eae,0,A,Meu Deus tu sumiu,1,implicita,carente,crush,0,0,0,casual,,,,,São Luís
d17255c9-75d6-4424-bd55-8856867ee4d8,3,B,Já tô pronto(a) olha,1,explicita,cansado,crush,0,1,1,casual,andar de carro sem rumo,hoje à noite,no Golden Shopping,,São Luís
aa32e92f-9316-46be-8162-6ef1c680aeae,1,B,A prática hoje foi cansativa 🥲,0,none,carente,ex,0,0,0,none,,,,,São Luís
9e0d7f6a-127d-4942-95b6-958632041340,6,A,tu tem uma energia boa pra sair.,1,implicita,estressado,amizade,0,0,0,casual,,,,,São Luís
905c785d-c8ed-40d6-91e3-8bce28f55946,9,B,Eu entendo viiiu cara,0,none,apaixonado,colega_trabalho,0,0,0,none,,,,,São Luís
28960776-590c-4269-b2e8-76dd5d318130,2,A,e aí meu patrão a gente podia aproveitar e ouvir música ao vivo depois da prova?,1,explicita,animado,namoro,1,1,1,casual,ouvir música ao vivo,depois da prova,no Outback,bar,São Luís
bd99c802-a442-4bf6-98d9-6c6368785088,7,B,Verdade demais 😩 💀,0,none,feliz,amizade,0,0,0,none,,,,,São Luís
363847a8-ed9d-4daf-8abf-1c5d64501106,5,B,Eu entendo viu,1,explicita,entediado,namoro,0,1,1,praia,tomar um energético,amanhã,no Centro Histórico,bar,São Luís
5457726a-81d5-40a6-a24d-c322c8efbf09,5,B,Boa ideia! Me avisa,1,explicita,triste,colega_trabalho,0,1,1,casual,comer açaí na tigela,sábado à tarde,lá no Cohatrac,açaí,São Luís
c24d9a5b-38bb-4304-98e0-07f65139625c,0,A,Que fim levou tu? gente,1,implicita,feliz,contatinho,0,0,0,casual,,,,,São Luís
1b651d15-70fd-4aae-8cae-820557c46ae9,4,A,O PIX caiu só agora.,1,explicita,empolgado,colega_trabalho,0,1,1,praia,ir pra praia,mais tarde,ali no Renascença,praia,São Luís
8b970774-803c-47ea-af58-363e2c8ab364,3,B,Tô duro até o próximo pagamento né não,1,implicita,apaixonado,ficante,1,0,0,casual,,,,,São Luís
dd92bb9d-b751-4b8d-a9e6-c12f14120fbd,4,A,Tô dentro ❤️,1,explicita,apaixonado,ex,1,1,1,praia,andar pela litorânea,sábado de noite,lá pras bandas do Turu,,São Luís
5fb181f4-571b-4727-84aa-56c21cdfcaca,1,B,Que situação heeein socorro,1,explicita,animado,namoro,0,1,1,bar,beber cerveja,depois do estágio,ali no Vinhais,bar,São Luís
a290a8c5-5dc4-44d8-b8d4-88e76ea2a986,3,B,Boa sorte aí kkk,1,implicita,animado,amizade,0,0,0,casual,,,,,São Luís
55d7d0e4-d4e8-4ee8-b1e1-4825c3029796,0,A,que fim levou tu?,1,implicita,empolgado,ficante,1,0,0,casual,,,,,São Luís
8395e683-77b5-45e1-8d93-0fd2659be800,2,A,Verdade demais 😩,0,none,empolgado,contatinho,0,0,0,none,,,,,São Luís
b93c9cdd-4c14-4ba6-a083-91ea1789a649,3,B,Tô vivendo de edital em edital.,0,none,animado,ficante,0,0,0,none,,,,,São Luís
5c0daffc-ce04-4c01-9212-4925c3914331,2,A,Boa ideia! Me avisa kkkkkkk,1,explicita,saudoso,match_tinder,1,1,1,praia,tomar um açaí,hoje à noite,no Golden Shopping,açaí,São Luís
cd50f3da-c0cb-4f49-95b8-7c8b67f66729,2,A,bora fugir da rotina hoje.,1,implicita,saudoso,ficante,0,0,0,casual,,,,,São Luís
7ced47fd-beac-4151-b4a0-e89a70e96ad3,5,B,Irmão que sofrimento,0,none,empolgado,contatinho,0,0,0,none,,,,,São Luís
bd99c802-a442-4bf6-98d9-6c6368785088,1,B,Nem me fala,0,none,feliz,amizade,0,0,0,none,,,,,São Luís
ccf5040c-e1d0-40ed-b9ab-e3803aec0d59,2,A,Peguei ônibus lotado hoje cedoooo.,1,explicita,entediado,crush,0,1,1,praia,ir pra praia,sexta depois da faculdade,no Haruki,praia,São Luís
18bbe9de-0a81-4d18-89bc-0aa073b2e6f5,5,B,Tô no mesmo barco,0,none,feliz,ficante,0,0,0,none,,,,,São Luís
60c4f7f1-43a4-4b7c-974b-258351da5114,0,A,e aí gata,1,implicita,animado,colega_trabalho,0,0,0,casual,,,,,São Luís
b93c9cdd-4c14-4ba6-a083-91ea1789a649,0,A,E aí meu patrão cara,0,none,animado,ficante,0,0,0,none,,,,,São Luís
37a38461-4513-425b-bffd-51b83024d4ce,2,A,tô atolado de trabalho da faculdade.,0,none,animado,crush,0,0,0,none,,,,,São Luís
61baa435-a650-47f0-9ce6-abb9ebb130dc,2,A,nem me fala pai d'égua,0,none,feliz,match_tinder,0,0,0,none,,,,,São Luís
57eb4b4b-2b01-435e-9174-f8d6abdc1e8b,3,B,Kkkkk conta essa história mds,1,explicita,estressado,amizade,0,1,1,gastronomico,comer pastel,sábado à tarde,ali no Vinhais,pastel,São Luís
29e737c2-9a6d-45ad-8f0c-06e2355cb122,1,B,Irmão que sofrimento,1,implicita,saudoso,amizade,0,0,0,casual,,,,,São Luís
b4b272c3-eba5-4960-825e-8e19e8e22590,4,A,Passei horas debugando código,0,none,animado,namoro,0,0,0,none,,,,,São Luís
74d10c47-cd5d-4a90-bd59-63241435544f,1,B,Eu entendo viu,0,none,carente,contatinho,0,0,0,none,,,,,São Luís
6afac418-92e6-4d36-b6fc-cdc403e7d570,6,A,demais mesmo vei,0,none,cansado,contatinho,0,0,0,none,,,,,São Luís
6d0d2b06-d50e-469e-8d56-7265cedd7f7d,3,B,Boa sorte aí kkk misericórdia,1,implicita,entediado,namoro,0,0,0,casual,,,,,São Luís
b9cdb4fb-8eb8-4237-8b88-4a0b53ac36ff,2,A,O trânsito tá impossível hoje,1,explicita,animado,amizade,0,1,1,praia,tomar um litrão,hoje depois das 19h,na Fonte do Ribeirão,bar,São Luís
b4b272c3-eba5-4960-825e-8e19e8e22590,0,A,sobreviveu à semana? olha,0,none,animado,namoro,0,0,0,none,,,,,São Luís
21a04a98-eec9-4cbe-8bd4-ee4b2e0cc7d8,1,B,Que situação hein 😭,1,explicita,apaixonado,crush,0,1,1,praia,tomar café gelado,domingo de manhã,no Amsterdam Music Pub,café,São Luís
5bc8b1fa-0517-4486-a202-31e860ab0943,3,B,eu entendo viu,1,explicita,empolgado,contatinho,0,1,1,casual,ouvir música ao vivo,sábado à tarde,lá pras bandas do Turu,bar,São Luís
83ed5ec8-860a-46a6-82d9-6e08ba334538,4,A,Oi meu amor tu anima ir no Rio Anil Shopping comigo??,1,explicita,saudoso,amizade,0,1,1,casual,comer açaí na tigela,nesse final de semana,no Rio Anil Shopping,açaí,São Luís
9e0d7f6a-127d-4942-95b6-958632041340,2,A,meu ifood veio errado....,1,implicita,estressado,amizade,0,0,0,casual,,,,,São Luís
76fcf41c-7f4f-479e-91cc-7bf420082ea0,1,B,Tô no mesmo barco aff,0,none,saudoso,crush,0,0,0,none,,,,,São Luís
06744053-84f4-478f-8682-be02ea5d6b90,1,B,Que sufocoo,1,explicita,triste,colega_trabalho,1,1,1,bar,ir num barzinho,domingo de manhã,na praça de alimentação do Rio Anil,bar,São Luís
27ab99f2-8f31-4e60-ba27-50f0f27445d5,0,A,Opa meu consagrado,1,explicita,triste,crush,1,1,1,casual,ouvir música ao vivo,quando tu sair da faculdade,no Talking Blues,bar,São Luís
a5af28e1-cb27-4b5e-8210-788ad19d2ddc,3,B,Nem me fala,0,none,apaixonado,match_tinder,0,0,0,none,,,,,São Luís
aa32e92f-9316-46be-8162-6ef1c680aeae,4,A,que sufoco pai d'égua,0,none,carente,ex,0,0,0,none,,,,,São Luís
60f3052d-b527-45ed-ae0a-9576a961906f,0,A,Bora viver?,1,explicita,feliz,namoro,0,1,1,cinema,pegar um cinema,nesse final de semana,no Fitó,cinema,São Luís
0071d262-f376-4072-8cfc-92d615467191,5,B,Já tô pronto(a) 😩,1,explicita,entediado,ex,0,1,1,praia,ir pra praia,nesse final de semana,no Golden Shopping,praia,São Luís
c4638875-e9fa-43e8-9b04-d27848f497f9,4,A,Irmão que sofrimento mds,0,none,saudoso,namoro,0,0,0,none,,,,,São Luís
c2244181-e2b4-4e02-9b62-7ee5a281c328,3,B,Que sufoco 😩,0,none,estressado,contatinho,0,0,0,none,,,,,São Luís
41911ecb-b62d-49c0-97af-a24bc10ec70c,3,B,E aí? bora comer sushi no Chopp da Fábrica?,1,explicita,triste,amizade,1,1,1,gastronomico,comer sushi,hoje à noite,no Chopp da Fábrica,sushi,São Luís
28a98c4b-217a-4c92-838d-0b346c68a00d,2,A,E aí meu patrão tu anima ir no Talking Blues comigo? 🤣,1,explicita,estressado,match_tinder,0,1,1,gastronomico,comer uma pizza,mais tarde,no Talking Blues,pizza,São Luís
74d10c47-cd5d-4a90-bd59-63241435544f,6,A,Meu grupo mudou toda a campanha de última hora.,0,none,carente,contatinho,0,0,0,none,,,,,São Luís
aef29701-94a0-40de-8122-0a8d249ad0b1,5,B,Verdade demais 😩 vei,0,none,carente,colega_trabalho,0,0,0,none,,,,,São Luís
c72afa4e-54c9-430a-9c2a-7f3abe69d39f,0,A,Opa meu consagrado olha,1,explicita,triste,namoro,0,1,1,casual,ver as luzes da cidade,depois do estágio,no Centro Histórico,,São Luís
fb4a92d2-eae5-468d-b4d2-8304fa39edfa,4,A,Que sufoco,0,none,triste,match_tinder,0,0,0,none,,,,,São Luís
900005a1-c258-46b1-b983-ff5fe418a77a,2,A,tava pensando que a gnt podia se ver hoje.,1,implicita,carente,contatinho,0,0,0,casual,,,,,São Luís
2d6775b9-5ff7-4e72-b0c2-0143b6567fbc,3,B,Nem me fala kkkkkkk,1,explicita,animado,amizade,1,1,1,praia,tomar um café,domingo de manhã,no Cabana do Sol,café,São Luís
61c53916-76c4-435a-99b8-27bea03e771a,4,A,Parece a minha semana misericórdia,0,none,entediado,ex,0,0,0,none,,,,,São Luís
6aa2c7c9-7c19-447a-88fb-2e6ab7149bc4,0,A,Ei sumiço misericórdia,0,none,apaixonado,contatinho,0,0,0,none,,,,,São Luís
e79a2a42-5b3a-472a-a694-339361802665,1,B,Verdade demais 😩,0,none,saudoso,contatinho,0,0,0,none,,,,,São Luís
61fa2c05-0965-430f-b97d-bb955ef26121,2,A,"fim de semana chegou finalmente, você vai no forró universitáriiio? gente",1,explicita,empolgado,contatinho,1,1,1,gastronomico,comer tapioca,domingo de manhã,ali pela Avenida Holandeses,tapioca,São Luís
6f43c38c-1d0f-42f5-9fa2-515ba450c05d,5,B,tô dentro ❤️ mds,1,implicita,saudoso,ex,1,0,0,casual,,,,,São Luís
ff90d95e-52cf-4420-9044-7572ead79d53,2,A,"esse calor tá insuportável, vc vai no forró universitário?",1,explicita,carente,ex,1,1,1,gastronomico,comer pastel,domingo de manhã,no Coco Bambu,pastel,São Luís
62fc900a-69fb-4519-a70a-ba613cb12ef4,7,B,tá brincando,0,none,triste,ex,0,0,0,none,,,,,São Luís
70331df1-25b1-4d31-acf6-60494227fdc7,4,A,o servidor caiu bem na hora da partidda. aff,0,none,estressado,match_tinder,0,0,0,none,,,,,São Luís
7984b029-4434-4ad2-b12f-69e2876fc176,4,A,simbora,1,explicita,empolgado,namoro,0,1,1,praia,tomar um açaí,domingo no fim da tarde,na Praia do Calhau,açaí,São Luís
01e94c64-86bf-4826-ad1f-9cf63641e3ca,6,A,Meu estágio tá puxado demais.,0,none,entediado,match_tinder,0,0,0,none,,,,,São Luís
9c39b3bf-71f0-4121-a416-070cad08b9b1,0,A,E aí?,1,explicita,feliz,crush,0,1,1,praia,ver o mar,quando tu sair da faculdade,no Fitó,,São Luís
5bc8b1fa-0517-4486-a202-31e860ab0943,2,A,Essa chuva apareceu do nada. aff,1,explicita,empolgado,contatinho,0,1,1,casual,ouvir música ao vivo,sábado à tarde,lá pras bandas do Turu,bar,São Luís
a7da69f1-3f0d-4643-96fc-3e34bd2209e4,5,B,a academia tava lotada demais.,0,none,empolgado,match_tinder,0,0,0,none,,,,,São Luís
61d8ce67-f2e5-439a-a5c5-b8fff6780fe2,5,B,tu sempre some quando eu quero sair.,1,implicita,entediado,crush,0,0,0,casual,,,,,São Luís
ff2930fc-ae9a-4e4e-9071-a61385aeaa68,5,B,Oi criatura topa ver o pôr do sol no Haruki quando tu sair da faculdade?,1,explicita,estressado,colega_trabalho,0,1,1,praia,ver o pôr do sol,quando tu sair da faculdade,no Haruki,,São Luís
b677ca82-7cac-4673-8196-9fccb3a5bfa2,1,B,Plantão acabou comigo. kkkk,0,none,cansado,namoro,0,0,0,none,,,,,São Luís
38cd2be7-4856-42bf-b554-17b8c8ab1c18,4,A,A vida é assim mesmo né olha,1,implicita,animado,ficante,1,0,0,casual,,,,,São Luís
fd9b3a61-2ebf-4306-83e4-1f0fd2bbf955,3,B,Boa sorte aí kkkkk,1,explicita,apaixonado,namoro,1,1,1,praia,tomar sorvete,sábado à tarde,no Amsterdam Music Pub,sorvete,São Luís
363847a8-ed9d-4daf-8abf-1c5d64501106,1,B,boa sorte aí kkk mah,1,explicita,entediado,namoro,0,1,1,praia,tomar um energético,amanhã,no Centro Histórico,bar,São Luís
aa8037ac-c97b-4ea9-9822-dcd78e205726,9,B,Boa sorte aí kkk,0,none,apaixonado,namoro,0,0,0,none,,,,,São Luís
9e4eb5d3-4af1-46db-a492-0678849162de,0,A,e aí meu patrão,1,implicita,saudoso,match_tinder,1,0,0,casual,,,,,São Luís
324618c9-42f1-40ac-9379-e4ad3ff219eb,2,A,A chuva caiu bem na hora que saí,1,explicita,animado,colega_trabalho,0,1,1,casual,ficar conversando,quando acabar esse calor infernal,no Cabana do Sol,,São Luís
ff2930fc-ae9a-4e4e-9071-a61385aeaa68,4,A,Oxe que isso,1,explicita,estressado,colega_trabalho,0,1,1,praia,ver o pôr do sol,quando tu sair da faculdade,no Haruki,,São Luís
3274f426-f2dc-4a17-b65c-16e3dc26c250,1,B,Tô no mesmo barco,1,implicita,cansado,amizade,0,0,0,casual,,,,,São Luís
b9d2dd27-db52-4a0f-8ea5-e785fcf7f703,7,B,Verdade demais 😩,0,none,cansado,crush,0,0,0,none,,,,,São Luís
2f26c9fa-4006-46ef-ac69-f764c99218a1,4,A,Parece a minha semana,0,none,saudoso,crush,0,0,0,none,,,,,São Luís
9b7f9e14-e4f8-4559-8647-590c73b948c6,2,A,Que fim levou tu? partiu no Bar do Léo hoje?,1,explicita,triste,colega_trabalho,0,1,1,gastronomico,comer uma pizza,hoje,no Bar do Léo,pizza,São Luís
0a3a6e1b-9efa-4ab5-96c5-2b987e514504,6,A,Tu anima um rolê sem planejamentoo? 😭,1,implicita,entediado,colega_trabalho,0,0,0,casual,,,,,São Luís
c4638875-e9fa-43e8-9b04-d27848f497f9,3,B,O trânsito hoje tava impossível.,0,none,saudoso,namoro,0,0,0,none,,,,,São Luís
7a07ab85-b0e3-458a-bbd0-c951e967f5f0,7,B,Que situação hein,0,none,animado,crush,0,0,0,none,,,,,São Luís
3097f129-1b5b-43f1-b038-b3c0faa6c69d,6,A,Estrutura de dados tá me humilhando.,0,none,apaixonado,ex,0,0,0,none,,,,,São Luís
5e33b9b1-ee27-46a4-810b-0f80b37428a8,0,A,oi criatuura,0,none,estressado,contatinho,0,0,0,none,,,,,São Luís
ba61d058-b9b5-4b56-9322-ddd44a121e86,1,B,Verdade demais 😩,1,explicita,carente,match_tinder,0,1,1,gastronomico,comer um lanche,hoje à noite,no Rio Anil Shopping,lanche,São Luís
139e0af3-a404-4f04-a0bf-9704763ddb5f,2,A,Passei o dia ouvindo reggae.,0,none,apaixonado,ex,0,0,0,none,,,,,São Luís
8d33e25a-e31e-43b1-88c4-236cff54ae61,1,B,Que sufooooco,1,implicita,estressado,ex,1,0,0,casual,,,,,São Luís
1d04ffd3-a612-4d8f-b4b2-296361ed21dc,3,B,E aí? tava afim de tomar sorvete no Centro Histórico,1,explicita,triste,contatinho,1,1,1,praia,tomar sorvete,domingo de manhã,no Centro Histórico,sorvete,São Luís
6f690fde-f33f-4863-8b6f-b52bb59c95f8,6,A,E aí meu patrão tu anima ir na Praia do Calhau comigo? 💀,1,explicita,carente,contatinho,1,1,1,praia,tomar um litrão,depois do estágio,na Praia do Calhau,bar,São Luís
01e94c64-86bf-4826-ad1f-9cf63641e3ca,7,B,Irmão que sofrimento mds,0,none,entediado,match_tinder,0,0,0,none,,,,,São Luís
97dbb556-83fa-4222-af2d-e706bc6e0447,1,B,Tô no mesmo barco,1,explicita,animado,colega_trabalho,0,1,1,praia,ver o pôr do sol,depois do estágio,no Cabana do Sol,,São Luís
3f752b69-4dcb-40ad-8fba-bf554444c08c,7,B,Tá brincanndo,0,none,animado,ex,0,0,0,none,,,,,São Luís
6afac418-92e6-4d36-b6fc-cdc403e7d570,2,A,Cliente sumiu depois do orçamento.,0,none,cansado,contatinho,0,0,0,none,,,,,São Luís
2ac8e063-68e8-4c7c-bfdf-3e9694c92cde,1,B,Eu entendo viu,1,explicita,carente,namoro,0,1,1,casual,ficar conversando,sábado de noite,na extensão da Litorânea,,São Luís
284161d2-c83b-49c2-962a-ef56aa3d05f2,1,B,Tô cansado até pra cozinhar,0,none,entediado,crush,0,0,0,none,,,,,São Luís
ee934b89-3c97-4675-85d6-37fd615c06a2,4,A,parece a minha semaana,0,none,saudoso,colega_trabalho,0,0,0,none,,,,,São Luís
dd4d467b-b986-4f88-a247-4cc5708e95b4,3,B,Tava pensando que a gente podia se ver hoje...,1,implicita,apaixonado,ex,0,0,0,casual,,,,,São Luís
cd47b5f7-9ca4-4cb9-b7ea-420722600a4b,1,B,Parece a minha semana,1,explicita,feliz,contatinho,1,1,1,gastronomico,comer tapioca,domingo de manhã,lá pras bandas do Turu,tapioca,São Luís
20bcf22d-7a06-479b-b89f-e939b8834849,1,B,O PIX caiu só agora.,1,explicita,animado,colega_trabalho,0,1,1,praia,comer um camarão,sábado à tarde,no Coco Bambu,frutos do mar,São Luís
56baf54c-c335-48d0-bca3-7a1604817a8e,0,A,Sobreviveu à semana?,1,implicita,cansado,ficante,1,0,0,casual,,,,,São Luís
1c62551c-46ab-4d8b-9e76-8ca2eb15558d,1,B,Nem me fala,1,implicita,feliz,contatinho,0,0,0,casual,,,,,São Luís
a7da69f1-3f0d-4643-96fc-3e34bd2209e4,1,B,Passei o dia resolvendo problema de clienteee. 💀,0,none,empolgado,match_tinder,0,0,0,none,,,,,São Luís
4b1fed26-e963-4f23-9ba6-6198986de253,3,B,A aula prática acabou comigo. slk,0,none,cansado,contatinho,0,0,0,none,,,,,São Luís
3c632972-83ce-409e-9609-f4fbb098b682,1,B,"fim de semana chegou finalmente, você vai no bumba meu booooi?",1,implicita,apaixonado,namoro,1,0,0,casual,,,,,São Luís
5d8ee4cc-5227-48fe-9798-7247b31af9e0,0,A,Oi meu amor,0,none,animado,namoro,0,0,0,none,,,,,São Luís
20a79bc3-36c2-4a51-a1a4-46f9cebe26a4,4,A,Minha internet caiu de novo.,1,explicita,triste,contatinho,0,1,1,gastronomico,comer hambúrguer,depois do estágio,na Praia de São Marcos,hambúrguer,São Luís
049e449b-0404-469b-96fb-79dc5bf3246b,1,B,Kkkkk conta essa história,0,none,apaixonado,colega_trabalho,0,0,0,none,,,,,São Luís
adc116ba-64ce-4dac-9ca0-ce3da88b1fb7,1,B,Tô no mesmo barcccco,1,implicita,apaixonado,colega_trabalho,0,0,0,casual,,,,,São Luís
35d3665a-352f-426b-988f-373713fff7c6,1,B,A vida é assim mesmo né socorro,1,explicita,entediado,namoro,0,1,1,gastronomico,comer pastel,depois do estágio,lá no Cohatrac,pastel,São Luís
ec0db6f3-d434-4072-a686-22eb9a84a8c8,2,A,Tô perdido em direito penal.,0,none,apaixonado,amizade,0,0,0,none,,,,,São Luís
b702097f-2fba-4046-8267-1221840dd597,0,A,E aí doiido,1,explicita,animado,crush,0,1,1,gastronomico,lançar um sushi,quando acabar esse calor infernal,no Armazém,sushi,São Luís
a807d5b3-9d0c-4818-bd28-324f61df1ed5,0,A,Oi sumidaaa,1,explicita,entediado,amizade,1,1,1,gastronomico,comer hambúrguer,nesse final de semana,na extensão da Litorânea,hambúrguer,São Luís
5e33b9b1-ee27-46a4-810b-0f80b37428a8,2,A,A academia tava lotada demais.,0,none,estressado,contatinho,0,0,0,none,,,,,São Luís
408dd792-4d9c-4d98-b311-296feb886793,5,B,Tô esperando o horário,1,implicita,animado,match_tinder,0,0,0,casual,,,,,São Luís
e75fd67f-9888-43e6-bab9-bae887c1ed91,2,A,O PIX caiu só agora.,1,explicita,saudoso,crush,0,1,1,shopping,dar rolê no shopping,quando tu sair da faculdade,no Fitó,shopping,São Luís
a028464d-1f0b-435e-8627-1b89075ac54e,1,B,tô no mesmo barco kkkkkkk,1,explicita,empolgado,colega_trabalho,0,1,1,cinema,assistir filme,hoje depois das 19h,no Roots Bar,cinema,São Luís
e6cbbcba-4452-4c7e-9147-df7f3f2a5da1,3,B,O calor hoje tá criminoso,1,implicita,feliz,crush,0,0,0,casual,,,,,São Luís
6aa2c7c9-7c19-447a-88fb-2e6ab7149bc4,4,A,Passei horas debugando código.,0,none,apaixonado,contatinho,0,0,0,none,,,,,São Luís
c91ddaf4-cd06-4759-9344-a512cbebe819,4,A,React acabou com meu psicológico.,0,none,carente,amizade,0,0,0,none,,,,,São Luís
080abe56-ed68-450a-91c6-c0ea15afdc24,2,A,Essa cidade tá parada hoje.,1,explicita,apaixonado,match_tinder,0,1,1,casual,ouvir música ao vivo,nesse final de semana,no Ceprama,bar,São Luís
a12ad6c8-7c9f-40d5-9aff-a80231802867,1,B,irmão que sofrimento,0,none,apaixonado,amizade,0,0,0,none,,,,,São Luís
a6016e7f-1169-445b-b04a-d159e6a67c57,2,A,Tá brincando,1,explicita,feliz,ficante,0,1,1,casual,ouvir música ao vivo,sexta depois da faculdade,na Lagoa da Jansen,bar,São Luís
e8c9f563-d1ad-457c-a256-1f98d33428f4,2,A,"essa semana foi pesada demais, você vai na feirinha?",1,implicita,cansado,ficante,1,0,0,casual,,,,,São Luís
a6016e7f-1169-445b-b04a-d159e6a67c57,0,A,meu deus tu sumiiiu,1,explicita,feliz,ficante,0,1,1,casual,ouvir música ao vivo,sexta depois da faculdade,na Lagoa da Jansen,bar,São Luís
6aa2c7c9-7c19-447a-88fb-2e6ab7149bc4,3,B,Que sufoco,0,none,apaixonado,contatinho,0,0,0,none,,,,,São Luís
ccf2c5c1-000e-48f2-932a-83293ee30984,1,B,Eu entendo viu aff,1,explicita,entediado,match_tinder,0,1,1,praia,comer um camarão,hoje depois das 19h,no The Rock Pub,frutos do mar,São Luís
b513a416-a91a-4316-af88-f40a3f5a68b9,1,B,Tu me deve um sushi ainda.,1,implicita,triste,namoro,0,0,0,casual,,,,,São Luís
905c785d-c8ed-40d6-91e3-8bce28f55946,6,A,Parece a minha semana,0,none,apaixonado,colega_trabalho,0,0,0,none,,,,,São Luís
eb2f5b6d-00fc-495d-a35b-ea1dbdfb26f5,3,B,Demais mesmoo,1,explicita,triste,match_tinder,1,1,1,gastronomico,comer pastel,hoje à noite,na Feirinha São Luís,pastel,São Luís
58cc75d8-072f-46aa-a6d5-a970f39b104f,0,A,Opa meu consagradoo,1,implicita,apaixonado,ficante,0,0,0,casual,,,,,São Luís
28d6961d-28d3-427e-bb83-e847bf9eebdf,1,B,O São João tá chegando.,1,explicita,animado,colega_trabalho,0,1,1,praia,tomar um litrão,sábado de noite,na Praia do Calhau,bar,São Luís
4d157dca-4259-4b14-a80a-08f5ad9c564f,0,A,Oi criatura socorro,1,implicita,cansado,contatinho,1,0,0,casual,,,,,São Luís
0a286769-3959-4c48-9d90-18d57c82aba6,3,B,Verdade demais 😩 kkkkkkk,1,explicita,feliz,amizade,0,1,1,gastronomico,comer tapioca,depois do estágio,no Roots Bar,tapioca,São Luís
d5e151e8-fef9-4865-bd0a-f7672336957b,4,A,Sobreviveu à semana? simbora no Anjo da Guarda mais tarde? mah,1,explicita,saudoso,ex,0,1,1,casual,andar de carro sem rumo,quando tu sair da faculdade,no Anjo da Guarda,,São Luís
d28419ff-8fdc-4ce0-9131-9f9998f3da06,0,A,opa meu consagrado,0,none,carente,crush,0,0,0,none,,,,,São Luís
6c88129e-6053-4b1c-9406-dc3521e467cc,5,B,Tô no mesmo barco,1,explicita,apaixonado,ficante,1,1,1,shopping,dar rolê no shopping,domingo no fim da tarde,no Amsterdam Music Pub,shopping,São Luís
86721d7f-56ab-40ee-bd53-106b087448a3,4,A,Saudade de sair com tu. 😩,1,implicita,apaixonado,crush,0,0,0,casual,,,,,São Luís
449b46e8-b226-472e-9a91-7260c8c18ab7,3,B,Que situação hein,1,explicita,triste,amizade,0,1,1,gastronomico,comer sushi,hoje,no Centro Histórico,sushi,São Luís
28d6961d-28d3-427e-bb83-e847bf9eebdf,2,A,tô no mesmo barco cara,1,explicita,animado,colega_trabalho,0,1,1,praia,tomar um litrão,sábado de noite,na Praia do Calhau,bar,São Luís
f775ab8a-8291-4bba-9605-ef93bccf4ac4,0,A,Como tu tá? mds,1,explicita,feliz,amizade,0,1,1,shopping,dar rolê no shopping,hoje depois das 19h,na extensão da Litorânea,shopping,São Luís
0266bdd4-a671-42fc-ac04-445b1982fedb,1,B,Oxe que isso né não,1,explicita,carente,crush,0,1,1,praia,ver o pôr do sol,domingo de manhã,no Empório Fribal,,São Luís
54385dc6-1b94-48ec-9c34-49238bd7a607,2,A,Demais mesmo né não,1,explicita,carente,ex,0,1,1,casual,comer açaí na tigela,mais tarde,ali pelo Calhau,açaí,São Luís
9b13002f-a9a3-4557-8147-6a7b5d9b9919,1,B,Eu entendo viu,1,implicita,animado,colega_trabalho,0,0,0,casual,,,,,São Luís
3097f129-1b5b-43f1-b038-b3c0faa6c69d,3,B,Boa sorte aí kkkkk gente,0,none,apaixonado,ex,0,0,0,none,,,,,São Luís
e71b7d66-8e6c-4192-8624-9ba0a018acff,2,A,A chuva caiu bem na hora que saí. 😩,1,implicita,feliz,ficante,0,0,0,casual,,,,,São Luís
0c58ac9c-ad16-45e8-8802-dab3fac03910,4,A,Quero demais!,1,implicita,animado,ficante,0,0,0,casual,,,,,São Luís
e3e24ad2-1e9a-4cf9-beb9-bb3cb21c4137,2,A,O trânsito tá impossível hoje.,1,implicita,entediado,ficante,0,0,0,casual,,,,,São Luís
6beeaa88-4cfe-4dd1-bdec-66ce1c629386,6,A,Oii tava afim de tomar um açaí no Amsterdam Music Puub,1,explicita,apaixonado,crush,0,1,1,praia,tomar um açaí,sexta depois da faculdade,no Amsterdam Music Pub,açaí,São Luís
a05e54d6-8e8e-4152-98f1-6ce263b4dd04,3,B,irmão que sofrimento mah,1,implicita,cansado,colega_trabalho,1,0,0,casual,,,,,São Luís
3194e5a3-a0e2-4c1b-b84b-9d3831446852,0,A,Tu tá onde? vei,0,none,apaixonado,colega_trabalho,0,0,0,none,,,,,São Luís
24bf4edd-e6f3-40b5-a7db-363dc1658ac8,2,A,"essa chuva apareceu do nada, vc vai no rolê da Lagoa? 💀",1,explicita,cansado,crush,1,1,1,praia,tomar um energético,amanhã depois da aula,no Quintal da Vila,bar,São Luís
683c604d-331c-4d55-aa65-9279c50f0bd9,3,B,topei,1,explicita,cansado,amizade,0,1,1,bar,beber cerveja,mais tarde,ali no Vinhais,bar,São Luís
043c789c-adbc-460f-acd5-9d04ecdaf46e,0,A,Sobreviveu à semana?,1,explicita,estressado,ex,1,1,1,cinema,assistir filme,de madrugada mesmo kkkkk,no Bar do Léo,cinema,São Luís
da002399-cd0d-49a1-a55f-dde87dc4fc7d,1,B,Oi sumida tava afim de ver as luzes da cidade no Haruki,1,explicita,estressado,ex,0,1,1,casual,ver as luzes da cidade,amanhã depois da aula,no Haruki,,São Luís
a290a8c5-5dc4-44d8-b8d4-88e76ea2a986,7,B,Simbora cara,1,implicita,animado,amizade,0,0,0,casual,,,,,São Luís
7e70f20d-f11b-4af9-83eb-2e0961df4383,6,A,Queria companhia pra hoje,1,implicita,cansado,amizade,1,0,0,casual,,,,,São Luís
026eb1d2-dcb1-4b1d-bc20-40a6fed54c89,1,B,Oxe que isso hahaha,1,explicita,feliz,contatinho,0,1,1,praia,comer um camarão,domingo de manhã,no Empório Fribal,frutos do mar,São Luís
a9223afe-4ec4-4f45-a9a0-fdaf5c7bd0c0,0,A,E aí meu patrão,0,none,triste,ficante,0,0,0,none,,,,,São Luís
026eb1d2-dcb1-4b1d-bc20-40a6fed54c89,3,B,opa vamo nessa comer um camarão depois? mah,1,explicita,feliz,contatinho,0,1,1,praia,comer um camarão,domingo de manhã,no Empório Fribal,frutos do mar,São Luís
cbe1c406-2732-4039-b727-5d5caa3f6061,1,B,parece a minha semana,1,implicita,cansado,contatinho,1,0,0,casual,,,,,São Luís
4b1fed26-e963-4f23-9ba6-6198986de253,5,B,Tô atolado de trabalho da faculdade gente,0,none,cansado,contatinho,0,0,0,none,,,,,São Luís
542957f4-ee9d-416d-8ee7-91b32512ea00,2,A,A gente não se vê faz tempo.,1,implicita,animado,namoro,0,0,0,casual,,,,,São Luís
2d74c452-5227-469c-b61d-72174f0762ad,3,B,E aí gata depois da aula a gente podia comer hambúrguer slk,1,explicita,entediado,colega_trabalho,0,1,1,gastronomico,comer hambúrguer,quando acabar esse calor infernal,no Quintal da Vila,hambúrguer,São Luís
5d2fc3ca-3c9d-4448-ba82-aee3b8ea2175,1,B,Hoje foi só apagar incêndio. misericórdia,0,none,entediado,contatinho,0,0,0,none,,,,,São Luís
e4747663-d8d9-4e31-8024-c9d4986cc012,0,A,E aí doido kkkkkkk,1,implicita,empolgado,namoro,1,0,0,casual,,,,,São Luís
9f43fdf2-9f0f-47fa-a5e9-da510e6ffc80,1,B,demais mesmo 💀,1,explicita,apaixonado,contatinho,0,1,1,bar,ir num barzinho,domingo de manhã,na Praia de São Marcos,bar,São Luís
ea91fa4b-b440-4862-a47d-22ae1d67ae66,4,A,Queria muito ir pra um show,0,none,saudoso,contatinho,0,0,0,none,,,,,São Luís
6a0eba87-5760-4bce-888f-d9ae29c80578,1,B,Que sufoco,0,none,animado,match_tinder,0,0,0,none,,,,,São Luís
92c14648-b607-4102-8ad1-5be64d351d28,1,B,Eu entendo viu,1,implicita,entediado,namoro,0,0,0,casual,,,,,São Luís
284a30f2-4bb9-4018-bf96-83c5d8361f49,5,B,A vida é assim mesmo  né,0,none,empolgado,ficante,0,0,0,none,,,,,São Luís
6beeaa88-4cfe-4dd1-bdec-66ce1c629386,7,B,que horas??,1,explicita,apaixonado,crush,0,1,1,praia,tomar um açaí,sexta depois da faculdade,no Amsterdam Music Pub,açaí,São Luís
a38b47b6-fbc2-48e2-a30a-763fa62ff2aa,0,A,Tu tá onde?,1,explicita,cansado,match_tinder,1,1,1,praia,andar pela litorânea,quando tu sair da faculdade,no Outback,,São Luís
d651f110-6a11-4ffb-897a-ac6ae554859c,2,A,Meu financeiro tá um caos. 💀,0,none,carente,match_tinder,0,0,0,none,,,,,São Luís
7d55fab9-0a22-443f-a758-996a8d28186a,6,A,Eu entendo viu,0,none,animado,match_tinder,0,0,0,none,,,,,São Luís
df87762d-e8ec-47c0-bc7f-871cb9dd279b,1,B,Oxe que issoooo 🤣,1,implicita,estressado,colega_trabalho,0,0,0,casual,,,,,São Luís
8691e9c8-64b9-4cf4-8711-b17233e9eb27,2,A,O trânsito tá impossível hoje. oxe,1,implicita,estressado,namoro,0,0,0,casual,,,,,São Luís
aa8037ac-c97b-4ea9-9822-dcd78e205726,6,A,Meu time conseguiu perder uma partida impossível.,0,none,apaixonado,namoro,0,0,0,none,,,,,São Luís
6263e846-c12e-47d2-a75e-3ce775667b02,0,A,E aí?,1,explicita,animado,crush,1,1,1,cinema,pegar um cinema,de madrugada mesmo kkkkk,no Amsterdam Music Pub,cinema,São Luís
40d440d1-e7d5-4763-b037-268d9f73ba85,3,B,nem me faaala,1,explicita,cansado,ex,0,1,1,gastronomico,comer pastel,sábado de noite,no Roots Bar,pastel,São Luís
fec8e565-50e0-4c59-8102-0653a140d8c2,1,B,Nem me falla,1,explicita,animado,match_tinder,0,1,1,casual,jogar sinuca,hoje à noite,lá no Cohatrac,bar,São Luís
043c789c-adbc-460f-acd5-9d04ecdaf46e,4,A,essa cidade tá parada hoje.,1,explicita,estressado,ex,1,1,1,cinema,assistir filme,de madrugada mesmo kkkkk,no Bar do Léo,cinema,São Luís
36337c9b-d3fb-477f-9538-3854ede00574,3,B,Meu pedido demorou duas horasss,0,none,cansado,ficante,0,0,0,none,,,,,São Luís
91736d1a-2d26-47ad-b078-82ad6877c589,3,B,Boa sorte aí kkk,0,none,saudoso,colega_trabalho,0,0,0,none,,,,,São Luís
b28233ae-c622-42ab-8605-222f80352cd9,5,B,Já tô pronto(aaa),1,explicita,entediado,amizade,1,1,1,shopping,dar rolê no shopping,domingo de manhã,no Centro Histórico,shopping,São Luís
21f4a253-743d-469a-979e-6db5e8ee1f05,2,A,A professora pediu análise nutricional completa. 🥲,0,none,estressado,contatinho,0,0,0,none,,,,,São Luís
2f4c7ffb-d0e1-4603-94ec-5bc67dbb6808,0,A,sobreviveu à semana?,0,none,triste,match_tinder,0,0,0,none,,,,,São Luís
6049d233-bbd4-4e71-9f4f-17685f896d64,4,A,Oxe que isso,1,explicita,entediado,amizade,1,1,1,bar,ir no reggae,hoje depois das 19h,ali pelo Calhau,reggae,São Luís
3dfd0f9f-f054-4ac6-8912-ca0cb3d03a39,0,A,E aí gata,1,explicita,apaixonado,namoro,0,1,1,casual,dar uma volta,quando tu sair da faculdade,no Shopping da Ilha,,São Luís
f6ccc9e1-b00e-416d-9ced-c0c3fed16dfe,3,B,Passei o dia inteiro na clíniccca.,0,none,cansado,ficante,0,0,0,none,,,,,São Luís
b9d2dd27-db52-4a0f-8ea5-e785fcf7f703,0,A,Opa meu consagrado,0,none,cansado,crush,0,0,0,none,,,,,São Luís
284a30f2-4bb9-4018-bf96-83c5d8361f49,2,A,Passei horas escolhendo tipografia. aff,0,none,empolgado,ficante,0,0,0,none,,,,,São Luís
a045410e-ab8a-47b5-a967-7139f861e48d,1,B,Demais mesmoooo,0,none,cansado,ficante,0,0,0,none,,,,,São Luís
50aa0f3e-b8a4-452d-b1b4-27b2a863f7a2,2,A,"esse calor tá insuportável, você vai no São Joãoo?",1,explicita,estressado,colega_trabalho,1,1,1,gastronomico,comer tapioca,amanhã depois da aula,na praça de alimentação do Rio Anil,tapioca,São Luís
c2111b89-043b-4c27-9c56-af4e11a8d38a,1,B,A planilha financeira acabou comigo.,0,none,empolgado,colega_trabalho,0,0,0,none,,,,,São Luís
8a7913a1-20bd-4179-aac4-f6d3cf467d31,0,A,Opa meu consagrado,1,implicita,carente,namoro,0,0,0,casual,,,,,São Luís
3097f129-1b5b-43f1-b038-b3c0faa6c69d,5,B,Kkkkk conta essa história,0,none,apaixonado,ex,0,0,0,none,,,,,São Luís
ab612e54-ec6d-490b-8a43-ba032d7fadcf,0,A,Opa meu consagrado,1,explicita,feliz,ex,1,1,1,bar,beber cerveja,nesse final de semana,no Amsterdam Music Pub,bar,São Luís
e50b79e8-bd82-423b-bbc6-bda8a6c1656b,1,B,Boa sorte aí kkkkk,0,none,apaixonado,colega_trabalho,0,0,0,none,,,,,São Luís
e6803ebe-d1e1-4a4d-b224-d593b5c61fe4,3,B,Oi meu amor partiu no Outback hoje?,1,explicita,apaixonado,colega_trabalho,0,1,1,gastronomico,comer uma pizza,sábado de noite,no Outback,pizza,São Luís
b3025af6-d178-4735-9a26-2e43b2112ba3,0,A,E aí gattta,0,none,feliz,match_tinder,0,0,0,none,,,,,São Luís
6948cb90-0df5-489a-b13e-1fa0a9835b94,0,A,Ei sumiço mano,1,explicita,cansado,ex,0,1,1,gastronomico,comer uma pizza,hoje depois das 19h,no Armazém,pizza,São Luís
e4747663-d8d9-4e31-8024-c9d4986cc012,1,B,Tava pensando que a gnt podia se ver hoje.,1,implicita,empolgado,namoro,1,0,0,casual,,,,,São Luís
97dbb556-83fa-4222-af2d-e706bc6e0447,0,A,Partiu rolê hoje?,1,explicita,animado,colega_trabalho,0,1,1,praia,ver o pôr do sol,depois do estágio,no Cabana do Sol,,São Luís
b072e731-a3d4-4570-897e-8b0902122a23,4,A,Que fim levou tu? vamo nessa jogar sinuca depois? mds,1,explicita,carente,crush,1,1,1,casual,jogar sinuca,de madrugada mesmo kkkkk,no Shopping da Ilha,bar,São Luís
44200654-2ca6-4e28-b9c6-fbeab7e0fe4c,2,A,Minha internet caiu de novo.,1,implicita,estressado,crush,0,0,0,casual,,,,,São Luís
b009ea94-9b7b-42af-8fb7-913972ad8738,0,A,Que fim levou tu?,1,implicita,animado,ficante,0,0,0,casual,,,,,São Luís
f9cbec71-b8ec-4e3d-9db7-db7e9d133c34,2,A,Meu Deus tu sumiu vamo nessa comer tapioca depois?,1,explicita,feliz,amizade,0,1,1,gastronomico,comer tapioca,nesse final de semana,na Praia de São Marcos,tapioca,São Luís
025b0d8a-6fbe-4cee-8cd6-0babfb218d05,4,A,O trânsito tá impossível hoje.,1,implicita,feliz,ex,1,0,0,casual,,,,,São Luís
b435d622-2a57-47f0-98b6-57a152a5ef36,1,B,Kkkkk conta essa história,1,implicita,triste,crush,0,0,0,casual,,,,,São Luís
e79a2a42-5b3a-472a-a694-339361802665,2,A,Passei o dia atendendo cliente.,0,none,saudoso,contatinho,0,0,0,none,,,,,São Luís
abd77fd2-71c7-480a-af08-b55b38321534,3,B,Verdade demais 😩,0,none,feliz,amizade,0,0,0,none,,,,,São Luís
55d7d0e4-d4e8-4ee8-b1e1-4825c3029796,4,A,Tu me deve um sushi ainda.,1,implicita,empolgado,ficante,1,0,0,casual,,,,,São Luís
495402ff-af9c-4cc9-8fe3-ebdbbd4caf32,3,B,Passei horas debugando código,0,none,cansado,ex,0,0,0,none,,,,,São Luís
032d01dd-570a-400d-adb7-d0e31a3111f8,3,B,Tô dentro ❤️ vei,1,explicita,apaixonado,match_tinder,0,1,1,bar,beber cerveja,hoje depois das 19h,no São Luís Shopping,bar,São Luís
74633f4d-c5e8-4b7c-bd32-922e22a7176a,2,A,Hoje teve aula prática o dia inteirooo,0,none,carente,crush,0,0,0,none,,,,,São Luís
2d74c452-5227-469c-b61d-72174f0762ad,2,A,o pix caiu só agorrra,1,explicita,entediado,colega_trabalho,0,1,1,gastronomico,comer hambúrguer,quando acabar esse calor infernal,no Quintal da Vila,hambúrguer,São Luís
2194aab4-702b-4938-88f5-845c71ec6e07,5,B,Não consegui prar um minuto hoje....,0,none,estressado,namoro,0,0,0,none,,,,,São Luís
9d3579c9-5a84-4807-afdb-20eb33896aa6,1,B,Acabou energia aqui em casa.,1,explicita,estressado,ficante,0,1,1,praia,tomar um açaí,de madrugada mesmo kkkkk,no Rio Anil Shopping,açaí,São Luís
beb69fab-7b0a-4b82-b1b2-2a0f7fcf0acc,0,A,Oi sumida,1,implicita,carente,amizade,0,0,0,casual,,,,,São Luís
07ecade8-33f8-4681-b14f-df56d2cd63b1,2,A,A professora pediu análise nutricional completa. 😭,0,none,animado,colega_trabalho,0,0,0,none,,,,,São Luís
2013b51f-a945-41e4-af32-4cf6d5b493ac,0,A,e aí gaaata,1,explicita,apaixonado,crush,0,1,1,praia,tomar um litrão,amanhã,no Golden Shopping,bar,São Luís
0aba687a-d6aa-482a-b864-2a695efdda9f,4,A,A prova de algoritmo foi absurda. 🤣,0,none,triste,contatinho,0,0,0,none,,,,,São Luís
2f26c9fa-4006-46ef-ac69-f764c99218a1,6,A,Eu entendo vvvviu oxe,0,none,saudoso,crush,0,0,0,none,,,,,São Luís
b93c9cdd-4c14-4ba6-a083-91ea1789a649,4,A,Verdade demais 😩,0,none,animado,ficante,0,0,0,none,,,,,São Luís
e89beb41-1147-4122-aca8-651d495fe0ac,1,B,Tá brincando,1,implicita,empolgado,match_tinder,0,0,0,casual,,,,,São Luís
70278b4e-2283-45b6-9cbe-aab3bb30b8f5,4,A,tu toparia um rolê aleatório?,1,implicita,cansado,namoro,1,0,0,casual,,,,,São Luís
318d26b4-18cf-4308-8550-96d0bc1b5d26,3,B,Simbora! kkkk,1,explicita,empolgado,match_tinder,0,1,1,shopping,dar rolê no shopping,quando tu sair da faculdade,no Roots Bar,shopping,São Luís
0865c382-a377-48cb-b0c8-2b9d67c7af1a,1,B,Eu entendo viu,0,none,carente,ficante,0,0,0,none,,,,,São Luís
1280806f-0fba-4276-b16e-a3081be6d4de,1,B,Boa sorte aí kkkkkk,1,explicita,estressado,contatinho,0,1,1,gastronomico,comer uma pizza,domingo de manhã,no Vignoli,pizza,São Luís
b81d4f95-2bed-411a-9c08-39754d5045db,0,A,Sobreviveu à semana?,1,explicita,apaixonado,colega_trabalho,1,1,1,casual,comer açaí na tigela,depois do estágio,na Praia do Calhau,açaí,São Luís
c24d9a5b-38bb-4304-98e0-07f65139625c,1,B,Verdade demais 😩,1,implicita,feliz,contatinho,0,0,0,casual,,,,,São Luís
b9d2dd27-db52-4a0f-8ea5-e785fcf7f703,3,B,Oxe que isso vei,0,none,cansado,crush,0,0,0,none,,,,,São Luís
2ab92ea3-1539-4498-ac28-2d71b7196ef4,6,A,Passei o dia atolado de processo. cara,0,none,carente,ficante,0,0,0,none,,,,,São Luís
04349358-d2ec-47ed-bf61-345156656045,0,A,Oi criatura,1,explicita,estressado,ficante,0,1,1,cinema,assistir filme,hoje depois das 19h,no Centro Histórico,cinema,São Luís
7928fb64-028f-48cb-9699-f30e22080dfd,2,A,e aí gata bora dar uma volta no anjo da guarda??,1,explicita,empolgado,contatinho,0,1,1,casual,dar uma volta,domingo no fim da tarde,no Anjo da Guarda,,São Luís
9943e8fb-5fcd-4812-9051-8191e64808d0,2,A,passei horas montando dieta... mds,0,none,saudoso,ex,0,0,0,none,,,,,São Luís
af6231f2-b3f4-48c8-b592-2faf636f5adc,4,A,passei horas escolhendo tipografia kkkkkkk,0,none,carente,contatinho,0,0,0,none,,,,,São Luís
2f4c7ffb-d0e1-4603-94ec-5bc67dbb6808,2,A,Hoje teve confusão lá em casa.,0,none,triste,match_tinder,0,0,0,none,,,,,São Luís
4a4e2234-2d2d-4bcb-b12c-f9ebdb71b715,4,A,Essa cidade tá parada hojjjje.,1,explicita,cansado,crush,0,1,1,praia,tomar um drink,quando acabar esse calor infernal,na Casa do Maranhão,bar,São Luís
010fcd82-242f-4385-b91e-e51dd27b82f0,1,B,a firma acabou comigo hoje..,0,none,empolgado,colega_trabalho,0,0,0,none,,,,,São Luís
2d74c452-5227-469c-b61d-72174f0762ad,1,B,nem me fala gente,1,explicita,entediado,colega_trabalho,0,1,1,gastronomico,comer hambúrguer,quando acabar esse calor infernal,no Quintal da Vila,hambúrguer,São Luís
0a286769-3959-4c48-9d90-18d57c82aba6,1,B,Que sufoco,1,explicita,feliz,amizade,0,1,1,gastronomico,comer tapioca,depois do estágio,no Roots Bar,tapioca,São Luís
032d01dd-570a-400d-adb7-d0e31a3111f8,0,A,Oi criatura,1,explicita,apaixonado,match_tinder,0,1,1,bar,beber cerveja,hoje depois das 19h,no São Luís Shopping,bar,São Luís
056ba82c-0507-4f12-a5fa-a896f350facc,6,A,Passei o dia inteiro em reunião,0,none,empolgado,ficante,0,0,0,none,,,,,São Luís
9b6a0e89-91b9-40c2-8d5a-954abec52f71,7,B,Que sufoco,0,none,saudoso,colega_trabalho,0,0,0,none,,,,,São Luís
dd0b67e5-2cb4-4777-823c-e5df9dedd7c8,4,A,sextou e eu sem companhia.,1,implicita,saudoso,colega_trabalho,1,0,0,casual,,,,,São Luís
b435d622-2a57-47f0-98b6-57a152a5ef36,3,B,Oxe que isso,1,implicita,triste,crush,0,0,0,casual,,,,,São Luís
080abe56-ed68-450a-91c6-c0ea15afdc24,0,A,Sobreviveu à semana?,1,explicita,apaixonado,match_tinder,0,1,1,casual,ouvir música ao vivo,nesse final de semana,no Ceprama,bar,São Luís
3b6bacb3-f59f-4832-9a0a-0f2055a65edf,3,B,Parece a minha semanaaaa,1,explicita,triste,namoro,0,1,1,praia,tomar café gelado,domingo no fim da tarde,na Casa do Maranhão,café,São Luís
af6231f2-b3f4-48c8-b592-2faf636f5adc,2,A,A aula prática acabou comigooo. misericórdia,0,none,carente,contatinho,0,0,0,none,,,,,São Luís
9634ba6f-f676-4d24-a393-c7a0467c0649,3,B,o pix caiu só agora 🥲,1,explicita,triste,ex,0,1,1,bar,ir num barzinho,amanhã depois da aula,no Fitó,bar,São Luís
f2e5ab36-9652-4a8d-80a6-e9adea5ee5d0,1,B,Que sufoco,1,implicita,cansado,amizade,0,0,0,casual,,,,,São Luís
a028464d-1f0b-435e-8627-1b89075ac54e,3,B,Boa ideia! Me avisa,1,explicita,empolgado,colega_trabalho,0,1,1,cinema,assistir filme,hoje depois das 19h,no Roots Bar,cinema,São Luís
4b1fed26-e963-4f23-9ba6-6198986de253,1,B,Microscopia acabou comigo.,0,none,cansado,contatinho,0,0,0,none,,,,,São Luís
d58161bf-78a6-42d6-af0c-cc08cd7a9b2c,3,B,Oxe que isso pai d'égua,1,explicita,feliz,amizade,0,1,1,gastronomico,lançar um sushi,quando acabar esse calor infernal,no Bar do Léo,sushi,São Luís
3a67196d-28ab-4ba1-b538-75c0b42fde8f,3,B,Essa chuva apareceu do nadaaa.,1,explicita,apaixonado,crush,0,1,1,casual,ficar conversando,hoje à noite,no Armazém,,São Luís
395d0251-c648-4c0e-80c6-7fa25ad2fc31,5,B,parece a minha semana,1,explicita,triste,contatinho,0,1,1,bar,ir num barzinho,amanhã depois da aula,no Bar do Léo,bar,São Luís
9e4eb5d3-4af1-46db-a492-0678849162de,1,B,Tá brincando gente,1,implicita,saudoso,match_tinder,1,0,0,casual,,,,,São Luís
3fedf134-d037-45c2-b0a7-995be1d8e317,1,B,Tô no mesmo barco,0,none,triste,ex,0,0,0,none,,,,,São Luís
2dc47899-7bf9-409b-b227-bfc2e4b3c598,0,A,e aí?,1,implicita,saudoso,ex,0,0,0,casual,,,,,São Luís
b4b272c3-eba5-4960-825e-8e19e8e22590,5,B,Irmão que sofrimento,0,none,animado,namoro,0,0,0,none,,,,,São Luís
334e9191-fa00-4fe7-a870-10f7c2dc97f4,2,A,Fim de semana chegou finalmente. 💀,1,explicita,saudoso,ex,0,1,1,cinema,pegar um cinema,hoje depois das 19h,no Golden Shopping,cinema,São Luís
0def2279-5b91-4a77-9d5b-6a0e3a12414d,2,A,Tá brincando,0,none,apaixonado,amizade,0,0,0,none,,,,,São Luís
6afac418-92e6-4d36-b6fc-cdc403e7d570,3,B,A planilha financeira acabou comigo.,0,none,cansado,contatinho,0,0,0,none,,,,,São Luís
6497d2b8-ad04-4e2e-8a2a-ea9d10470d4f,0,A,Oi criatura,1,implicita,saudoso,contatinho,0,0,0,casual,,,,,São Luís
16bc744f-8263-4d10-a2e1-ae2e37cacbc4,5,B,Boa ideia! Me avisa,1,explicita,triste,match_tinder,0,1,1,casual,jogar sinuca,sexta depois da faculdade,no Anjo da Guarda,bar,São Luís
6c8af27b-d0db-4cfe-904d-65fe7b919985,4,A,Meu iFood veio errado. cara,1,explicita,carente,contatinho,1,1,1,praia,tomar café gelado,domingo de manhã,lá no Cohatrac,café,São Luís
6b14d835-b02a-45fd-a9e3-87197d9feb58,0,A,E aí gata,0,none,empolgado,crush,0,0,0,none,,,,,São Luís
4b1fed26-e963-4f23-9ba6-6198986de253,0,A,Bora viver?,0,none,cansado,contatinho,0,0,0,none,,,,,São Luís
1ef9cff3-123f-4d12-9444-c333d73ad9ce,2,A,Boa ideia! Me avisa,1,implicita,apaixonado,ex,0,0,0,casual,,,,,São Luís
025b0d8a-6fbe-4cee-8cd6-0babfb218d05,7,B,Topei!,1,implicita,feliz,ex,1,0,0,casual,,,,,São Luís
2da296b2-e584-4c09-a7ca-dae9323f63ce,0,A,oi criatura,1,explicita,entediado,contatinho,0,1,1,cinema,assistir filme,amanhã,na Praia do Olho d'Água,cinema,São Luís
20a79bc3-36c2-4a51-a1a4-46f9cebe26a4,1,B,Verdade demais 😩 pai d'égua,1,explicita,triste,contatinho,0,1,1,gastronomico,comer hambúrguer,depois do estágio,na Praia de São Marcos,hambúrguer,São Luís
214f0403-3280-47fa-a5fc-36255d888907,1,B,kkkkk conta essa história,0,none,apaixonado,colega_trabalho,0,0,0,none,,,,,São Luís
af6231f2-b3f4-48c8-b592-2faf636f5adc,7,B,A vida adulta não tem tutoriiiial,0,none,carente,contatinho,0,0,0,none,,,,,São Luís
edb113a5-38ec-43f3-8990-1ede699f136a,3,B,Acabou energia aqui em casa.,1,implicita,empolgado,amizade,0,0,0,casual,,,,,São Luís
e71b7d66-8e6c-4192-8624-9ba0a018acff,3,B,Kkkkk conta essa história,1,implicita,feliz,ficante,0,0,0,casual,,,,,São Luís
3194e5a3-a0e2-4c1b-b84b-9d3831446852,3,B,Tá brincando gente,0,none,apaixonado,colega_trabalho,0,0,0,none,,,,,São Luís
a7da69f1-3f0d-4643-96fc-3e34bd2209e4,0,A,Que fim levou ttu?,0,none,empolgado,match_tinder,0,0,0,none,,,,,São Luís
47528c63-855b-4093-b1fb-82320881913e,5,B,Illustrator travou no pior momento. mano,0,none,entediado,ex,0,0,0,none,,,,,São Luís
21e045bc-106e-4e0d-a05b-de54cf49d20c,3,B,Passei horas debugando códiiiigo,0,none,saudoso,ficante,0,0,0,none,,,,,São Luís
d688145c-a070-4ab0-877b-e92a75a8fa8a,2,A,Parece a minha semana,1,explicita,empolgado,amizade,0,1,1,praia,andar pela litorânea,sábado de noite,no Chopp da Fábrica,,São Luís
6e720a00-5c7c-40b7-b42f-354a3c159f89,0,A,bora viver?,1,implicita,empolgado,crush,0,0,0,casual,,,,,São Luís
669cd463-c609-4740-a3e8-6e0598f731eb,4,A,Demais mesmo vei,0,none,apaixonado,crush,0,0,0,none,,,,,São Luís
342d880e-b09a-4f8c-93f8-2199aed39d7a,2,A,tô no mesmo barco kkkk,0,none,triste,match_tinder,0,0,0,none,,,,,São Luís
6beeaa88-4cfe-4dd1-bdec-66ce1c629386,3,B,eu entendo viu,1,explicita,apaixonado,crush,0,1,1,praia,tomar um açaí,sexta depois da faculdade,no Amsterdam Music Pub,açaí,São Luís
2e8f949f-8556-48c3-8f5e-4eeedff13862,4,A,Passei a manhã resolvendo boleto.,1,explicita,cansado,ex,0,1,1,bar,ir no reggae,domingo no fim da tarde,no Armazém,reggae,São Luís
2f52516c-c29c-4387-aeca-7dab40efa748,1,B,Irmão que sofrimento hahaha,1,explicita,estressado,contatinho,0,1,1,gastronomico,comer hambúrguer,quando tu sair da faculdade,no Armazém,hambúrguer,São Luís
7c5df2b7-6d08-4f7d-842b-a8d89bbfe196,0,A,e aí?,1,implicita,saudoso,contatinho,0,0,0,casual,,,,,São Luís
6f43c38c-1d0f-42f5-9fa2-515ba450c05d,3,B,eu entendo viu slk,1,implicita,saudoso,ex,1,0,0,casual,,,,,São Luís
29ae37e3-747f-4a96-a065-012df8529d0d,5,B,Microscopia acabou comigo.,0,none,saudoso,crush,0,0,0,none,,,,,São Luís
669cd463-c609-4740-a3e8-6e0598f731eb,0,A,Oi meu amor misericórdia,0,none,apaixonado,crush,0,0,0,none,,,,,São Luís
4a2cca2c-9ee1-4cd4-bd35-dffce9244d14,4,A,A pessoa simplesmente sumiu pai d'égua,0,none,estressado,namoro,0,0,0,none,,,,,São Luís
0a283341-99e1-4b9f-94ba-2c421b424478,1,B,que situação hein,1,explicita,estressado,colega_trabalho,0,1,1,praia,tomar um açaí,quando acabar esse calor infernal,no Roots Bar,açaí,São Luís
973c8043-c198-4428-9265-05c14bc98910,4,A,bora fugir da rotina hoje. aff,1,implicita,feliz,colega_trabalho,0,0,0,casual,,,,,São Luís
0a286769-3959-4c48-9d90-18d57c82aba6,0,A,"Oi, tudo bem????",1,explicita,feliz,amizade,0,1,1,gastronomico,comer tapioca,depois do estágio,no Roots Bar,tapioca,São Luís
bbdf7f93-aa8e-410d-912c-d3bafd5150d3,3,B,Que sufoco 😭,0,none,carente,ex,0,0,0,none,,,,,São Luís
7622b0a1-1ec8-49cf-b78e-83f86a803afb,0,A,Bora viverrr? mano,1,explicita,apaixonado,contatinho,1,1,1,praia,tomar sorvete,sábado à tarde,no Ceprama,sorvete,São Luís
33b2124b-430b-4cca-8ebb-276863700b3b,6,A,Hoje foi puxado demais,0,none,carente,ficante,0,0,0,none,,,,,São Luís
d8c89af2-deef-426c-937a-52d0fb26fff4,7,B,a aula prática acabou comigo. 😭,0,none,saudoso,match_tinder,0,0,0,none,,,,,São Luís
20a79bc3-36c2-4a51-a1a4-46f9cebe26a4,5,B,Tô no mesmo barco,1,explicita,triste,contatinho,0,1,1,gastronomico,comer hambúrguer,depois do estágio,na Praia de São Marcos,hambúrguer,São Luís
a66bd541-71c0-4d1d-9d21-74a245ac06a8,3,B,Boa sorte aí kkk,1,explicita,saudoso,namoro,0,1,1,shopping,dar rolê no shopping,sexta depois da faculdade,no Roots Bar,shopping,São Luís
dc0ae5fc-7795-4224-bc8f-8e90ea1b5ae5,1,B,Oxe que isso,1,implicita,apaixonado,namoro,0,0,0,casual,,,,,São Luís
dc282a3e-e9ae-43dc-a65b-bbe0684e1fea,0,A,Opa meu consagraado,1,implicita,carente,ficante,0,0,0,casual,,,,,São Luís
a059dde4-e9a4-466d-b18c-db06641c83b2,6,A,Boa sorte aí kkk,0,none,apaixonado,match_tinder,0,0,0,none,,,,,São Luís
90d4d588-aae5-492b-be60-9a82d292d706,1,B,Tu tá onde? tava afim de comer pastel na Praia de São Marcos 😭,1,explicita,empolgado,ficante,1,1,1,gastronomico,comer pastel,mais tarde,na Praia de São Marcos,pastel,São Luís
fda1f8be-c841-4a44-a0d7-7796ad97de79,0,A,oi criatura,1,explicita,carente,match_tinder,1,1,1,casual,comer açaí na tigela,depois do estágio,na Casa do Maranhão,açaí,São Luís
94873b2c-cc4a-41f0-b28d-8d94e2f327b0,6,A,Passei horas escolhendo tipografia. kkkk,0,none,entediado,ex,0,0,0,none,,,,,São Luís
f6ccc9e1-b00e-416d-9ced-c0c3fed16dfe,6,A,Oxe que isso vei,0,none,cansado,ficante,0,0,0,none,,,,,São Luís
c31ed6ca-3bae-4075-a3d0-25c2948a353a,0,A,e aí doido 😭,1,implicita,apaixonado,colega_trabalho,0,0,0,casual,,,,,São Luís
1362e2bd-4b4b-4adb-afb8-c6e6fbe76dfb,2,A,essa cidade tá parada hoje 😭,1,implicita,entediado,amizade,0,0,0,casual,,,,,São Luís
7c5df2b7-6d08-4f7d-842b-a8d89bbfe196,5,B,Tô no mesmo barrco hahaha,1,implicita,saudoso,contatinho,0,0,0,casual,,,,,São Luís
f4adf132-e14e-4215-8805-d5d032f7c7ed,2,A,E aí doido vamo nessa ver o pôr do sol depois?,1,explicita,feliz,crush,0,1,1,praia,ver o pôr do sol,sexta depois da faculdade,na Praia do Araçagy,,São Luís
35d3665a-352f-426b-988f-373713fff7c6,4,A,A chuva caiu bem na hora que saí. mah,1,explicita,entediado,namoro,0,1,1,gastronomico,comer pastel,depois do estágio,lá no Cohatrac,pastel,São Luís
5093dbca-a474-411a-b145-0cf09476fe1a,5,B,A aula de psicopatologia acabou comigo,0,none,entediado,crush,0,0,0,none,,,,,São Luís
214f0403-3280-47fa-a5fc-36255d888907,4,A,Hoje foi corrido no estágiiiio.,0,none,apaixonado,colega_trabalho,0,0,0,none,,,,,São Luís
d651f110-6a11-4ffb-897a-ac6ae554859c,9,B,Hoje o treino de perna destruiu minha existênciiia aff,0,none,carente,match_tinder,0,0,0,none,,,,,São Luís
c6a6f0d9-a517-469c-8f97-92028fa50454,7,B,Simbora!,1,implicita,empolgado,colega_trabalho,0,0,0,casual,,,,,São Luís
74d10c47-cd5d-4a90-bd59-63241435544f,0,A,Meu Deus tu sumiu,0,none,carente,contatinho,0,0,0,none,,,,,São Luís
91736d1a-2d26-47ad-b078-82ad6877c589,1,B,Demais mesmo olha,0,none,saudoso,colega_trabalho,0,0,0,none,,,,,São Luís
5c0daffc-ce04-4c01-9212-4925c3914331,0,A,oi sumida,1,explicita,saudoso,match_tinder,1,1,1,praia,tomar um açaí,hoje à noite,no Golden Shopping,açaí,São Luís
88fceb6e-8415-4e7c-adbc-0077ab85592a,2,A,esse calor tá insuportável.,1,explicita,animado,contatinho,0,1,1,praia,comer um camarão,domingo de manhã,no The Rock Pub,frutos do mar,São Luís
449b46e8-b226-472e-9a91-7260c8c18ab7,4,A,E aí doido tava afim de comer sushi no Centro Histórico,1,explicita,triste,amizade,0,1,1,gastronomico,comer sushi,hoje,no Centro Histórico,sushi,São Luís
97dbb556-83fa-4222-af2d-e706bc6e0447,2,A,E aí meu patrão bora sair pra ver o pôr do sol?,1,explicita,animado,colega_trabalho,0,1,1,praia,ver o pôr do sol,depois do estágio,no Cabana do Sol,,São Luís
aa32e92f-9316-46be-8162-6ef1c680aeae,0,A,"Oi, tudo bem?",0,none,carente,ex,0,0,0,none,,,,,São Luís
a38b47b6-fbc2-48e2-a30a-763fa62ff2aa,3,B,Tô no mesmo barco vei,1,explicita,cansado,match_tinder,1,1,1,praia,andar pela litorânea,quando tu sair da faculdade,no Outback,,São Luís
153ddd1d-fadb-4b1f-adf5-585cf0dfe332,6,A,Meu estágio na academia foi puxado.,0,none,saudoso,namoro,0,0,0,none,,,,,São Luís
61fa2c05-0965-430f-b97d-bb955ef26121,3,B,Parece a minha semana,1,explicita,empolgado,contatinho,1,1,1,gastronomico,comer tapioca,domingo de manhã,ali pela Avenida Holandeses,tapioca,São Luís
f775ab8a-8291-4bba-9605-ef93bccf4ac4,5,B,Com você qualquer lugar,1,explicita,feliz,amizade,0,1,1,shopping,dar rolê no shopping,hoje depois das 19h,na extensão da Litorânea,shopping,São Luís
743ab7e4-533f-49bb-a137-58b5a668875d,4,A,Opa bora ver o mar no Ceprama?,1,explicita,animado,namoro,0,1,1,praia,ver o mar,sábado à tarde,no Ceprama,,São Luís
43d18fb6-ad9c-423d-9f3e-390f37311caf,4,A,A aula de psicopatologia acabou comigo,0,none,triste,amizade,0,0,0,none,,,,,São Luís
9fa32001-c155-490d-9960-3eb85c469835,4,A,essa semana foi pesada demais.,1,explicita,carente,namoro,0,1,1,praia,comer um camarão,de madrugada mesmo kkkkk,no Espigão Costeiro,frutos do mar,São Luís
61fa2c05-0965-430f-b97d-bb955ef26121,1,B,tô no mesmo barco,1,explicita,empolgado,contatinho,1,1,1,gastronomico,comer tapioca,domingo de manhã,ali pela Avenida Holandeses,tapioca,São Luís
a028464d-1f0b-435e-8627-1b89075ac54e,0,A,Que fim levou tu?,1,explicita,empolgado,colega_trabalho,0,1,1,cinema,assistir filme,hoje depois das 19h,no Roots Bar,cinema,São Luís
e6803ebe-d1e1-4a4d-b224-d593b5c61fe4,2,A,O trânsito tá impossível hoje. 🤣,1,explicita,apaixonado,colega_trabalho,0,1,1,gastronomico,comer uma pizza,sábado de noite,no Outback,pizza,São Luís
d6a3e583-6601-4b9f-adc3-6359c2504774,5,B,a obra do estágio tá uma loucura. slk,0,none,carente,ficante,0,0,0,none,,,,,São Luís
0a286769-3959-4c48-9d90-18d57c82aba6,2,A,O trânsito tá impossível hoje. 😩,1,explicita,feliz,amizade,0,1,1,gastronomico,comer tapioca,depois do estágio,no Roots Bar,tapioca,São Luís
2e8f949f-8556-48c3-8f5e-4eeedff13862,1,B,Tá brincando cara,1,explicita,cansado,ex,0,1,1,bar,ir no reggae,domingo no fim da tarde,no Armazém,reggae,São Luís
1aa5dace-5e17-4573-a247-961988450097,3,B,topei! gente,1,explicita,cansado,amizade,0,1,1,bar,ir no reggae,mais tarde,no Haruki,reggae,São Luís
8d0d879c-d383-44a7-8f17-e058a2b57c5e,2,A,passei a madrugada editando vídeo.,0,none,entediado,match_tinder,0,0,0,none,,,,,São Luís
089cde6d-e739-404f-b879-aa53e4e9270f,5,B,Nem me fala,1,implicita,triste,match_tinder,0,0,0,casual,,,,,São Luís
04349358-d2ec-47ed-bf61-345156656045,6,A,como tu tá? depois da aula a gente podia assistir filme olha,1,explicita,estressado,ficante,0,1,1,cinema,assistir filme,hoje depois das 19h,no Centro Histórico,cinema,São Luís
6dc0ab5d-02f1-402d-a912-589ed68d8f3a,0,A,E aí meu patrão mano,1,implicita,entediado,ex,0,0,0,casual,,,,,São Luís
034bbaf0-1c84-4baa-b182-c0df50f3cf69,0,A,meu deus tu sumiu oxe,0,none,triste,ficante,0,0,0,none,,,,,São Luís
e6803ebe-d1e1-4a4d-b224-d593b5c61fe4,1,B,tá brincando,1,explicita,apaixonado,colega_trabalho,0,1,1,gastronomico,comer uma pizza,sábado de noite,no Outback,pizza,São Luís
f775ab8a-8291-4bba-9605-ef93bccf4ac4,1,B,Parece a minha semana,1,explicita,feliz,amizade,0,1,1,shopping,dar rolê no shopping,hoje depois das 19h,na extensão da Litorânea,shopping,São Luís
36337c9b-d3fb-477f-9538-3854ede00574,2,A,Gasolina tá acabando comigo.. oxe,0,none,cansado,ficante,0,0,0,none,,,,,São Luís
9b7f9e14-e4f8-4559-8647-590c73b948c6,0,A,Opa meu consagrado,1,explicita,triste,colega_trabalho,0,1,1,gastronomico,comer uma pizza,hoje,no Bar do Léo,pizza,São Luís
b697acf0-f1c5-492c-85c8-8cdca5113e11,3,B,boa ideia! me avisa,1,explicita,triste,ex,0,1,1,cinema,pegar um cinema,amanhã depois da aula,no São Luís Shopping,cinema,São Luís
3fae4df7-687a-4884-af4b-deb18b5371d0,3,B,Que situação heeeein,1,implicita,saudoso,contatinho,0,0,0,casual,,,,,São Luís
dc282a3e-e9ae-43dc-a65b-bbe0684e1fea,1,B,Irmão que sofrimento mah,1,implicita,carente,ficante,0,0,0,casual,,,,,São Luís
22a1a8fd-970a-4522-b868-ec48495bcfcb,5,B,Tô no mesmo barco né não,1,implicita,animado,amizade,0,0,0,casual,,,,,São Luís
2194aab4-702b-4938-88f5-845c71ec6e07,6,A,A vida é assim mesmo né mah,0,none,estressado,namoro,0,0,0,none,,,,,São Luís
342d880e-b09a-4f8c-93f8-2199aed39d7a,5,B,Passei o dia no laboratório.,0,none,triste,match_tinder,0,0,0,none,,,,,São Luís
b1415fbd-f4ee-4313-9669-ecfe8ffad25c,2,A,tô indo no mateus rapidinho,1,explicita,cansado,namoro,0,1,1,casual,andar de carro sem rumo,depois do estágio,no Empório Fribal,,São Luís
188a9469-5d53-4881-8ca8-e6566ee79f35,1,B,AutoCAD travou bem na entrega.,0,none,feliz,ex,0,0,0,none,,,,,São Luís
df2df991-0b69-4e96-b2d7-e753d3b885d4,2,A,Com você qualquer lugar vei,1,explicita,empolgado,colega_trabalho,1,1,1,cinema,assistir filme,de madrugada mesmo kkkkk,no Vignoli,cinema,São Luís
e34ce1a2-913c-431a-b5ae-e4d520756217,1,B,tô no mesmo barco misericórdia,1,explicita,apaixonado,crush,1,1,1,gastronomico,comer hambúrguer,depois do estágio,na Praia de São Marcos,hambúrguer,São Luís
395d0251-c648-4c0e-80c6-7fa25ad2fc31,6,A,Ei sumiço tava afim de ir num barzinho no Bar do Léo mah,1,explicita,triste,contatinho,0,1,1,bar,ir num barzinho,amanhã depois da aula,no Bar do Léo,bar,São Luís
7044f0d5-61bf-48db-b4f8-11f556dcd8c0,0,A,Como tu tá??,1,explicita,feliz,crush,1,1,1,gastronomico,comer sushi,sábado à tarde,ali pelo Calhau,sushi,São Luís
d8c89af2-deef-426c-937a-52d0fb26fff4,1,B,Tá brincanndo aff,0,none,saudoso,match_tinder,0,0,0,none,,,,,São Luís
ee3d6104-68dd-46e5-9b55-8dc6295f6ba9,6,A,A aula prática acabou comigo. oxe,0,none,empolgado,colega_trabalho,0,0,0,none,,,,,São Luís
9fa32001-c155-490d-9960-3eb85c469835,2,A,São Luís virou um forno. kkkk,1,explicita,carente,namoro,0,1,1,praia,comer um camarão,de madrugada mesmo kkkkk,no Espigão Costeiro,frutos do mar,São Luís
4b1fed26-e963-4f23-9ba6-6198986de253,6,A,Meu tágio tá cheio essa semana.,0,none,cansado,contatinho,0,0,0,none,,,,,São Luís
0dbf3238-8ef2-4d7f-8f4a-ead1bb5ea78e,0,A,e aí meu patrão,1,explicita,entediado,match_tinder,0,1,1,gastronomico,comer hambúrguer,domingo de manhã,na Praça Gonçalves Dias,hambúrguer,São Luís
5d8ee4cc-5227-48fe-9798-7247b31af9e0,8,A,A academia tava lotada demais.,0,none,animado,namoro,0,0,0,none,,,,,São Luís
ccf5040c-e1d0-40ed-b9ab-e3803aec0d59,7,B,Topei! kkkkkkk,1,explicita,entediado,crush,0,1,1,praia,ir pra praia,sexta depois da faculdade,no Haruki,praia,São Luís
7e70f20d-f11b-4af9-83eb-2e0961df4383,0,A,Ei sumiçççço,1,implicita,cansado,amizade,1,0,0,casual,,,,,São Luís
44f06461-a93b-4db9-8f26-da848165302d,1,B,"esse calor tá insuportável, vc vai no São João? mano",1,implicita,feliz,ficante,1,0,0,casual,,,,,São Luís
6f43c38c-1d0f-42f5-9fa2-515ba450c05d,2,A,O São João tá chegando.,1,implicita,saudoso,ex,1,0,0,casual,,,,,São Luís
edb113a5-38ec-43f3-8990-1ede699f136a,4,A,Demais mesmo,1,implicita,empolgado,amizade,0,0,0,casual,,,,,São Luís
c6a6f0d9-a517-469c-8f97-92028fa50454,2,A,O trânsito tá impossível hoje 😭,1,implicita,empolgado,colega_trabalho,0,0,0,casual,,,,,São Luís
2ac8e063-68e8-4c7c-bfdf-3e9694c92cde,3,B,que fim levou tu? topa ficar conversando sábado de noite? socorro,1,explicita,carente,namoro,0,1,1,casual,ficar conversando,sábado de noite,na extensão da Litorânea,,São Luís
ba38ffbd-9738-4fcc-9f53-53dc01678463,7,B,que situação heeein,0,none,animado,ex,0,0,0,none,,,,,São Luís
ce9887d5-70b9-433d-b7a1-99b2fe87117b,1,B,eu entendo viu,1,explicita,triste,colega_trabalho,0,1,1,praia,tomar um drink,amanhã,na Praia do Calhau,bar,São Luís
5d8ee4cc-5227-48fe-9798-7247b31af9e0,5,B,Que situação hein,0,none,animado,namoro,0,0,0,none,,,,,São Luís
af665044-0564-4d95-ad02-fdd862360d36,4,A,Oxe que isso,0,none,saudoso,namoro,0,0,0,none,,,,,São Luís
0a103cb3-876f-4c51-943f-b56b48db048b,0,A,Opa,1,explicita,feliz,contatinho,0,1,1,casual,ouvir música ao vivo,sexta depois da faculdade,no Roots Bar,bar,São Luís
e8dfacf8-7d29-47cd-adb7-3982de9f5529,1,B,oxe que isso 💀,1,explicita,triste,match_tinder,0,1,1,gastronomico,comer hambúrguer,quando acabar esse calor infernal,no Golden Shopping,hambúrguer,São Luís
318d26b4-18cf-4308-8550-96d0bc1b5d26,2,A,Bora viver? partiu no Roots Bar hoje? hahaha,1,explicita,empolgado,match_tinder,0,1,1,shopping,dar rolê no shopping,quando tu sair da faculdade,no Roots Bar,shopping,São Luís
2f52516c-c29c-4387-aeca-7dab40efa748,0,A,Que fim levou tu?,1,explicita,estressado,contatinho,0,1,1,gastronomico,comer hambúrguer,quando tu sair da faculdade,no Armazém,hambúrguer,São Luís
e6f17b65-3e9f-4b03-ba87-af17086607c7,1,B,Verdade demais 😩 socorro,1,explicita,entediado,amizade,0,1,1,praia,tomar sorvete,hoje à noite,na Praia do Calhau,sorvete,São Luís
aef29701-94a0-40de-8122-0a8d249ad0b1,8,A,Que sufoco,0,none,carente,colega_trabalho,0,0,0,none,,,,,São Luís
6bac1c8c-bc5e-4b65-89d2-e4f92f04a5b3,5,B,Simbora! né não,1,explicita,animado,contatinho,0,1,1,praia,tomar um açaí,hoje depois das 19h,no Armazém,açaí,São Luís
5d2fc3ca-3c9d-4448-ba82-aee3b8ea2175,0,A,E aaaaí? aff,0,none,entediado,contatinho,0,0,0,none,,,,,São Luís
99bb4a7b-27e8-4795-a4b9-01e2a92b1d6c,2,A,fiquei preso no trânsito do cohafuma.,1,implicita,estressado,amizade,0,0,0,casual,,,,,São Luís
10dcc765-4233-4c24-bb34-211af8cef4b8,4,A,A academia tava lotada demais.,0,none,apaixonado,colega_trabalho,0,0,0,none,,,,,São Luís
addbeb0c-cdec-4dcc-9003-68ea205f398d,1,B,Verdade demais 😩,1,explicita,animado,colega_trabalho,0,1,1,praia,tomar sorvete,mais tarde,na Praça Gonçalves Dias,sorvete,São Luís
c246c8d7-d91a-46c6-a19c-f41bf884af4d,2,A,A chuva caiu bem na hora que saí. 🥲,1,implicita,carente,amizade,0,0,0,casual,,,,,São Luís
70278b4e-2283-45b6-9cbe-aab3bb30b8f5,2,A,Minha internet caiu de novo. kkkk,1,implicita,cansado,namoro,1,0,0,casual,,,,,São Luís
509519da-5a16-41e2-ae2b-cc2fa96c9064,3,B,A vida é assim mesmo né,1,explicita,feliz,match_tinder,0,1,1,casual,andar de carro sem rumo,sábado de noite,na Praia do Olho d'Água,,São Luís
4e4c2560-be9d-4e42-98b9-6f840228ddb7,2,A,A vida é assim mesmo né mah,1,explicita,feliz,namoro,1,1,1,casual,comer açaí na tigela,amanhã,na Coffeetown,açaí,São Luís
74e40547-834d-4352-b9e8-43be83d2a327,8,A,Peguei corrida pro Araçagy e quase enlouqueci.,0,none,entediado,ex,0,0,0,none,,,,,São Luís
ea91fa4b-b440-4862-a47d-22ae1d67ae66,7,B,Irmão que sofrimento,0,none,saudoso,contatinho,0,0,0,none,,,,,São Luís
37510ff5-cba9-4321-a50f-39a1ff160d2f,7,B,Cliente sumiu depois do orçamentoo.,0,none,empolgado,colega_trabalho,0,0,0,none,,,,,São Luís
e9816732-5617-425b-82a1-dded52dc872f,0,A,Tu tá onde?,1,explicita,feliz,ex,0,1,1,casual,ver as luzes da cidade,depois do estágio,no Espigão Costeiro,,São Luís
ac3b8473-a28e-443f-953a-6a4a16c47ce5,3,B,Tô no mesmo barco olha,0,none,carente,crush,0,0,0,none,,,,,São Luís
99bb4a7b-27e8-4795-a4b9-01e2a92b1d6c,3,B,Parece a minha semana,1,implicita,estressado,amizade,0,0,0,casual,,,,,São Luís
b697acf0-f1c5-492c-85c8-8cdca5113e11,0,A,Meu Deus tu sumiu misericórdia,1,explicita,triste,ex,0,1,1,cinema,pegar um cinema,amanhã depois da aula,no São Luís Shopping,cinema,São Luís
0229e21e-22b9-4a59-a6e4-19855a9ac7bd,3,B,a vida é assim mesmo né oxe,1,explicita,cansado,ficante,0,1,1,gastronomico,comer pastel,de madrugada mesmo kkkkk,no Anjo da Guarda,pastel,São Luís
f3cdb646-fd25-4846-b7d3-8a808e9b7046,2,A,Bora viver? depois da aula a gente podia comer açaí na tigela,1,explicita,entediado,amizade,0,1,1,casual,comer açaí na tigela,hoje à noite,ali no Renascença,açaí,São Luís
c3c32de5-ad07-44c9-b26a-f9dc834878a2,1,B,Tô no mesmo barco,1,explicita,carente,amizade,1,1,1,cinema,pegar um cinema,hoje à noite,no Shopping da Ilha,cinema,São Luís
bf294342-2512-42db-af93-52047df269a1,0,A,tu tá onde?,1,explicita,carente,amizade,0,1,1,bar,ir no reggae,quando tu sair da faculdade,no Anjo da Guarda,reggae,São Luís
abd77fd2-71c7-480a-af08-b55b38321534,2,A,React acabou com meu psicológico.,0,none,feliz,amizade,0,0,0,none,,,,,São Luís
adc116ba-64ce-4dac-9ca0-ce3da88b1fb7,5,B,Boa sorte aí kkk,1,implicita,apaixonado,colega_trabalho,0,0,0,casual,,,,,São Luís
3f752b69-4dcb-40ad-8fba-bf554444c08c,5,B,Cálculo estrutural tá impossível.,0,none,animado,ex,0,0,0,none,,,,,São Luís
9b7f9e14-e4f8-4559-8647-590c73b948c6,1,B,Nem me fala mah,1,explicita,triste,colega_trabalho,0,1,1,gastronomico,comer uma pizza,hoje,no Bar do Léo,pizza,São Luís
e47ee553-ef68-43d3-84e4-3069655a5da6,3,B,Nossa sim! 😩,1,explicita,entediado,contatinho,0,1,1,gastronomico,comer sushi,sexta depois da faculdade,no Vignoli,sushi,São Luís
60f3052d-b527-45ed-ae0a-9576a961906f,4,A,Já tô pronto(a),1,explicita,feliz,namoro,0,1,1,cinema,pegar um cinema,nesse final de semana,no Fitó,cinema,São Luís
6f690fde-f33f-4863-8b6f-b52bb59c95f8,1,B,Nem me fala,1,explicita,carente,contatinho,1,1,1,praia,tomar um litrão,depois do estágio,na Praia do Calhau,bar,São Luís
9634ba6f-f676-4d24-a393-c7a0467c0649,2,A,verdade demaisss 😩 pai d'égua,1,explicita,triste,ex,0,1,1,bar,ir num barzinho,amanhã depois da aula,no Fitó,bar,São Luís
ee3d6104-68dd-46e5-9b55-8dc6295f6ba9,11,B,Irmão que sofrimento,0,none,empolgado,colega_trabalho,0,0,0,none,,,,,São Luís
74e40547-834d-4352-b9e8-43be83d2a327,9,B,tô no mesmo barco,0,none,entediado,ex,0,0,0,none,,,,,São Luís
b03d7411-2f1c-4900-8f04-8a82383a654b,4,A,Queria companhia pra hoje. 🥲,1,implicita,estressado,namoro,0,0,0,casual,,,,,São Luís
b2ba3692-cbdd-4630-af9e-090ccb491a4c,3,B,que sufocooo gente,1,explicita,carente,ex,0,1,1,gastronomico,comer tapioca,depois do estágio,num café ali no Renascença,tapioca,São Luís
1bef25e8-dec6-4d22-88d2-80ac50fe871f,7,B,Boa sorte aí kkk,0,none,estressado,namoro,0,0,0,none,,,,,São Luís
92e66e52-0278-4ff9-8a95-d3151770d9e4,4,A,Tava pensando que a gnt podia se ver hoje,1,implicita,entediado,amizade,0,0,0,casual,,,,,São Luís
748a254c-cbd9-4f75-aa10-2be0dd2c66ef,2,A,a pessoa simplesmente sumiu.,0,none,carente,crush,0,0,0,none,,,,,São Luís
0071d262-f376-4072-8cfc-92d615467191,3,B,Tô indo no Mateus rapidinho misericórdia,1,explicita,entediado,ex,0,1,1,praia,ir pra praia,nesse final de semana,no Golden Shopping,praia,São Luís
eb2f5b6d-00fc-495d-a35b-ea1dbdfb26f5,0,A,partiu rolê hoje? misericórdia,1,explicita,triste,match_tinder,1,1,1,gastronomico,comer pastel,hoje à noite,na Feirinha São Luís,pastel,São Luís
d17255c9-75d6-4424-bd55-8856867ee4d8,1,B,tô no mesmo barrco,1,explicita,cansado,crush,0,1,1,casual,andar de carro sem rumo,hoje à noite,no Golden Shopping,,São Luís
a059dde4-e9a4-466d-b18c-db06641c83b2,0,A,Oi criaturrrra,0,none,apaixonado,match_tinder,0,0,0,none,,,,,São Luís
a05e54d6-8e8e-4152-98f1-6ce263b4dd04,1,B,Que sufooco,1,implicita,cansado,colega_trabalho,1,0,0,casual,,,,,São Luís
c6a6f0d9-a517-469c-8f97-92028fa50454,4,A,essa cidade tá parada hoje... 💀,1,implicita,empolgado,colega_trabalho,0,0,0,casual,,,,,São Luís
985cf257-7b1a-46d7-8e94-9c0225d13f1f,0,A,Bora viver?,1,implicita,empolgado,match_tinder,0,0,0,casual,,,,,São Luís
b9ad262d-20fb-4716-a8d2-0be8185f967b,0,A,Oi criaturaa,0,none,saudoso,crush,0,0,0,none,,,,,São Luís
e6cbbcba-4452-4c7e-9147-df7f3f2a5da1,0,A,E aí gata gente,1,implicita,feliz,crush,0,0,0,casual,,,,,São Luís
beb69fab-7b0a-4b82-b1b2-2a0f7fcf0acc,1,B,Demais mesmooo,1,implicita,carente,amizade,0,0,0,casual,,,,,São Luís
aa32e92f-9316-46be-8162-6ef1c680aeae,6,A,a vida é assim mesmo nnnné,0,none,carente,ex,0,0,0,none,,,,,São Luís
e79a2a42-5b3a-472a-a694-339361802665,8,A,Hoje teve aula prática o dia inteiro.,0,none,saudoso,contatinho,0,0,0,none,,,,,São Luís
3c8119fa-f4c3-4f2b-a6af-31d0caec14fe,0,A,meu deus tu sumiu mds,1,explicita,saudoso,ex,1,1,1,praia,tomar café gelado,quando acabar esse calor infernal,lá pras bandas do Turu,café,São Luís
3c6c95be-be18-4cd6-98a0-9718bded4a4e,5,B,Passei o dia mandando currículo. mds,0,none,feliz,colega_trabalho,0,0,0,none,,,,,São Luís
0266bdd4-a671-42fc-ac04-445b1982fedb,0,A,Bora viver?,1,explicita,carente,crush,0,1,1,praia,ver o pôr do sol,domingo de manhã,no Empório Fribal,,São Luís
a67329d5-10fa-448d-9b2b-d283e9e74c82,1,B,a vida é assim mesmo né vei,1,explicita,feliz,ex,0,1,1,praia,tomar um litrão,de madrugada mesmo kkkkk,na Praia do Araçagy,bar,São Luís
cd47b5f7-9ca4-4cb9-b7ea-420722600a4b,2,A,"São Luís virou um forno, você vai na feirinhaaa?",1,explicita,feliz,contatinho,1,1,1,gastronomico,comer tapioca,domingo de manhã,lá pras bandas do Turu,tapioca,São Luís
3b6bacb3-f59f-4832-9a0a-0f2055a65edf,4,A,Oi sumida bora tomar café gelado na Casa do Maranhão?,1,explicita,triste,namoro,0,1,1,praia,tomar café gelado,domingo no fim da tarde,na Casa do Maranhão,café,São Luís
6da7c7f0-c3f0-48ac-b482-0e9dd582894d,4,A,Oii bora sair pra tomar café gelado? vei,1,explicita,empolgado,crush,0,1,1,praia,tomar café gelado,hoje depois das 19h,na Litorânea,café,São Luís
fcd5dd15-e3eb-4d73-933f-f219ac877927,5,B,a playlist de hoje tá absurda.,0,none,carente,namoro,0,0,0,none,,,,,São Luís
ace9dbf7-f8d2-4823-8fe2-1a5e19fac4ba,5,B,Bora sim! né não,1,implicita,animado,crush,1,0,0,casual,,,,,São Luís
284a30f2-4bb9-4018-bf96-83c5d8361f49,3,B,Passei o dia mandando currículo,0,none,empolgado,ficante,0,0,0,none,,,,,São Luís
e72b8e53-01d3-4dec-9b9c-0256c281c881,1,B,Fiquei preso no trânsito do Cohafuma.,1,explicita,saudoso,amizade,0,1,1,gastronomico,lançar um sushi,hoje depois das 19h,no Cabana do Sol,sushi,São Luís
905c785d-c8ed-40d6-91e3-8bce28f55946,5,B,A playlist de hoje tá absurda. 🤣,0,none,apaixonado,colega_trabalho,0,0,0,none,,,,,São Luís
97dbb556-83fa-4222-af2d-e706bc6e0447,3,B,Que horas?,1,explicita,animado,colega_trabalho,0,1,1,praia,ver o pôr do sol,depois do estágio,no Cabana do Sol,,São Luís
9634ba6f-f676-4d24-a393-c7a0467c0649,0,A,Meu Deus tu sumiu,1,explicita,triste,ex,0,1,1,bar,ir num barzinho,amanhã depois da aula,no Fitó,bar,São Luís
aa32e92f-9316-46be-8162-6ef1c680aeae,5,B,A professora pediu análise nutricional completaaa.,0,none,carente,ex,0,0,0,none,,,,,São Luís
05d3a12f-cd71-4cc9-b295-a7c83a0a5e5d,0,A,como tu tá? kkkkkkk,1,explicita,empolgado,contatinho,0,1,1,praia,tomar um drink,sábado à tarde,na Casa do Maranhão,bar,São Luís
dc670182-c558-4a36-b1a4-ed1bd52adb03,1,B,Irmão que sofrimento 🤣,1,explicita,empolgado,ex,0,1,1,praia,ir pra praia,domingo de manhã,no Kitaro,praia,São Luís
742fa203-8176-4eed-b184-7811cfbf3f91,2,A,Boa ideia! Me avissa,1,explicita,saudoso,ficante,0,1,1,praia,comer um camarão,quando tu sair da faculdade,na Praia do Calhau,frutos do mar,São Luís
2f26c9fa-4006-46ef-ac69-f764c99218a1,5,B,Passei o dia mandando currículo.,0,none,saudoso,crush,0,0,0,none,,,,,São Luís
74e40547-834d-4352-b9e8-43be83d2a327,5,B,Que situação hein,0,none,entediado,ex,0,0,0,none,,,,,São Luís
669b4bc8-e575-44ee-81d3-0810ec367a2e,1,B,Sextou e eu sem companhia,1,implicita,cansado,ficante,0,0,0,casual,,,,,São Luís
4b977b73-6679-48e9-9627-c5bbb8e5ce54,4,A,passei o dia resolvendo problema de clienteee. misericórdia,0,none,estressado,match_tinder,0,0,0,none,,,,,São Luís
c937c99f-a228-4c52-ac0f-a5172adece25,0,A,Oi sumida,1,implicita,saudoso,colega_trabalho,0,0,0,casual,,,,,São Luís
8a7913a1-20bd-4179-aac4-f6d3cf467d31,3,B,Boa ideia! Me avisa kkkk,1,implicita,carente,namoro,0,0,0,casual,,,,,São Luís
4d291d52-1b92-416c-a264-4508e445c5c0,2,A,hoje foi só apagar incêndiio.,0,none,carente,crush,0,0,0,none,,,,,São Luís
c2244181-e2b4-4e02-9b62-7ee5a281c328,2,A,Passei a madrugada renderizando projeto.,0,none,estressado,contatinho,0,0,0,none,,,,,São Luís
adc116ba-64ce-4dac-9ca0-ce3da88b1fb7,3,B,Parece a minha semana,1,implicita,apaixonado,colega_trabalho,0,0,0,casual,,,,,São Luís
6afac418-92e6-4d36-b6fc-cdc403e7d570,0,A,Oii mano,0,none,cansado,contatinho,0,0,0,none,,,,,São Luís
214f0403-3280-47fa-a5fc-36255d888907,3,B,eu entendo viiiu,0,none,apaixonado,colega_trabalho,0,0,0,none,,,,,São Luís
fb4a92d2-eae5-468d-b4d2-8304fa39edfa,2,A,Eu entendo viiiu,0,none,triste,match_tinder,0,0,0,none,,,,,São Luís
7977be07-e916-447f-8d9e-669c52e9d14b,5,B,Bora viver? queria muito ver o pôr do sol contigoo,1,explicita,apaixonado,ex,1,1,1,praia,ver o pôr do sol,domingo de manhã,no Buteko,,São Luís
abd77fd2-71c7-480a-af08-b55b38321534,4,A,Minha mãe já tá perguntando quando vou casar 🥲,0,none,feliz,amizade,0,0,0,none,,,,,São Luís
324618c9-42f1-40ac-9379-e4ad3ff219eb,5,B,Tô no mesmo barco oxe,1,explicita,animado,colega_trabalho,0,1,1,casual,ficar conversando,quando acabar esse calor infernal,no Cabana do Sol,,São Luís
c24d9a5b-38bb-4304-98e0-07f65139625c,7,B,Com você qualquer lugar hahaha,1,implicita,feliz,contatinho,0,0,0,casual,,,,,São Luís
2d6775b9-5ff7-4e72-b0c2-0143b6567fbc,4,A,Como tu tá? topa tomar um café domingo de manhã? slk,1,explicita,animado,amizade,1,1,1,praia,tomar um café,domingo de manhã,no Cabana do Sol,café,São Luís
29e737c2-9a6d-45ad-8f0c-06e2355cb122,3,B,O São João tá chegando.,1,implicita,saudoso,amizade,0,0,0,casual,,,,,São Luís
9b76c837-3313-4c36-9d34-0eb6f8cd6814,3,B,Hoje eu precisava ver alguém legal.,1,implicita,empolgado,ficante,1,0,0,casual,,,,,São Luís
7edc4000-41d8-4f4b-a267-557457a0efde,0,A,E aí doido,1,explicita,cansado,ex,0,1,1,gastronomico,comer um lanche,domingo no fim da tarde,no Cabana do Sol,lanche,São Luís
748a254c-cbd9-4f75-aa10-2be0dd2c66ef,1,B,cliente sumiu depois do orçamento.,0,none,carente,crush,0,0,0,none,,,,,São Luís
a807d5b3-9d0c-4818-bd28-324f61df1ed5,2,A,"essa cidade tá parada hoje, você vai no forró universitário?",1,explicita,entediado,amizade,1,1,1,gastronomico,comer hambúrguer,nesse final de semana,na extensão da Litorânea,hambúrguer,São Luís
de1d46d7-4e98-4101-a29a-9a4038f8faf5,1,B,A vida é assim mesmo né hahaha,0,none,cansado,colega_trabalho,0,0,0,none,,,,,São Luís
eb2f5b6d-00fc-495d-a35b-ea1dbdfb26f5,1,B,"essa chuva apareceu do nada, você vai no arraial?",1,explicita,triste,match_tinder,1,1,1,gastronomico,comer pastel,hoje à noite,na Feirinha São Luís,pastel,São Luís
f6ccc9e1-b00e-416d-9ced-c0c3fed16dfe,5,B,passei o dia atolado de processo.,0,none,cansado,ficante,0,0,0,none,,,,,São Luís
54385dc6-1b94-48ec-9c34-49238bd7a607,5,B,Que horas?,1,explicita,carente,ex,0,1,1,casual,comer açaí na tigela,mais tarde,ali pelo Calhau,açaí,São Luís
01e94c64-86bf-4826-ad1f-9cf63641e3ca,1,B,Que situação hein,0,none,entediado,match_tinder,0,0,0,none,,,,,São Luís
beb69fab-7b0a-4b82-b1b2-2a0f7fcf0acc,6,A,com você qualquer lugar,1,implicita,carente,amizade,0,0,0,casual,,,,,São Luís
ee934b89-3c97-4675-85d6-37fd615c06a2,2,A,Tá brincando,0,none,saudoso,colega_trabalho,0,0,0,none,,,,,São Luís
6c8af27b-d0db-4cfe-904d-65fe7b919985,5,B,bora viver? topa tomar café gelado domingo de manhã? socorro,1,explicita,carente,contatinho,1,1,1,praia,tomar café gelado,domingo de manhã,lá no Cohatrac,café,São Luís
28a98c4b-217a-4c92-838d-0b346c68a00d,3,B,Topei!,1,explicita,estressado,match_tinder,0,1,1,gastronomico,comer uma pizza,mais tarde,no Talking Blues,pizza,São Luís
1b651d15-70fd-4aae-8cae-820557c46ae9,6,A,Oi criatura tu anima ir ali no Renascença comigo? gente,1,explicita,empolgado,colega_trabalho,0,1,1,praia,ir pra praia,mais tarde,ali no Renascença,praia,São Luís
8691e9c8-64b9-4cf4-8711-b17233e9eb27,4,A,Fiquei preso no trânsito do Cohafumaaaa. oxe,1,implicita,estressado,namoro,0,0,0,casual,,,,,São Luís
a9223afe-4ec4-4f45-a9a0-fdaf5c7bd0c0,4,A,Passei o dia resolvendo coisa de banco. kkkkkkk,0,none,triste,ficante,0,0,0,none,,,,,São Luís
188a9469-5d53-4881-8ca8-e6566ee79f35,3,B,boa sorte aí kkkkkk,0,none,feliz,ex,0,0,0,none,,,,,São Luís
88fceb6e-8415-4e7c-adbc-0077ab85592a,1,B,Kkkkk conta essa história mds,1,explicita,animado,contatinho,0,1,1,praia,comer um camarão,domingo de manhã,no The Rock Pub,frutos do mar,São Luís
6c8af27b-d0db-4cfe-904d-65fe7b919985,3,B,Que sufoco,1,explicita,carente,contatinho,1,1,1,praia,tomar café gelado,domingo de manhã,lá no Cohatrac,café,São Luís
c2111b89-043b-4c27-9c56-af4e11a8d38a,0,A,Como tu tá?,0,none,empolgado,colega_trabalho,0,0,0,none,,,,,São Luís
2d8bd24a-fe84-42d6-9254-24de132092c4,1,B,kkkkk conta essa história slk,0,none,estressado,match_tinder,0,0,0,none,,,,,São Luís
addbeb0c-cdec-4dcc-9003-68ea205f398d,0,A,Ei sumiço,1,explicita,animado,colega_trabalho,0,1,1,praia,tomar sorvete,mais tarde,na Praça Gonçalves Dias,sorvete,São Luís
aa8037ac-c97b-4ea9-9822-dcd78e205726,3,B,Tô cansado dessa burocracia. 🤣,0,none,apaixonado,namoro,0,0,0,none,,,,,São Luís
b1415fbd-f4ee-4313-9669-ecfe8ffad25c,0,A,Partiu rolê hoje?,1,explicita,cansado,namoro,0,1,1,casual,andar de carro sem rumo,depois do estágio,no Empório Fribal,,São Luís
dc282a3e-e9ae-43dc-a65b-bbe0684e1fea,4,A,Tu toparia um rolê aleatório?,1,implicita,carente,ficante,0,0,0,casual,,,,,São Luís
973c8043-c198-4428-9265-05c14bc98910,3,B,tá brincando,1,implicita,feliz,colega_trabalho,0,0,0,casual,,,,,São Luís
6c88129e-6053-4b1c-9406-dc3521e467cc,4,A,O PIX caiu só agora..,1,explicita,apaixonado,ficante,1,1,1,shopping,dar rolê no shopping,domingo no fim da tarde,no Amsterdam Music Pub,shopping,São Luís
030b77a5-a948-4d27-8bf5-5442cb3bc4e6,5,B,Tô dentro ❤️ 😭,1,implicita,cansado,namoro,0,0,0,casual,,,,,São Luís
2013b51f-a945-41e4-af32-4cf6d5b493ac,1,B,tô no mesmo barcooo,1,explicita,apaixonado,crush,0,1,1,praia,tomar um litrão,amanhã,no Golden Shopping,bar,São Luís
3c632972-83ce-409e-9609-f4fbb098b682,5,B,tu sempre some quando eu quero saaair mano,1,implicita,apaixonado,namoro,1,0,0,casual,,,,,São Luís
62fc900a-69fb-4519-a70a-ba613cb12ef4,2,A,Cálculo estrutural tá impossível.,0,none,triste,ex,0,0,0,none,,,,,São Luís
731f0264-3ca6-4366-9627-5066081d2cd3,1,B,Que fim levou tu? depois da aula a gente podia comer pastel 😩,1,explicita,carente,colega_trabalho,1,1,1,gastronomico,comer pastel,hoje depois das 19h,no Golden Shopping,pastel,São Luís
6263e846-c12e-47d2-a75e-3ce775667b02,3,B,Tá brincando,1,explicita,animado,crush,1,1,1,cinema,pegar um cinema,de madrugada mesmo kkkkk,no Amsterdam Music Pub,cinema,São Luís
188a9469-5d53-4881-8ca8-e6566ee79f35,2,A,Passei o dia resolvendo coisa de banco.,0,none,feliz,ex,0,0,0,none,,,,,São Luís
6bac1c8c-bc5e-4b65-89d2-e4f92f04a5b3,4,A,E aí? queria muito tomar um açaí contigo,1,explicita,animado,contatinho,0,1,1,praia,tomar um açaí,hoje depois das 19h,no Armazém,açaí,São Luís
60c4f7f1-43a4-4b7c-974b-258351da5114,1,B,Irmão que sofrimento olha,1,implicita,animado,colega_trabalho,0,0,0,casual,,,,,São Luís
652cdf2d-71d4-4e5a-bc0d-280f20d469d6,2,A,O PIX caiu só agora. né não,1,explicita,feliz,contatinho,0,1,1,praia,ir pra praia,sábado de noite,ali no Renascença,praia,São Luís
74e40547-834d-4352-b9e8-43be83d2a327,0,A,E aí doido aff,0,none,entediado,ex,0,0,0,none,,,,,São Luís
60c4f7f1-43a4-4b7c-974b-258351da5114,2,A,Queria companhia pra hojee. aff,1,implicita,animado,colega_trabalho,0,0,0,casual,,,,,São Luís
7977be07-e916-447f-8d9e-669c52e9d14b,2,A,"essa chuva apareceu do nada, você vai no rolê da lagoa??",1,explicita,apaixonado,ex,1,1,1,praia,ver o pôr do sol,domingo de manhã,no Buteko,,São Luís
4b977b73-6679-48e9-9627-c5bbb8e5ce54,0,A,Falaa,0,none,estressado,match_tinder,0,0,0,none,,,,,São Luís
54c822f8-2a77-4552-974f-9cb5730c874b,0,A,Bora viver?,1,explicita,saudoso,amizade,0,1,1,gastronomico,lançar um sushi,hoje depois das 19h,lá pras bandas do Turu,sushi,São Luís
36ed706b-f65f-4c6b-8b78-b6efaf674465,0,A,Bora viver? mds,1,explicita,feliz,ex,0,1,1,gastronomico,comer tapioca,mais tarde,no Golden Shopping,tapioca,São Luís
b3025af6-d178-4735-9a26-2e43b2112ba3,5,B,Eu entendo viu,0,none,feliz,match_tinder,0,0,0,none,,,,,São Luís
2d3b56ba-57e5-4332-9067-fba04d266263,3,B,Que situação hein né não,0,none,cansado,namoro,0,0,0,none,,,,,São Luís
5d6a1bf6-4d5e-41b1-806b-1335c06a3050,1,B,a obra do tágio tá uma loucura.,0,none,carente,crush,0,0,0,none,,,,,São Luís
86721d7f-56ab-40ee-bd53-106b087448a3,1,B,Tá brincando,1,implicita,apaixonado,crush,0,0,0,casual,,,,,São Luís
7cdfb5d1-549b-4a20-b21e-a88b2a1420fe,0,A,Opa,1,explicita,triste,colega_trabalho,0,1,1,praia,tomar um café,nesse final de semana,no Shopping da Ilha,café,São Luís
731f0264-3ca6-4366-9627-5066081d2cd3,2,A,Que horaaas? mano,1,explicita,carente,colega_trabalho,1,1,1,gastronomico,comer pastel,hoje depois das 19h,no Golden Shopping,pastel,São Luís
6b14d835-b02a-45fd-a9e3-87197d9feb58,7,B,Não consegui parar um minuto hoje,0,none,empolgado,crush,0,0,0,none,,,,,São Luís
3fedf134-d037-45c2-b0a7-995be1d8e317,7,B,O sistema caiu de novo. socorro,0,none,triste,ex,0,0,0,none,,,,,São Luís
40e020a0-0a87-4282-89fc-8d64ebfb6e50,0,A,Opa mah,1,explicita,apaixonado,contatinho,0,1,1,bar,ir no reggae,hoje,na Fonte do Ribeirão,reggae,São Luís
b03d7411-2f1c-4900-8f04-8a82383a654b,2,A,passei a manhã resolvendo boleto. 🥲,1,implicita,estressado,namoro,0,0,0,casual,,,,,São Luís
e87287bf-cd72-4a84-97e5-ee55a138094f,6,A,Nem me fala 😩,0,none,carente,crush,0,0,0,none,,,,,São Luís
905c785d-c8ed-40d6-91e3-8bce28f55946,0,A,Falaaaa,0,none,apaixonado,colega_trabalho,0,0,0,none,,,,,São Luís
25476530-ddd9-413b-9d1d-37d9046d3f67,4,A,Opa meu consagrado queria muito comer sushi contigo,1,explicita,animado,match_tinder,0,1,1,gastronomico,comer sushi,quando acabar esse calor infernal,no Vignoli,sushi,São Luís
68bf3947-83bd-4187-8936-ec8da9122932,0,A,E aí gata,1,explicita,carente,namoro,0,1,1,praia,tomar um litrão,amanhã depois da aula,no Centro Histórico,bar,São Luís
62fc900a-69fb-4519-a70a-ba613cb12ef4,5,B,Kkkkk conta essa história,0,none,triste,ex,0,0,0,none,,,,,São Luís
86721d7f-56ab-40ee-bd53-106b087448a3,0,A,E aí gata,1,implicita,apaixonado,crush,0,0,0,casual,,,,,São Luís
034bbaf0-1c84-4baa-b182-c0df50f3cf69,2,A,minha mãe já tá perguntando quando vou casar.,0,none,triste,ficante,0,0,0,none,,,,,São Luís
e03116e3-3509-4376-a127-e964674e5d5c,4,A,Parece a minha semana,1,explicita,animado,colega_trabalho,0,1,1,casual,comer açaí na tigela,hoje depois das 19h,no The Rock Pub,açaí,São Luís
9943e8fb-5fcd-4812-9051-8191e64808d0,1,B,Tá brincando,0,none,saudoso,ex,0,0,0,none,,,,,São Luís
b697acf0-f1c5-492c-85c8-8cdca5113e11,1,B,Tô no mesmo barco oxe,1,explicita,triste,ex,0,1,1,cinema,pegar um cinema,amanhã depois da aula,no São Luís Shopping,cinema,São Luís
4a6db293-8c29-41ea-a63f-3a0eca5f115f,0,A,Opa,0,none,saudoso,ex,0,0,0,none,,,,,São Luís
153ddd1d-fadb-4b1f-adf5-585cf0dfe332,7,B,Oxe que isso kkkk,0,none,saudoso,namoro,0,0,0,none,,,,,São Luís
b12ee2e8-25af-488f-8cea-9b4fd5336fb3,1,B,Bora viver? tu anima ir no Espigão Costeiro comigo? kkkk,1,explicita,triste,colega_trabalho,0,1,1,gastronomico,comer um lanche,domingo no fim da tarde,no Espigão Costeiro,lanche,São Luís
8d0d879c-d383-44a7-8f17-e058a2b57c5e,8,A,Hoje teve aula prática o dia inteiro.,0,none,entediado,match_tinder,0,0,0,none,,,,,São Luís
010fcd82-242f-4385-b91e-e51dd27b82f0,2,A,Nem me faaaala,0,none,empolgado,colega_trabalho,0,0,0,none,,,,,São Luís
fdf976fc-e264-4a57-a6ac-17c8552dd103,1,B,Essa semana foi pesada demais,1,explicita,estressado,crush,0,1,1,bar,beber cerveja,nesse final de semana,no Golden Shopping,bar,São Luís
887e5dd4-37c2-49a9-9ab9-10b8c8c5f6a8,1,B,Tá brincando,1,explicita,cansado,contatinho,1,1,1,bar,beber cerveja,sábado à tarde,ali no Renascença,bar,São Luís
d8c89af2-deef-426c-937a-52d0fb26fff4,0,A,como tu tá?,0,none,saudoso,match_tinder,0,0,0,none,,,,,São Luís
f9cbec71-b8ec-4e3d-9db7-db7e9d133c34,0,A,Oi sumida,1,explicita,feliz,amizade,0,1,1,gastronomico,comer tapioca,nesse final de semana,na Praia de São Marcos,tapioca,São Luís
beb69fab-7b0a-4b82-b1b2-2a0f7fcf0acc,3,B,o são joão tá chegando..,1,implicita,carente,amizade,0,0,0,casual,,,,,São Luís
49d3485b-0a8a-4726-ac57-ac32bdb4d176,1,B,Kkkkk conta essa história,1,explicita,triste,match_tinder,1,1,1,cinema,pegar um cinema,amanhã depois da aula,na Casa do Maranhão,cinema,São Luís
032d01dd-570a-400d-adb7-d0e31a3111f8,1,B,A vida é assim mesmo né,1,explicita,apaixonado,match_tinder,0,1,1,bar,beber cerveja,hoje depois das 19h,no São Luís Shopping,bar,São Luís
b1415fbd-f4ee-4313-9669-ecfe8ffad25c,4,A,e aí doido queria muito andar de carro sem rumo contigo pai d'égua,1,explicita,cansado,namoro,0,1,1,casual,andar de carro sem rumo,depois do estágio,no Empório Fribal,,São Luís
6b2a1556-31d3-456c-8c8d-fb5d0139bfa4,2,A,Hoje combinava muito uma praia. olha,1,implicita,triste,colega_trabalho,1,0,0,casual,,,,,São Luís
6b14d835-b02a-45fd-a9e3-87197d9feb58,5,B,Que situação hein socorro,0,none,empolgado,crush,0,0,0,none,,,,,São Luís
fb38136e-da2d-4720-8d30-0ea12f9df4b7,3,B,a vida é assim mesmo néééé,0,none,carente,crush,0,0,0,none,,,,,São Luís
a9c329f3-dab5-4744-b098-669eb512ca35,0,A,Oi criatura,1,explicita,animado,contatinho,0,1,1,bar,beber cerveja,hoje depois das 19h,no Vignoli,bar,São Luís
8395e683-77b5-45e1-8d93-0fd2659be800,1,B,Passei horas montando dietaaaa.,0,none,empolgado,contatinho,0,0,0,none,,,,,São Luís
92e66e52-0278-4ff9-8a95-d3151770d9e4,5,B,Quero demais!,1,implicita,entediado,amizade,0,0,0,casual,,,,,São Luís
fb4a92d2-eae5-468d-b4d2-8304fa39edfa,5,B,react acabou com meu psicológico.,0,none,triste,match_tinder,0,0,0,none,,,,,São Luís
6f43c38c-1d0f-42f5-9fa2-515ba450c05d,4,A,Tu tem uma energia boa pra sair. 🤣,1,implicita,saudoso,ex,1,0,0,casual,,,,,São Luís
37510ff5-cba9-4321-a50f-39a1ff160d2f,5,B,Que situação heiiiin mds,0,none,empolgado,colega_trabalho,0,0,0,none,,,,,São Luís
a488b2f4-f0b3-4ce9-8668-f98c9f68d52d,2,A,Tu tá onde? tava afim de comer uma pizza no Espigão Costeiro gente,1,explicita,estressado,contatinho,1,1,1,gastronomico,comer uma pizza,sexta depois da faculdade,no Espigão Costeiro,pizza,São Luís
651cb792-bad7-46bf-b672-2fc4fa68bef8,1,B,Nem me fala misericórdia,1,implicita,triste,ficante,1,0,0,casual,,,,,São Luís
a1ef105e-ee1c-4f5b-8727-db05679b4657,5,B,passei horas corrigindo bug.,0,none,cansado,ex,0,0,0,none,,,,,São Luís
2168ce48-c21e-4d3c-9ab6-0173a2bca2e0,4,A,E aí meu patrão partiu no Ceprama hoje?,1,explicita,carente,contatinho,0,1,1,praia,ver o pôr do sol,domingo no fim da tarde,no Ceprama,,São Luís
aa32e92f-9316-46be-8162-6ef1c680aeae,2,A,Oxe que issoo,0,none,carente,ex,0,0,0,none,,,,,São Luís
43d18fb6-ad9c-423d-9f3e-390f37311caf,10,A,Irmão que sofrimento,0,none,triste,amizade,0,0,0,none,,,,,São Luís
79f645e0-4334-4c5e-86d8-90da136d0558,1,B,Passei raiva no trânsito hoje,1,explicita,estressado,match_tinder,0,1,1,bar,beber cerveja,sábado de noite,no Reviver,bar,São Luís
6f0e3acb-d624-4877-9595-f4a52aff5cfb,0,A,Falaa,1,implicita,triste,amizade,0,0,0,casual,,,,,São Luís
b2ba3692-cbdd-4630-af9e-090ccb491a4c,0,A,Meu Deus tu sumiu,1,explicita,carente,ex,0,1,1,gastronomico,comer tapioca,depois do estágio,num café ali no Renascença,tapioca,São Luís
8ba29da5-dd09-46b7-8581-1cd50b7741ac,3,B,Tô cansado dessa burocracia,0,none,estressado,namoro,0,0,0,none,,,,,São Luís
33b2124b-430b-4cca-8ebb-276863700b3b,5,B,Parece a minha semanaaaa,0,none,carente,ficante,0,0,0,none,,,,,São Luís
2194aab4-702b-4938-88f5-845c71ec6e07,4,A,A vida é assim mesmo né 🥲,0,none,estressado,namoro,0,0,0,none,,,,,São Luís
97f4a960-0cb6-45b6-bbcd-f3136380505e,5,B,Oxe que isso,0,none,cansado,ex,0,0,0,none,,,,,São Luís
771ee46b-9b2b-4b3b-b4f4-b9c60817d53d,0,A,opa meu consagrado,1,explicita,empolgado,namoro,1,1,1,gastronomico,comer um lanche,sábado à tarde,no Anjo da Guarda,lanche,São Luís
de85039e-9173-4f5b-a4a7-1dfe88a12d16,6,A,Já tô pronto(a),1,explicita,animado,ex,0,1,1,casual,ficar conversando,domingo de manhã,no Vignoli,,São Luís
df87762d-e8ec-47c0-bc7f-871cb9dd279b,2,A,Saudade de sair com tu. slk,1,implicita,estressado,colega_trabalho,0,0,0,casual,,,,,São Luís
c246c8d7-d91a-46c6-a19c-f41bf884af4d,0,A,Oi meu amor,1,implicita,carente,amizade,0,0,0,casual,,,,,São Luís
8ba29da5-dd09-46b7-8581-1cd50b7741ac,6,A,A vida adulta é cruel demais.,0,none,estressado,namoro,0,0,0,none,,,,,São Luís
5dbe5def-8fd5-4518-9106-7dfa012e80d6,0,A,bora viver?,1,explicita,empolgado,colega_trabalho,0,1,1,casual,ficar conversando,depois da prova,no Rio Anil Shopping,,São Luís
43cbb2c0-60da-4b8e-8315-f2724853f8b0,0,A,Falaa,1,implicita,feliz,namoro,0,0,0,casual,,,,,São Luís
7edc4000-41d8-4f4b-a267-557457a0efde,2,A,Oi criatura bora comer um lanche no Cabana do Sol domingo no fim da tarde? gente,1,explicita,cansado,ex,0,1,1,gastronomico,comer um lanche,domingo no fim da tarde,no Cabana do Sol,lanche,São Luís
28d6961d-28d3-427e-bb83-e847bf9eebdf,3,B,Peguei ônibus lotado hoje cedo. olha,1,explicita,animado,colega_trabalho,0,1,1,praia,tomar um litrão,sábado de noite,na Praia do Calhau,bar,São Luís
0c58ac9c-ad16-45e8-8802-dab3fac03910,0,A,E aí meu patrão aff,1,implicita,animado,ficante,0,0,0,casual,,,,,São Luís
6dc0ab5d-02f1-402d-a912-589ed68d8f3a,1,B,Que situação hein,1,implicita,entediado,ex,0,0,0,casual,,,,,São Luís
905c785d-c8ed-40d6-91e3-8bce28f55946,3,B,hoje teve atendimento direto kkkkkkk,0,none,apaixonado,colega_trabalho,0,0,0,none,,,,,São Luís
d65ff553-6090-4afa-aafb-dd474398ff45,3,B,Kkkkk conta essa história,1,explicita,feliz,namoro,0,1,1,gastronomico,comer pastel,amanhã,na Praia do Calhau,pastel,São Luís
188a9469-5d53-4881-8ca8-e6566ee79f35,0,A,E aí meu patrão 🤣,0,none,feliz,ex,0,0,0,none,,,,,São Luís
b702097f-2fba-4046-8267-1221840dd597,2,A,Essa chuva apareceu do nada,1,explicita,animado,crush,0,1,1,gastronomico,lançar um sushi,quando acabar esse calor infernal,no Armazém,sushi,São Luís
318d26b4-18cf-4308-8550-96d0bc1b5d26,1,B,irmão que sofrimento,1,explicita,empolgado,match_tinder,0,1,1,shopping,dar rolê no shopping,quando tu sair da faculdade,no Roots Bar,shopping,São Luís
45409217-aec3-4184-b7ec-daa3294f3c24,1,B,Tu me deve um sushi ainda,1,implicita,animado,contatinho,0,0,0,casual,,,,,São Luís
6b2a1556-31d3-456c-8c8d-fb5d0139bfa4,1,B,Tô no mesmo barco,1,implicita,triste,colega_trabalho,1,0,0,casual,,,,,São Luís
c24d9a5b-38bb-4304-98e0-07f65139625c,3,B,Irmão que sofrimento,1,implicita,feliz,contatinho,0,0,0,casual,,,,,São Luís
9634ba6f-f676-4d24-a393-c7a0467c0649,5,B,Opa queria muito ir num barzinho contigo pai d'égua,1,explicita,triste,ex,0,1,1,bar,ir num barzinho,amanhã depois da aula,no Fitó,bar,São Luís
4e4c2560-be9d-4e42-98b9-6f840228ddb7,3,B,Meu Deus tu sumiu bora sair pra comer açaí na tigela??,1,explicita,feliz,namoro,1,1,1,casual,comer açaí na tigela,amanhã,na Coffeetown,açaí,São Luís
056ba82c-0507-4f12-a5fa-a896f350facc,0,A,Partiu rolê hoje? 😭,0,none,empolgado,ficante,0,0,0,none,,,,,São Luís
8c0666e1-ccb9-46ac-9016-259307971439,0,A,Meu Deus tu sumiu mano,1,implicita,apaixonado,contatinho,1,0,0,casual,,,,,São Luís
b9cdb4fb-8eb8-4237-8b88-4a0b53ac36ff,6,A,tu tá onde? simbora na fonte do ribeirão mais tarde?,1,explicita,animado,amizade,0,1,1,praia,tomar um litrão,hoje depois das 19h,na Fonte do Ribeirão,bar,São Luís
7edc4000-41d8-4f4b-a267-557457a0efde,1,B,tá brincando,1,explicita,cansado,ex,0,1,1,gastronomico,comer um lanche,domingo no fim da tarde,no Cabana do Sol,lanche,São Luís
91736d1a-2d26-47ad-b078-82ad6877c589,0,A,Como tu tá?,0,none,saudoso,colega_trabalho,0,0,0,none,,,,,São Luís
19f8b667-f998-4319-a6e5-53613b9ead96,3,B,Nem me fala,1,implicita,animado,contatinho,0,0,0,casual,,,,,São Luís
3f752b69-4dcb-40ad-8fba-bf554444c08c,6,A,passei horas montando dieta pai d'égua,0,none,animado,ex,0,0,0,none,,,,,São Luís
76fcf41c-7f4f-479e-91cc-7bf420082ea0,3,B,Que sufoco,0,none,saudoso,crush,0,0,0,none,,,,,São Luís
e3e24ad2-1e9a-4cf9-beb9-bb3cb21c4137,1,B,Kkkkk conta essa história,1,implicita,entediado,ficante,0,0,0,casual,,,,,São Luís
e03116e3-3509-4376-a127-e964674e5d5c,5,B,sobreviveu à semana? partiu no the rock pub hojeeee?,1,explicita,animado,colega_trabalho,0,1,1,casual,comer açaí na tigela,hoje depois das 19h,no The Rock Pub,açaí,São Luís
ad89c535-a0c6-48e6-88b5-0222f31250f8,1,B,oi meu amor bora sair pra tomar um litrão??,1,explicita,estressado,colega_trabalho,0,1,1,praia,tomar um litrão,hoje,na praça de alimentação do Rio Anil,bar,São Luís
ced94a76-a15e-4c4c-875a-9e5183be3861,1,B,O São João tá chegando vei,1,explicita,cansado,namoro,0,1,1,bar,ir num barzinho,quando tu sair da faculdade,no Vignoli,bar,São Luís
94873b2c-cc4a-41f0-b28d-8d94e2f327b0,8,A,passei o dia no laboratório.,0,none,entediado,ex,0,0,0,none,,,,,São Luís
5093dbca-a474-411a-b145-0cf09476fe1a,6,A,Irmão que sofrimento mah,0,none,entediado,crush,0,0,0,none,,,,,São Luís
af6231f2-b3f4-48c8-b592-2faf636f5adc,3,B,Demais mesmo,0,none,carente,contatinho,0,0,0,none,,,,,São Luís
22a1a8fd-970a-4522-b868-ec48495bcfcb,6,A,Tu tem uma energia boa pra sair olha,1,implicita,animado,amizade,0,0,0,casual,,,,,São Luís
6d009867-7c55-4713-a0aa-412b8e1e5d18,2,A,Falaa bora tomar um açaí lá no Cohatrac?,1,explicita,carente,crush,0,1,1,praia,tomar um açaí,de madrugada mesmo kkkkk,lá no Cohatrac,açaí,São Luís
7b39c629-2a04-4023-af3a-0813932f2d68,0,A,Partiu rolê hoje? gente,1,explicita,animado,match_tinder,0,1,1,casual,comer açaí na tigela,domingo de manhã,no Haruki,açaí,São Luís
fb4a92d2-eae5-468d-b4d2-8304fa39edfa,3,B,Passei o dia lendo Freuuud,0,none,triste,match_tinder,0,0,0,none,,,,,São Luís
16bc744f-8263-4d10-a2e1-ae2e37cacbc4,0,A,Ei sumiço,1,explicita,triste,match_tinder,0,1,1,casual,jogar sinuca,sexta depois da faculdade,no Anjo da Guarda,bar,São Luís
efd900de-0ac6-4e3e-805d-d17fe3531550,3,B,A planta não fecha nunca. oxe,0,none,saudoso,colega_trabalho,0,0,0,none,,,,,São Luís
21f4a253-743d-469a-979e-6db5e8ee1f05,4,A,oxe que isso,0,none,estressado,contatinho,0,0,0,none,,,,,São Luís
f775ab8a-8291-4bba-9605-ef93bccf4ac4,2,A,O PIX caiu só agora. kkkk,1,explicita,feliz,amizade,0,1,1,shopping,dar rolê no shopping,hoje depois das 19h,na extensão da Litorânea,shopping,São Luís
62fc900a-69fb-4519-a70a-ba613cb12ef4,3,B,que sufoco 🥲,0,none,triste,ex,0,0,0,none,,,,,São Luís
e71b7d66-8e6c-4192-8624-9ba0a018acff,4,A,tu sempre some quando eu quero sair.,1,implicita,feliz,ficante,0,0,0,casual,,,,,São Luís
d230670c-ba54-4e5f-99e1-618e06d6cb5b,1,B,Boa sorte aí kkk,1,explicita,triste,colega_trabalho,0,1,1,gastronomico,comer tapioca,sábado de noite,no Cabana do Sol,tapioca,São Luís
5e33b9b1-ee27-46a4-810b-0f80b37428a8,6,A,Passei o dia resolvendo coisa de banco.,0,none,estressado,contatinho,0,0,0,none,,,,,São Luís
08bdba9c-27b0-47b3-9309-975f221561be,3,B,meu deus tu sumiu topa tomar um drink sexta depois da faculdade? mds,1,explicita,apaixonado,colega_trabalho,1,1,1,praia,tomar um drink,sexta depois da faculdade,no Espigão Costeiro,bar,São Luís
6beeaa88-4cfe-4dd1-bdec-66ce1c629386,2,A,peguei ônibus lotado hoje cedo.,1,explicita,apaixonado,crush,0,1,1,praia,tomar um açaí,sexta depois da faculdade,no Amsterdam Music Pub,açaí,São Luís
4227e4fa-2aa9-49fd-8037-478c8cfd3fc1,3,B,Que situação hein né não,1,explicita,saudoso,contatinho,0,1,1,gastronomico,comer sushi,depois da prova,no Shopping da Ilha,sushi,São Luís
683c604d-331c-4d55-aa65-9279c50f0bd9,1,B,Eu entendo viu mds,1,explicita,cansado,amizade,0,1,1,bar,beber cerveja,mais tarde,ali no Vinhais,bar,São Luís
9634ba6f-f676-4d24-a393-c7a0467c0649,4,A,Nem me fala,1,explicita,triste,ex,0,1,1,bar,ir num barzinho,amanhã depois da aula,no Fitó,bar,São Luís
fcd5dd15-e3eb-4d73-933f-f219ac877927,3,B,Demais mesmo,0,none,carente,namoro,0,0,0,none,,,,,São Luís
dd92bb9d-b751-4b8d-a9e6-c12f14120fbd,0,A,Bora viver? cara,1,explicita,apaixonado,ex,1,1,1,praia,andar pela litorânea,sábado de noite,lá pras bandas do Turu,,São Luís
00f26a87-a604-44cb-ac50-6abb892ff7e1,0,A,Como tu tá?,1,implicita,saudoso,contatinho,0,0,0,casual,,,,,São Luís
6bac1c8c-bc5e-4b65-89d2-e4f92f04a5b3,2,A,Essa cidade tá prada hoje. pai d'égua,1,explicita,animado,contatinho,0,1,1,praia,tomar um açaí,hoje depois das 19h,no Armazém,açaí,São Luís
ad88f1aa-92a6-4a91-a55c-6a344e638b83,2,A,A chuva caiu bem na hora que saí.,1,explicita,cansado,colega_trabalho,0,1,1,praia,ver o mar,nesse final de semana,na Feirinha São Luís,,São Luís
2072f936-9893-4b3d-a094-292d9856d59b,0,A,Meu Deus tu summmmiu,1,explicita,empolgado,ficante,0,1,1,casual,ouvir música ao vivo,domingo de manhã,no Cabana do Sol,bar,São Luís
74d10c47-cd5d-4a90-bd59-63241435544f,4,A,Tô cansado dessa burocracia. aff,0,none,carente,contatinho,0,0,0,none,,,,,São Luís
0229e21e-22b9-4a59-a6e4-19855a9ac7bd,2,A,Essa semana foi pesada demais,1,explicita,cansado,ficante,0,1,1,gastronomico,comer pastel,de madrugada mesmo kkkkk,no Anjo da Guarda,pastel,São Luís
9b76c837-3313-4c36-9d34-0eb6f8cd6814,1,B,"fim de semana chegou finalmente, você vai na feirinha?",1,implicita,empolgado,ficante,1,0,0,casual,,,,,São Luís
5bc8b1fa-0517-4486-a202-31e860ab0943,0,A,Bora viveeer? kkkk,1,explicita,empolgado,contatinho,0,1,1,casual,ouvir música ao vivo,sábado à tarde,lá pras bandas do Turu,bar,São Luís
0def2279-5b91-4a77-9d5b-6a0e3a12414d,4,A,Hoje o treino de perna destruiu minha existência,0,none,apaixonado,amizade,0,0,0,none,,,,,São Luís
a1ef105e-ee1c-4f5b-8727-db05679b4657,6,A,Que situação hein,0,none,cansado,ex,0,0,0,none,,,,,São Luís
61d8ce67-f2e5-439a-a5c5-b8fff6780fe2,2,A,O São João tá chegando.,1,implicita,entediado,crush,0,0,0,casual,,,,,São Luís
9b6a0e89-91b9-40c2-8d5a-954abec52f71,0,A,oi criatura,0,none,saudoso,colega_trabalho,0,0,0,none,,,,,São Luís
ee3d6104-68dd-46e5-9b55-8dc6295f6ba9,2,A,Professor pediu pra refazer a planta inteira.,0,none,empolgado,colega_trabalho,0,0,0,none,,,,,São Luís
7d7b1ab0-d8d0-46fa-8591-2f20f7d3c0f3,7,B,irmão que sofrimento aff,0,none,saudoso,ficante,0,0,0,none,,,,,São Luís
21e045bc-106e-4e0d-a05b-de54cf49d20c,1,B,A pessoa simplesmente sumiu.,0,none,saudoso,ficante,0,0,0,none,,,,,São Luís
a12ad6c8-7c9f-40d5-9aff-a80231802867,4,A,Hoje foi só apagar incêndioo.,0,none,apaixonado,amizade,0,0,0,none,,,,,São Luís
162eb3d1-2a04-4db4-8d65-4ca062954bd9,0,A,E aí?,1,explicita,estressado,ficante,0,1,1,gastronomico,comer hambúrguer,domingo de manhã,na Praça Gonçalves Dias,hambúrguer,São Luís
74e40547-834d-4352-b9e8-43be83d2a327,2,A,hoje teve cirurgia no estágio,0,none,entediado,ex,0,0,0,none,,,,,São Luís
ba99f983-402b-4947-bfd0-d0cc16b62bce,5,B,tá brincando mds,0,none,cansado,namoro,0,0,0,none,,,,,São Luís
16bc744f-8263-4d10-a2e1-ae2e37cacbc4,1,B,Boa sorte aí kkk,1,explicita,triste,match_tinder,0,1,1,casual,jogar sinuca,sexta depois da faculdade,no Anjo da Guarda,bar,São Luís
771ee46b-9b2b-4b3b-b4f4-b9c60817d53d,1,B,demais mesmo,1,explicita,empolgado,namoro,1,1,1,gastronomico,comer um lanche,sábado à tarde,no Anjo da Guarda,lanche,São Luís
24a1529c-66ce-40d4-9041-0e26749124c4,6,A,Meu Deus tu sumiu topa dar rolê no shopping de madrugada mesmo kkkkk,1,explicita,carente,ex,0,1,1,shopping,dar rolê no shopping,de madrugada mesmo kkkkk,no Armazém,shopping,São Luís
652cdf2d-71d4-4e5a-bc0d-280f20d469d6,0,A,Sobreviveu à semana?,1,explicita,feliz,contatinho,0,1,1,praia,ir pra praia,sábado de noite,ali no Renascença,praia,São Luís
47528c63-855b-4093-b1fb-82320881913e,1,B,eu entendo viu,0,none,entediado,ex,0,0,0,none,,,,,São Luís
d5d43cc0-12ef-4464-8755-78659e4e3a85,0,A,"Oi, tudo bem?",0,none,empolgado,colega_trabalho,0,0,0,none,,,,,São Luís
ec0db6f3-d434-4072-a686-22eb9a84a8c8,1,B,Que situação hein mah,0,none,apaixonado,amizade,0,0,0,none,,,,,São Luís
2d8bd24a-fe84-42d6-9254-24de132092c4,3,B,eu entendo viu slk,0,none,estressado,match_tinder,0,0,0,none,,,,,São Luís
3c43011e-cc47-496c-89f1-c9f81a5a6e11,1,B,Tá brincando,0,none,carente,colega_trabalho,0,0,0,none,,,,,São Luís
b949224b-a86a-43f6-bd20-7bf69301284d,4,A,Opa meu consagrado partiu na Litorânea hoje??,1,explicita,empolgado,colega_trabalho,0,1,1,gastronomico,comer um lanche,sexta depois da faculdade,na Litorânea,lanche,São Luís
0266bdd4-a671-42fc-ac04-445b1982fedb,2,A,esse calor tá insuportável.,1,explicita,carente,crush,0,1,1,praia,ver o pôr do sol,domingo de manhã,no Empório Fribal,,São Luís
ae39fffe-5536-4a29-921d-ad9e27d4400a,1,B,A vida é assim mesmo né socorro,0,none,animado,ficante,0,0,0,none,,,,,São Luís
57a1144d-2d82-4785-8dd1-0e31a125ea5b,1,B,eu entendo viu,1,explicita,entediado,crush,1,1,1,praia,ver o pôr do sol,sábado de noite,no Empório Fribal,,São Luís
aa8037ac-c97b-4ea9-9822-dcd78e205726,0,A,que fim levou tuuu? kkkkkkk,0,none,apaixonado,namoro,0,0,0,none,,,,,São Luís
e47ee553-ef68-43d3-84e4-3069655a5da6,2,A,Opa depois da aula a gente podia comer sushi pai d'égua,1,explicita,entediado,contatinho,0,1,1,gastronomico,comer sushi,sexta depois da faculdade,no Vignoli,sushi,São Luís
d688145c-a070-4ab0-877b-e92a75a8fa8a,3,B,O trânsito tá impossível hoje,1,explicita,empolgado,amizade,0,1,1,praia,andar pela litorânea,sábado de noite,no Chopp da Fábrica,,São Luís
0481e049-5fcf-43b5-91ac-a4fc124b00d7,5,B,Verdade demais 😩,1,explicita,cansado,contatinho,0,1,1,casual,ver as luzes da cidade,hoje,no Reviver,,São Luís
07ecade8-33f8-4681-b14f-df56d2cd63b1,1,B,irmão que sofrimentttto,0,none,animado,colega_trabalho,0,0,0,none,,,,,São Luís
68bf3947-83bd-4187-8936-ec8da9122932,2,A,Oi criatura queria muito tomar um litrão no Centro Histórico amanhã depois da aula?,1,explicita,carente,namoro,0,1,1,praia,tomar um litrão,amanhã depois da aula,no Centro Histórico,bar,São Luís
f82739f9-e3a2-4cb1-85a4-83dc9437c29d,3,B,Adulto sofre demais com boleto,0,none,entediado,amizade,0,0,0,none,,,,,São Luís
7a07ab85-b0e3-458a-bbd0-c951e967f5f0,1,B,peguei corrida pro araçagy e quase enlouqueci,0,none,animado,crush,0,0,0,none,,,,,São Luís
6d0d2b06-d50e-469e-8d56-7265cedd7f7d,0,A,Sobreviveu à semana?,1,implicita,entediado,namoro,0,0,0,casual,,,,,São Luís
dce9359d-dfcc-4905-bcb4-53d051a31f54,1,B,Meu estágio tá cheio essa semana.,0,none,carente,ficante,0,0,0,none,,,,,São Luís
0a283341-99e1-4b9f-94ba-2c421b424478,7,B,Tô esperando o horárrrio,1,explicita,estressado,colega_trabalho,0,1,1,praia,tomar um açaí,quando acabar esse calor infernal,no Roots Bar,açaí,São Luís
3c632972-83ce-409e-9609-f4fbb098b682,4,A,A vida é assim mesmo né,1,implicita,apaixonado,namoro,1,0,0,casual,,,,,São Luís
addbeb0c-cdec-4dcc-9003-68ea205f398d,5,B,simboraaaa! olha,1,explicita,animado,colega_trabalho,0,1,1,praia,tomar sorvete,mais tarde,na Praça Gonçalves Dias,sorvete,São Luís
4a4e2234-2d2d-4bcb-b12c-f9ebdb71b715,1,B,Boa sorte aí kkk 💀,1,explicita,cansado,crush,0,1,1,praia,tomar um drink,quando acabar esse calor infernal,na Casa do Maranhão,bar,São Luís
b677ca82-7cac-4673-8196-9fccb3a5bfa2,5,B,Hoje foi puxado demais.,0,none,cansado,namoro,0,0,0,none,,,,,São Luís
b03d7411-2f1c-4900-8f04-8a82383a654b,0,A,Opa meu consagraaaado,1,implicita,estressado,namoro,0,0,0,casual,,,,,São Luís
019e7c5d-b8de-4822-8dd9-7edd17be0417,0,A,Opa meu consagrado hahaha,1,implicita,triste,match_tinder,0,0,0,casual,,,,,São Luís
a12ad6c8-7c9f-40d5-9aff-a80231802867,6,A,docker simplesmente não funciona,0,none,apaixonado,amizade,0,0,0,none,,,,,São Luís
b009ea94-9b7b-42af-8fb7-913972ad8738,2,A,Tu me deve um sushi ainda.,1,implicita,animado,ficante,0,0,0,casual,,,,,São Luís
2dc47899-7bf9-409b-b227-bfc2e4b3c598,1,B,Boa sorte aí kkk,1,implicita,saudoso,ex,0,0,0,casual,,,,,São Luís
47965fb3-d4c7-464f-8218-242cdfcdd9ee,2,A,Com vc qualquer lugar,1,explicita,apaixonado,colega_trabalho,0,1,1,casual,comer açaí na tigela,depois da prova,na extensão da Litorânea,açaí,São Luís
57eb4b4b-2b01-435e-9174-f8d6abdc1e8b,0,A,Opa gente,1,explicita,estressado,amizade,0,1,1,gastronomico,comer pastel,sábado à tarde,ali no Vinhais,pastel,São Luís
dd0b67e5-2cb4-4777-823c-e5df9dedd7c8,0,A,Oi sumiida,1,implicita,saudoso,colega_trabalho,1,0,0,casual,,,,,São Luís
f2e5ab36-9652-4a8d-80a6-e9adea5ee5d0,2,A,A chuva caiu bem na hora que saí.,1,implicita,cansado,amizade,0,0,0,casual,,,,,São Luís
ab612e54-ec6d-490b-8a43-ba032d7fadcf,1,B,E aí gata bora sair pra beber cervejja?,1,explicita,feliz,ex,1,1,1,bar,beber cerveja,nesse final de semana,no Amsterdam Music Pub,bar,São Luís
3c6c95be-be18-4cd6-98a0-9718bded4a4e,1,B,Parece a minha semana mah,0,none,feliz,colega_trabalho,0,0,0,none,,,,,São Luís
9c39b3bf-71f0-4121-a416-070cad08b9b1,1,B,São Luís virou um fornooo né não,1,explicita,feliz,crush,0,1,1,praia,ver o mar,quando tu sair da faculdade,no Fitó,,São Luís
00f26a87-a604-44cb-ac50-6abb892ff7e1,6,A,tava pensando que a gente podia se ver hoje.,1,implicita,saudoso,contatinho,0,0,0,casual,,,,,São Luís
f98639e0-5dfe-4a47-a6d9-98b074346fdc,3,B,O calor hoje tá criminoso.,1,explicita,entediado,namoro,0,1,1,bar,ir num barzinho,domingo de manhã,no Golden Shopping,bar,São Luís
1362e2bd-4b4b-4adb-afb8-c6e6fbe76dfb,0,A,partiu rolê hojeeee? gente,1,implicita,entediado,amizade,0,0,0,casual,,,,,São Luís
0dbf3238-8ef2-4d7f-8f4a-ead1bb5ea78e,2,A,Como tu tá? bora comer hambúrguer na Praça Gonçalves Dias? misericórdia,1,explicita,entediado,match_tinder,0,1,1,gastronomico,comer hambúrguer,domingo de manhã,na Praça Gonçalves Dias,hambúrguer,São Luís
b93c9cdd-4c14-4ba6-a083-91ea1789a649,6,A,tribunal do júri acabou comigo hoje. kkkkkkk,0,none,animado,ficante,0,0,0,none,,,,,São Luís
b949224b-a86a-43f6-bd20-7bf69301284d,2,A,O calor hoje tá criminoso,1,explicita,empolgado,colega_trabalho,0,1,1,gastronomico,comer um lanche,sexta depois da faculdade,na Litorânea,lanche,São Luís
2e95040e-8ded-4364-bed9-1c180af6c43c,0,A,Oi meu amor,1,explicita,feliz,match_tinder,0,1,1,praia,tomar café gelado,hoje à noite,no Reviver,café,São Luís
ce9887d5-70b9-433d-b7a1-99b2fe87117b,4,A,Que horas?,1,explicita,triste,colega_trabalho,0,1,1,praia,tomar um drink,amanhã,na Praia do Calhau,bar,São Luís
34994397-2e5c-4367-b254-63216fbb5322,6,A,Quero demais!,1,explicita,apaixonado,amizade,1,1,1,gastronomico,comer tapioca,sexta depois da faculdade,no Seu Boteco,tapioca,São Luís
3abd519d-0e16-47fa-b036-f475ca773979,0,A,Opa,1,implicita,empolgado,ficante,0,0,0,casual,,,,,São Luís
68bf3947-83bd-4187-8936-ec8da9122932,1,B,Tô no mesmo barco gente,1,explicita,carente,namoro,0,1,1,praia,tomar um litrão,amanhã depois da aula,no Centro Histórico,bar,São Luís
f592c80c-366b-4d83-b76b-d8b0a02e0d4c,2,A,Hoje eu precisava ver alguém legal,1,implicita,estressado,contatinho,1,0,0,casual,,,,,São Luís
00fe2242-94d1-42e2-959d-e1c021b00f83,2,A,Já tô pronto(a),1,implicita,animado,namoro,0,0,0,casual,,,,,São Luís
62fc900a-69fb-4519-a70a-ba613cb12ef4,4,A,passei o dia cuidando dos animais,0,none,triste,ex,0,0,0,none,,,,,São Luís
35d3665a-352f-426b-988f-373713fff7c6,0,A,Como tu tá?,1,explicita,entediado,namoro,0,1,1,gastronomico,comer pastel,depois do estágio,lá no Cohatrac,pastel,São Luís
b9cdb4fb-8eb8-4237-8b88-4a0b53ac36ff,7,B,bora sim!!!!,1,explicita,animado,amizade,0,1,1,praia,tomar um litrão,hoje depois das 19h,na Fonte do Ribeirão,bar,São Luís
e3079087-d433-41e9-8b0a-a438f3263196,1,B,Tá brincannndo,1,explicita,entediado,crush,1,1,1,praia,tomar um açaí,sexta depois da faculdade,no Talking Blues,açaí,São Luís
089cde6d-e739-404f-b879-aa53e4e9270f,6,A,tu tem uma energia boa pra sair.,1,implicita,triste,match_tinder,0,0,0,casual,,,,,São Luís
4a2cca2c-9ee1-4cd4-bd35-dffce9244d14,5,B,Que situação hein,0,none,estressado,namoro,0,0,0,none,,,,,São Luís
050381f1-9001-4f24-8aa5-4b7fd93c15e6,2,A,Quero demais!,1,explicita,estressado,contatinho,0,1,1,casual,dar uma volta,hoje,na Feirinha São Luís,,São Luís
b9d2dd27-db52-4a0f-8ea5-e785fcf7f703,6,A,A planilha financeira acabou comigo.,0,none,cansado,crush,0,0,0,none,,,,,São Luís
4227e4fa-2aa9-49fd-8037-478c8cfd3fc1,1,B,Parece a minha semana,1,explicita,saudoso,contatinho,0,1,1,gastronomico,comer sushi,depois da prova,no Shopping da Ilha,sushi,São Luís
b38f1caa-adc4-4733-a658-dd2f1bd7a6a0,0,A,Oi sumida 😩,1,implicita,cansado,contatinho,0,0,0,casual,,,,,São Luís
34994397-2e5c-4367-b254-63216fbb5322,1,B,"esse calor tá insuportável, você vai na feirinha?",1,explicita,apaixonado,amizade,1,1,1,gastronomico,comer tapioca,sexta depois da faculdade,no Seu Boteco,tapioca,São Luís
b28233ae-c622-42ab-8605-222f80352cd9,0,A,que fim levou tu?,1,explicita,entediado,amizade,1,1,1,shopping,dar rolê no shopping,domingo de manhã,no Centro Histórico,shopping,São Luís
b677ca82-7cac-4673-8196-9fccb3a5bfa2,4,A,Tô no mesmo barco,0,none,cansado,namoro,0,0,0,none,,,,,São Luís
a807d5b3-9d0c-4818-bd28-324f61df1ed5,6,A,Quero demais! socorro,1,explicita,entediado,amizade,1,1,1,gastronomico,comer hambúrguer,nesse final de semana,na extensão da Litorânea,hambúrguer,São Luís
495402ff-af9c-4cc9-8fe3-ebdbbd4caf32,1,B,Meu estágio na academia foi puxado. kkkkkkk,0,none,cansado,ex,0,0,0,none,,,,,São Luís
2f26c9fa-4006-46ef-ac69-f764c99218a1,2,A,Parece a minha semana,0,none,saudoso,crush,0,0,0,none,,,,,São Luís
38cd2be7-4856-42bf-b554-17b8c8ab1c18,3,B,Passei a manhã resolvendo boleto.,1,implicita,animado,ficante,1,0,0,casual,,,,,São Luís
056d783e-7f32-45f6-937e-19a6d835568b,3,B,Oxe que issoooo,0,none,triste,colega_trabalho,0,0,0,none,,,,,São Luís
6e720a00-5c7c-40b7-b42f-354a3c159f89,2,A,Minha internet caiu de novo,1,implicita,empolgado,crush,0,0,0,casual,,,,,São Luís
63d0b12d-b9ec-408b-bfd9-3d1f25d84b6d,2,A,Opa meu consagrado simbora no Roots Bar mais tarde?,1,explicita,saudoso,ficante,1,1,1,praia,tomar café gelado,mais tarde,no Roots Bar,café,São Luís
2d8bd24a-fe84-42d6-9254-24de132092c4,6,A,passei a madrugada renderizando projeto,0,none,estressado,match_tinder,0,0,0,none,,,,,São Luís
669b4bc8-e575-44ee-81d3-0810ec367a2e,0,A,"Oi, tudo bem? kkkk",1,implicita,cansado,ficante,0,0,0,casual,,,,,São Luís
2072f936-9893-4b3d-a094-292d9856d59b,2,A,e aí doido tu vai fazer o que hoje? bora ouvir música ao vivo socorro,1,explicita,empolgado,ficante,0,1,1,casual,ouvir música ao vivo,domingo de manhã,no Cabana do Sol,bar,São Luís
ee3d6104-68dd-46e5-9b55-8dc6295f6ba9,0,A,Oi sumida mds,0,none,empolgado,colega_trabalho,0,0,0,none,,,,,São Luís
ad88f1aa-92a6-4a91-a55c-6a344e638b83,4,A,Fiquei preso no trânsito do Cohafuma.,1,explicita,cansado,colega_trabalho,0,1,1,praia,ver o mar,nesse final de semana,na Feirinha São Luís,,São Luís
5d8ee4cc-5227-48fe-9798-7247b31af9e0,4,A,Passei o dia resolvendo problema de cliente.,0,none,animado,namoro,0,0,0,none,,,,,São Luís
0a283341-99e1-4b9f-94ba-2c421b424478,0,A,oi criatura,1,explicita,estressado,colega_trabalho,0,1,1,praia,tomar um açaí,quando acabar esse calor infernal,no Roots Bar,açaí,São Luís
34994397-2e5c-4367-b254-63216fbb5322,5,B,E aí meu patrão a gente podia aproveitar e comer tapioca sexta depois da faculdade?,1,explicita,apaixonado,amizade,1,1,1,gastronomico,comer tapioca,sexta depois da faculdade,no Seu Boteco,tapioca,São Luís
61d8ce67-f2e5-439a-a5c5-b8fff6780fe2,3,B,Demais mesmo misericórdia,1,implicita,entediado,crush,0,0,0,casual,,,,,São Luís
1e66d2bf-79cd-4d67-a491-e64edfc9d8f5,2,A,Passei a madrugada renderizando projeto,0,none,triste,ex,0,0,0,none,,,,,São Luís
f4faf563-671c-4c8a-8d3a-9f205a8d3515,1,B,O calor hoje tá criminoso.. kkkkkkk,1,explicita,cansado,namoro,0,1,1,gastronomico,comer sushi,sábado à tarde,ali no Renascença,sushi,São Luís
76fcf41c-7f4f-479e-91cc-7bf420082ea0,4,A,meu projeto ficou todo desalinhado.,0,none,saudoso,crush,0,0,0,none,,,,,São Luís
2f52516c-c29c-4387-aeca-7dab40efa748,4,A,Boa sorte aí kkk socorro,1,explicita,estressado,contatinho,0,1,1,gastronomico,comer hambúrguer,quando tu sair da faculdade,no Armazém,hambúrguer,São Luís
4a6db293-8c29-41ea-a63f-3a0eca5f115f,3,B,Hoje foi só apagar incêndio 💀,0,none,saudoso,ex,0,0,0,none,,,,,São Luís
b009ea94-9b7b-42af-8fb7-913972ad8738,1,B,Que situação hein mds,1,implicita,animado,ficante,0,0,0,casual,,,,,São Luís
5d8ee4cc-5227-48fe-9798-7247b31af9e0,1,B,Tá brincando,0,none,animado,namoro,0,0,0,none,,,,,São Luís
c937c99f-a228-4c52-ac0f-a5172adece25,4,A,Tava com saudade de conversar contigo.,1,implicita,saudoso,colega_trabalho,0,0,0,casual,,,,,São Luís
1c7f584c-886d-478f-ac3b-1a89835e60ea,1,B,Que situação hein socorro,1,explicita,carente,match_tinder,0,1,1,casual,comer açaí na tigela,de madrugada mesmo kkkkk,no Armazém,açaí,São Luís
1e66d2bf-79cd-4d67-a491-e64edfc9d8f5,4,A,Passei o dia inteiro fazendo peça jurídica,0,none,triste,ex,0,0,0,none,,,,,São Luís
a38b47b6-fbc2-48e2-a30a-763fa62ff2aa,4,A,Como tu tá? partiu no Outback hoje? vei,1,explicita,cansado,match_tinder,1,1,1,praia,andar pela litorânea,quando tu sair da faculdade,no Outback,,São Luís
6b19f66a-d9de-492a-8e50-ab3091f2267e,0,A,Sobreviveu à semana?? kkkk,1,explicita,triste,match_tinder,1,1,1,casual,dar uma volta,quando acabar esse calor infernal,no Kitaro,,São Luís
6d0d2b06-d50e-469e-8d56-7265cedd7f7d,2,A,esse calor tá insuportávellll,1,implicita,entediado,namoro,0,0,0,casual,,,,,São Luís
40d440d1-e7d5-4763-b037-268d9f73ba85,4,A,oi criatura bora sair pra comer pastel?,1,explicita,cansado,ex,0,1,1,gastronomico,comer pastel,sábado de noite,no Roots Bar,pastel,São Luís
55d7d0e4-d4e8-4ee8-b1e1-4825c3029796,1,B,Oxe que isso 😩,1,implicita,empolgado,ficante,1,0,0,casual,,,,,São Luís
4a6db293-8c29-41ea-a63f-3a0eca5f115f,1,B,Que situação hein,0,none,saudoso,ex,0,0,0,none,,,,,São Luís
0bd1072c-8978-44be-8d1a-88ff6f2ab619,0,A,Bora viver?,0,none,carente,ficante,0,0,0,none,,,,,São Luís
0229e21e-22b9-4a59-a6e4-19855a9ac7bd,0,A,Opa,1,explicita,cansado,ficante,0,1,1,gastronomico,comer pastel,de madrugada mesmo kkkkk,no Anjo da Guarda,pastel,São Luís
dd4d467b-b986-4f88-a247-4cc5708e95b4,1,B,Minha internet caiu de novo,1,implicita,apaixonado,ex,0,0,0,casual,,,,,São Luís
5d2fc3ca-3c9d-4448-ba82-aee3b8ea2175,6,A,Eu entendo viu vei,0,none,entediado,contatinho,0,0,0,none,,,,,São Luís
58cc75d8-072f-46aa-a6d5-a970f39b104f,2,A,Quero demais misericórdia,1,implicita,apaixonado,ficante,0,0,0,casual,,,,,São Luís
22a1a8fd-970a-4522-b868-ec48495bcfcb,2,A,A chuva caiu bem na hora que saí.,1,implicita,animado,amizade,0,0,0,casual,,,,,São Luís
70331df1-25b1-4d31-acf6-60494227fdc7,1,B,Oxe que isso,0,none,estressado,match_tinder,0,0,0,none,,,,,São Luís
6f43c38c-1d0f-42f5-9fa2-515ba450c05d,0,A,Ei sumiço 💀,1,implicita,saudoso,ex,1,0,0,casual,,,,,São Luís
f3743db9-c9a3-4112-87a5-4561ad9fd114,1,B,Tô indo no Mateus rapidinhooo.,1,implicita,estressado,namoro,0,0,0,casual,,,,,São Luís
a045410e-ab8a-47b5-a967-7139f861e48d,6,A,Peguei corrida pro Araçagy e quase enlouqueci.,0,none,cansado,ficante,0,0,0,none,,,,,São Luís
3fedf134-d037-45c2-b0a7-995be1d8e317,2,A,Cálculo estrutural tá impossível.,0,none,triste,ex,0,0,0,none,,,,,São Luís
8ba29da5-dd09-46b7-8581-1cd50b7741ac,0,A,ei sumiço,0,none,estressado,namoro,0,0,0,none,,,,,São Luís
ccf5040c-e1d0-40ed-b9ab-e3803aec0d59,3,B,Demais mesmo aff,1,explicita,entediado,crush,0,1,1,praia,ir pra praia,sexta depois da faculdade,no Haruki,praia,São Luís
88fceb6e-8415-4e7c-adbc-0077ab85592a,4,A,E aí? topa comer um camarão domingo de manhã? 💀,1,explicita,animado,contatinho,0,1,1,praia,comer um camarão,domingo de manhã,no The Rock Pub,frutos do mar,São Luís
20a79bc3-36c2-4a51-a1a4-46f9cebe26a4,6,A,E aí meu patrão pensei da gnt comer hambúrguer na Praia de São Marcos mano,1,explicita,triste,contatinho,0,1,1,gastronomico,comer hambúrguer,depois do estágio,na Praia de São Marcos,hambúrguer,São Luís
b4b272c3-eba5-4960-825e-8e19e8e22590,1,B,Que sufoco,0,none,animado,namoro,0,0,0,none,,,,,São Luís
b437e079-4687-43d3-b7ac-9b4e762c8027,1,B,Parece a minha semana pai d'égua,1,explicita,cansado,contatinho,0,1,1,praia,tomar um drink,mais tarde,no Golden Shopping,bar,São Luís
61baa435-a650-47f0-9ce6-abb9ebb130dc,1,B,Gasolina tá acabando comigo.,0,none,feliz,match_tinder,0,0,0,none,,,,,São Luís
0a286769-3959-4c48-9d90-18d57c82aba6,5,B,tô esperando o horário cara,1,explicita,feliz,amizade,0,1,1,gastronomico,comer tapioca,depois do estágio,no Roots Bar,tapioca,São Luís
2d8bd24a-fe84-42d6-9254-24de132092c4,4,A,passei o dia cuidando dos animais,0,none,estressado,match_tinder,0,0,0,none,,,,,São Luís
743ab7e4-533f-49bb-a137-58b5a668875d,0,A,E aí meu patrão,1,explicita,animado,namoro,0,1,1,praia,ver o mar,sábado à tarde,no Ceprama,,São Luís
0140bf1f-34f8-4bdd-956f-e8d9136247f0,1,B,Passei o dia estudando português.,0,none,triste,contatinho,0,0,0,none,,,,,São Luís
57eb4b4b-2b01-435e-9174-f8d6abdc1e8b,1,B,que sufoco,1,explicita,estressado,amizade,0,1,1,gastronomico,comer pastel,sábado à tarde,ali no Vinhais,pastel,São Luís
4d157dca-4259-4b14-a80a-08f5ad9c564f,1,B,"essa semana foi pesada demais, você vai no bumba meu boi?",1,implicita,cansado,contatinho,1,0,0,casual,,,,,São Luís
322e846d-47ce-47ee-896c-96fbe5c76a39,2,A,Fim de semana chegou finalmente,1,explicita,cansado,ficante,0,1,1,praia,ir pra praia,amanhã,no Reviver,praia,São Luís
e6803ebe-d1e1-4a4d-b224-d593b5c61fe4,0,A,Opa meu consagrado 😭,1,explicita,apaixonado,colega_trabalho,0,1,1,gastronomico,comer uma pizza,sábado de noite,no Outback,pizza,São Luís
3c6c95be-be18-4cd6-98a0-9718bded4a4e,3,B,Verdade demais 😩,0,none,feliz,colega_trabalho,0,0,0,none,,,,,São Luís
dc0ae5fc-7795-4224-bc8f-8e90ea1b5ae5,0,A,Tu tá onde?,1,implicita,apaixonado,namoro,0,0,0,casual,,,,,São Luís
3c43011e-cc47-496c-89f1-c9f81a5a6e11,5,B,Tô no mesmo barco,0,none,carente,colega_trabalho,0,0,0,none,,,,,São Luís
066b1903-c186-4142-b9e8-4e218ca17530,0,A,E aí?,1,explicita,apaixonado,match_tinder,0,1,1,casual,dar uma volta,nesse final de semana,lá no Cohatrac,,São Luís
2d3b56ba-57e5-4332-9067-fba04d266263,6,A,Irmão que sofrimento,0,none,cansado,namoro,0,0,0,none,,,,,São Luís
cd50f3da-c0cb-4f49-95b8-7c8b67f66729,1,B,Boa sorte aí kkk 😩,1,implicita,saudoso,ficante,0,0,0,casual,,,,,São Luís
284a30f2-4bb9-4018-bf96-83c5d8361f49,0,A,E aí? mano,0,none,empolgado,ficante,0,0,0,none,,,,,São Luís
0a103cb3-876f-4c51-943f-b56b48db048b,4,A,Demais mesmo,1,explicita,feliz,contatinho,0,1,1,casual,ouvir música ao vivo,sexta depois da faculdade,no Roots Bar,bar,São Luís
a1ef105e-ee1c-4f5b-8727-db05679b4657,4,A,Kkkkk conta essa história,0,none,cansado,ex,0,0,0,none,,,,,São Luís
c6a6f0d9-a517-469c-8f97-92028fa50454,5,B,Verdade demais 😩 🥲,1,implicita,empolgado,colega_trabalho,0,0,0,casual,,,,,São Luís
6afac418-92e6-4d36-b6fc-cdc403e7d570,4,A,oxe que isso,0,none,cansado,contatinho,0,0,0,none,,,,,São Luís
7871a07e-f026-4d2a-a32b-e51f36b029d7,5,B,oi sumida bora ver o pôr do sol na praia do araçagy sexta depois da faculdade?,1,explicita,entediado,ex,0,1,1,praia,ver o pôr do sol,sexta depois da faculdade,na Praia do Araçagy,,São Luís
a67329d5-10fa-448d-9b2b-d283e9e74c82,6,A,e aí meu patrão pensei da gente tomar um litrão na praia do araçagy misericórdia,1,explicita,feliz,ex,0,1,1,praia,tomar um litrão,de madrugada mesmo kkkkk,na Praia do Araçagy,bar,São Luís
8b44a8a2-f133-4b08-b441-4f7bd234a909,1,B,hoje combinava muito uma praiaaa.,1,implicita,cansado,amizade,0,0,0,casual,,,,,São Luís
d7dd70ce-f414-42d5-9ba1-bc91d8c5579e,0,A,Oi meu amor,1,explicita,feliz,ex,0,1,1,praia,tomar sorvete,de madrugada mesmo kkkkk,na Feirinha São Luís,sorvete,São Luís
06744053-84f4-478f-8682-be02ea5d6b90,0,A,ei sumiço,1,explicita,triste,colega_trabalho,1,1,1,bar,ir num barzinho,domingo de manhã,na praça de alimentação do Rio Anil,bar,São Luís
a059dde4-e9a4-466d-b18c-db06641c83b2,8,A,Oxe que isso,0,none,apaixonado,match_tinder,0,0,0,none,,,,,São Luís
7a07ab85-b0e3-458a-bbd0-c951e967f5f0,6,A,autocad travou bem na entrega. socorro,0,none,animado,crush,0,0,0,none,,,,,São Luís
4227e4fa-2aa9-49fd-8037-478c8cfd3fc1,0,A,Opa,1,explicita,saudoso,contatinho,0,1,1,gastronomico,comer sushi,depois da prova,no Shopping da Ilha,sushi,São Luís
dd4d467b-b986-4f88-a247-4cc5708e95b4,4,A,Tô esperando o horário socorro,1,implicita,apaixonado,ex,0,0,0,casual,,,,,São Luís
6a0eba87-5760-4bce-888f-d9ae29c80578,2,A,A prova oral me destruiu.,0,none,animado,match_tinder,0,0,0,none,,,,,São Luís
ba99f983-402b-4947-bfd0-d0cc16b62bce,0,A,Oi criatura mah,0,none,cansado,namoro,0,0,0,none,,,,,São Luís
056d783e-7f32-45f6-937e-19a6d835568b,6,A,Irmão que sofrimentttto,0,none,triste,colega_trabalho,0,0,0,none,,,,,São Luís
66bbc389-05e6-4aec-8d46-4246a2382539,2,A,Ei sumiço depois da aula a gente podia dar uma volta,1,explicita,saudoso,amizade,0,1,1,casual,dar uma volta,depois da prova,ali no Renascença,,São Luís
d6032dfa-646c-411f-8ea3-ea27dac9c9ef,0,A,E aí meu patrão kkkk,1,implicita,apaixonado,ficante,0,0,0,casual,,,,,São Luís
3200c743-8897-484c-8942-0dacc437dd7f,1,B,Tá brincando,1,explicita,empolgado,namoro,0,1,1,casual,ver as luzes da cidade,de madrugada mesmo kkkkk,no The Rock Pub,,São Luís
92c14648-b607-4102-8ad1-5be64d351d28,6,A,A gente ainda vai naquele lugar que tu falou. cara,1,implicita,entediado,namoro,0,0,0,casual,,,,,São Luís
e50b79e8-bd82-423b-bbc6-bda8a6c1656b,0,A,Falaa,0,none,apaixonado,colega_trabalho,0,0,0,none,,,,,São Luís
3b6bacb3-f59f-4832-9a0a-0f2055a65edf,0,A,E aí?,1,explicita,triste,namoro,0,1,1,praia,tomar café gelado,domingo no fim da tarde,na Casa do Maranhão,café,São Luís
9f43fdf2-9f0f-47fa-a5e9-da510e6ffc80,0,A,Ei sumiço,1,explicita,apaixonado,contatinho,0,1,1,bar,ir num barzinho,domingo de manhã,na Praia de São Marcos,bar,São Luís
dc670182-c558-4a36-b1a4-ed1bd52adb03,2,A,Como tu tá? bora ir pra praia no Kitaro domingo de manhã?,1,explicita,empolgado,ex,0,1,1,praia,ir pra praia,domingo de manhã,no Kitaro,praia,São Luís
7a07ab85-b0e3-458a-bbd0-c951e967f5f0,5,B,nem me fala,0,none,animado,crush,0,0,0,none,,,,,São Luís
a9223afe-4ec4-4f45-a9a0-fdaf5c7bd0c0,3,B,Verdade demais 😩,0,none,triste,ficante,0,0,0,none,,,,,São Luís
6b84518b-360b-45db-be9b-e955b603f18c,2,A,falaa pensei da gente ver o pôr do sol no outback misericórdia,1,explicita,estressado,namoro,0,1,1,praia,ver o pôr do sol,de madrugada mesmo kkkkk,no Outback,,São Luís
153ddd1d-fadb-4b1f-adf5-585cf0dfe332,1,B,Que sufoco,0,none,saudoso,namoro,0,0,0,none,,,,,São Luís
01e94c64-86bf-4826-ad1f-9cf63641e3ca,2,A,Relacionamento dá trabalho vvvviu né não,0,none,entediado,match_tinder,0,0,0,none,,,,,São Luís
bd99c802-a442-4bf6-98d9-6c6368785088,5,B,Tá brincando,0,none,feliz,amizade,0,0,0,none,,,,,São Luís
dc0ae5fc-7795-4224-bc8f-8e90ea1b5ae5,2,A,Queria companhia pra hoje.,1,implicita,apaixonado,namoro,0,0,0,casual,,,,,São Luís
7977be07-e916-447f-8d9e-669c52e9d14b,4,A,Nem me fala,1,explicita,apaixonado,ex,1,1,1,praia,ver o pôr do sol,domingo de manhã,no Buteko,,São Luís
034bbaf0-1c84-4baa-b182-c0df50f3cf69,4,A,Kkkkk conta essa história,0,none,triste,ficante,0,0,0,none,,,,,São Luís
24a1529c-66ce-40d4-9041-0e26749124c4,2,A,meu ifood veio errado. aff,1,explicita,carente,ex,0,1,1,shopping,dar rolê no shopping,de madrugada mesmo kkkkk,no Armazém,shopping,São Luís
7a07ab85-b0e3-458a-bbd0-c951e967f5f0,3,B,Eu entendo viu kkkkkkk,0,none,animado,crush,0,0,0,none,,,,,São Luís
79f645e0-4334-4c5e-86d8-90da136d0558,3,B,O trânsito tá impossível hoje..,1,explicita,estressado,match_tinder,0,1,1,bar,beber cerveja,sábado de noite,no Reviver,bar,São Luís
6f690fde-f33f-4863-8b6f-b52bb59c95f8,0,A,E aí doido,1,explicita,carente,contatinho,1,1,1,praia,tomar um litrão,depois do estágio,na Praia do Calhau,bar,São Luís
32b06998-116d-4d9f-b731-a897160f82f1,1,B,Que sufoco,1,explicita,empolgado,ficante,1,1,1,gastronomico,comer sushi,sábado de noite,no Talking Blues,sushi,São Luís
92c14648-b607-4102-8ad1-5be64d351d28,7,B,Com você qualquer lugar,1,implicita,entediado,namoro,0,0,0,casual,,,,,São Luís
2d3b56ba-57e5-4332-9067-fba04d266263,7,B,Meu estágio na academia foi puxado.,0,none,cansado,namoro,0,0,0,none,,,,,São Luís
37a38461-4513-425b-bffd-51b83024d4ce,3,B,Demais mesmo,0,none,animado,crush,0,0,0,none,,,,,São Luís
6beeaa88-4cfe-4dd1-bdec-66ce1c629386,1,B,Parece a minha semanaaaa,1,explicita,apaixonado,crush,0,1,1,praia,tomar um açaí,sexta depois da faculdade,no Amsterdam Music Pub,açaí,São Luís
4b1fed26-e963-4f23-9ba6-6198986de253,8,A,A firma acabou comigo hoje. aff,0,none,cansado,contatinho,0,0,0,none,,,,,São Luís
32b06998-116d-4d9f-b731-a897160f82f1,0,A,E aí meu patrão,1,explicita,empolgado,ficante,1,1,1,gastronomico,comer sushi,sábado de noite,no Talking Blues,sushi,São Luís
94edf84e-91ab-48f8-bb44-f108db288bb1,0,A,Oi meu amorrr,0,none,apaixonado,amizade,0,0,0,none,,,,,São Luís
f98639e0-5dfe-4a47-a6d9-98b074346fdc,1,B,tá brincando gente,1,explicita,entediado,namoro,0,1,1,bar,ir num barzinho,domingo de manhã,no Golden Shopping,bar,São Luís
c62f5e04-724d-44dd-a356-41958b3870b8,0,A,Oii pai d'égua,1,explicita,cansado,amizade,0,1,1,bar,beber cerveja,quando tu sair da faculdade,no Anjo da Guarda,bar,São Luís
a12ad6c8-7c9f-40d5-9aff-a80231802867,7,B,Passei o dia estudando português.,0,none,apaixonado,amizade,0,0,0,none,,,,,São Luís
37510ff5-cba9-4321-a50f-39a1ff160d2f,4,A,Passei horas corrigindo bug,0,none,empolgado,colega_trabalho,0,0,0,none,,,,,São Luís
1d04ffd3-a612-4d8f-b4b2-296361ed21dc,0,A,bora viver?,1,explicita,triste,contatinho,1,1,1,praia,tomar sorvete,domingo de manhã,no Centro Histórico,sorvete,São Luís
fd3f9637-7e35-4332-a5be-3822a13a967c,0,A,E aí gata,1,explicita,carente,crush,0,1,1,praia,tomar um energético,hoje,no Roots Bar,bar,São Luís
5d6a1bf6-4d5e-41b1-806b-1335c06a3050,3,B,Passei o dia inteiro na clínica.,0,none,carente,crush,0,0,0,none,,,,,São Luís
dce9359d-dfcc-4905-bcb4-53d051a31f54,3,B,meu grupo mudou toda a campanha de última hora. 💀,0,none,carente,ficante,0,0,0,none,,,,,São Luís
e6ab8f87-3915-46fc-aabd-6496e5b193ed,1,B,Demais mesmo misericórdia,1,explicita,feliz,ex,1,1,1,praia,tomar um litrão,hoje à noite,na extensão da Litorânea,bar,São Luís
6bac1c8c-bc5e-4b65-89d2-e4f92f04a5b3,3,B,Tô indo no Mateus rapidinho 💀,1,explicita,animado,contatinho,0,1,1,praia,tomar um açaí,hoje depois das 19h,no Armazém,açaí,São Luís
a32e8e26-4c4f-43e1-b32d-a41cbd5d0d38,0,A,Meu Deus tu sumiuu,1,explicita,entediado,namoro,1,1,1,gastronomico,comer sushi,domingo no fim da tarde,no Armazém,sushi,São Luís
21a04a98-eec9-4cbe-8bd4-ee4b2e0cc7d8,2,A,Bora viver? simbora no Amsterdam Music Pub mais tardde?,1,explicita,apaixonado,crush,0,1,1,praia,tomar café gelado,domingo de manhã,no Amsterdam Music Pub,café,São Luís
9e4eb5d3-4af1-46db-a492-0678849162de,2,A,Tava com saudade de conversar contigo.,1,implicita,saudoso,match_tinder,1,0,0,casual,,,,,São Luís
ff2930fc-ae9a-4e4e-9071-a61385aeaa68,0,A,Oi sumida,1,explicita,estressado,colega_trabalho,0,1,1,praia,ver o pôr do sol,quando tu sair da faculdade,no Haruki,,São Luís
af6231f2-b3f4-48c8-b592-2faf636f5adc,1,B,tô no mesmo barcooo,0,none,carente,contatinho,0,0,0,none,,,,,São Luís
88307367-7c1c-4a0e-a5f4-013b6da069bb,2,A,Peguei ônibus lotado hoje cedoo.,1,explicita,feliz,namoro,0,1,1,casual,ouvir música ao vivo,depois da prova,no Haruki,bar,São Luís
7ced47fd-beac-4151-b4a0-e89a70e96ad3,0,A,E aí gataa,0,none,empolgado,contatinho,0,0,0,none,,,,,São Luís
9943e8fb-5fcd-4812-9051-8191e64808d0,6,A,Eu entendo viu,0,none,saudoso,ex,0,0,0,none,,,,,São Luís
5093dbca-a474-411a-b145-0cf09476fe1a,0,A,"Oi, tudo bemmm?",0,none,entediado,crush,0,0,0,none,,,,,São Luís
ad88f1aa-92a6-4a91-a55c-6a344e638b83,1,B,Oxe que isso misericórdia,1,explicita,cansado,colega_trabalho,0,1,1,praia,ver o mar,nesse final de semana,na Feirinha São Luís,,São Luís
6497d2b8-ad04-4e2e-8a2a-ea9d10470d4f,3,B,Tô indo no Mateus rapidinho. 💀,1,implicita,saudoso,contatinho,0,0,0,casual,,,,,São Luís
ea91fa4b-b440-4862-a47d-22ae1d67ae66,0,A,Oi meu amor,0,none,saudoso,contatinho,0,0,0,none,,,,,São Luís
74e40547-834d-4352-b9e8-43be83d2a327,3,B,oxe que isso socorro,0,none,entediado,ex,0,0,0,none,,,,,São Luís
3fae4df7-687a-4884-af4b-deb18b5371d0,4,A,Hoje eu precisava ver alguém legal.,1,implicita,saudoso,contatinho,0,0,0,casual,,,,,São Luís
7871a07e-f026-4d2a-a32b-e51f36b029d7,3,B,Minha internet caiu de nooovo,1,explicita,entediado,ex,0,1,1,praia,ver o pôr do sol,sexta depois da faculdade,na Praia do Araçagy,,São Luís
ef2b2c99-3f05-4e19-ba3b-c4e8a51afa35,1,B,Parece a minha semana,1,explicita,feliz,ex,1,1,1,praia,ver o pôr do sol,quando acabar esse calor infernal,no Anjo da Guarda,,São Luís
3b12f153-11af-4bd1-90be-c6641a5a9f40,3,B,O trânsito tá impossível hoje.,1,explicita,carente,ex,1,1,1,shopping,dar rolê no shopping,depois do estágio,ali pela Avenida Holandeses,shopping,São Luís
1b651d15-70fd-4aae-8cae-820557c46ae9,7,B,Quero demais olha,1,explicita,empolgado,colega_trabalho,0,1,1,praia,ir pra praia,mais tarde,ali no Renascença,praia,São Luís
056ba82c-0507-4f12-a5fa-a896f350facc,1,B,Meu grupo mudou toda a campanha de última hora.,0,none,empolgado,ficante,0,0,0,none,,,,,São Luís
4a2cca2c-9ee1-4cd4-bd35-dffce9244d14,0,A,Opa meu consagraado,0,none,estressado,namoro,0,0,0,none,,,,,São Luís
b072e731-a3d4-4570-897e-8b0902122a23,0,A,E aí meu patrão olha,1,explicita,carente,crush,1,1,1,casual,jogar sinuca,de madrugada mesmo kkkkk,no Shopping da Ilha,bar,São Luís
5fb181f4-571b-4727-84aa-56c21cdfcaca,0,A,Oi meu amor 😩,1,explicita,animado,namoro,0,1,1,bar,beber cerveja,depois do estágio,ali no Vinhais,bar,São Luís
651cb792-bad7-46bf-b672-2fc4fa68bef8,2,A,A gente não se vê faz tempo.,1,implicita,triste,ficante,1,0,0,casual,,,,,São Luís
3fedf134-d037-45c2-b0a7-995be1d8e317,6,A,Meu deploy quebrou tudo,0,none,triste,ex,0,0,0,none,,,,,São Luís
74633f4d-c5e8-4b7c-bd32-922e22a7176a,1,B,A vida é assim mesmo né kkkkkkk,0,none,carente,crush,0,0,0,none,,,,,São Luís
a7de9b74-9c9d-432b-9b8d-e4c95ff875e2,2,A,Essa chuva apareceu do nada.,1,explicita,apaixonado,crush,0,1,1,praia,tomar café gelado,hoje depois das 19h,no Chopp da Fábrica,café,São Luís
6948cb90-0df5-489a-b13e-1fa0a9835b94,2,A,Que sufoco,1,explicita,cansado,ex,0,1,1,gastronomico,comer uma pizza,hoje depois das 19h,no Armazém,pizza,São Luís
0229e21e-22b9-4a59-a6e4-19855a9ac7bd,5,B,nossa sim!! kkkk,1,explicita,cansado,ficante,0,1,1,gastronomico,comer pastel,de madrugada mesmo kkkkk,no Anjo da Guarda,pastel,São Luís
a4b7aa65-335b-4d0c-969a-205098650ec8,1,B,"essa chuva apareceu do nada, você vai no São Joãão?",1,explicita,cansado,crush,1,1,1,gastronomico,comer uma pizza,sábado de noite,ali no Renascença,pizza,São Luís
342d880e-b09a-4f8c-93f8-2199aed39d7a,3,B,Passei o domingo inteiro em almoço de família 😭,0,none,triste,match_tinder,0,0,0,none,,,,,São Luís
19f8b667-f998-4319-a6e5-53613b9ead96,2,A,Essa semana foi pesada demais. pai d'égua,1,implicita,animado,contatinho,0,0,0,casual,,,,,São Luís
0481e049-5fcf-43b5-91ac-a4fc124b00d7,3,B,Irmão que sofrimento hahaha,1,explicita,cansado,contatinho,0,1,1,casual,ver as luzes da cidade,hoje,no Reviver,,São Luís
a059dde4-e9a4-466d-b18c-db06641c83b2,4,A,a vida é assim mesmo néééé,0,none,apaixonado,match_tinder,0,0,0,none,,,,,São Luís
9943e8fb-5fcd-4812-9051-8191e64808d0,5,B,Passei o dia inteiro na clínica,0,none,saudoso,ex,0,0,0,none,,,,,São Luís
dc282a3e-e9ae-43dc-a65b-bbe0684e1fea,2,A,Fiquei preso no trânsito do Cohafuma.,1,implicita,carente,ficante,0,0,0,casual,,,,,São Luís
324618c9-42f1-40ac-9379-e4ad3ff219eb,4,A,Esse calor tá insuportável. olha,1,explicita,animado,colega_trabalho,0,1,1,casual,ficar conversando,quando acabar esse calor infernal,no Cabana do Sol,,São Luís
c4638875-e9fa-43e8-9b04-d27848f497f9,2,A,Hoje teve atendimento direto.,0,none,saudoso,namoro,0,0,0,none,,,,,São Luís
97f4a960-0cb6-45b6-bbcd-f3136380505e,2,A,Hoje só sobrevivi de iFood oxe,0,none,cansado,ex,0,0,0,none,,,,,São Luís
8ed60e73-f82d-49b8-963a-afe8d085d28d,2,A,Simbora!,1,explicita,feliz,contatinho,0,1,1,gastronomico,comer uma pizza,sexta depois da faculdade,no Anjo da Guarda,pizza,São Luís
d688145c-a070-4ab0-877b-e92a75a8fa8a,5,B,e aí gata pensei da gente andar pela litorânea no chopp da fábrica aff,1,explicita,empolgado,amizade,0,1,1,praia,andar pela litorânea,sábado de noite,no Chopp da Fábrica,,São Luís
aef29701-94a0-40de-8122-0a8d249ad0b1,0,A,Que fim levou tu?,0,none,carente,colega_trabalho,0,0,0,none,,,,,São Luís
8395e683-77b5-45e1-8d93-0fd2659be800,0,A,Que fim levou tu?,0,none,empolgado,contatinho,0,0,0,none,,,,,São Luís
7d7b1ab0-d8d0-46fa-8591-2f20f7d3c0f3,0,A,Tu tá onde? 😭,0,none,saudoso,ficante,0,0,0,none,,,,,São Luís
342d880e-b09a-4f8c-93f8-2199aed39d7a,0,A,Oii,0,none,triste,match_tinder,0,0,0,none,,,,,São Luís
ba38ffbd-9738-4fcc-9f53-53dc01678463,3,B,Boa sorte aí kkkkk,0,none,animado,ex,0,0,0,none,,,,,São Luís
aa8037ac-c97b-4ea9-9822-dcd78e205726,8,A,não aguento mais fazer questão.,0,none,apaixonado,namoro,0,0,0,none,,,,,São Luís
74d10c47-cd5d-4a90-bd59-63241435544f,5,B,Que sufoco,0,none,carente,contatinho,0,0,0,none,,,,,São Luís
f6ccc9e1-b00e-416d-9ced-c0c3fed16dfe,1,B,Eu entendo vvvviu mds,0,none,cansado,ficante,0,0,0,none,,,,,São Luís
b9d2dd27-db52-4a0f-8ea5-e785fcf7f703,2,A,a planta não fecha nunca.,0,none,cansado,crush,0,0,0,none,,,,,São Luís
d5e151e8-fef9-4865-bd0a-f7672336957b,5,B,Tô dentro ❤️,1,explicita,saudoso,ex,0,1,1,casual,andar de carro sem rumo,quando tu sair da faculdade,no Anjo da Guarda,,São Luís
0a3a6e1b-9efa-4ab5-96c5-2b987e514504,7,B,Bora sim! 💀,1,implicita,entediado,colega_trabalho,0,0,0,casual,,,,,São Luís
1b651d15-70fd-4aae-8cae-820557c46ae9,3,B,Tá brincando,1,explicita,empolgado,colega_trabalho,0,1,1,praia,ir pra praia,mais tarde,ali no Renascença,praia,São Luís
f4faf563-671c-4c8a-8d3a-9f205a8d3515,4,A,Tô animado(a) já,1,explicita,cansado,namoro,0,1,1,gastronomico,comer sushi,sábado à tarde,ali no Renascença,sushi,São Luís
2f4c7ffb-d0e1-4603-94ec-5bc67dbb6808,4,A,Passei o dia atolado de processo kkkk,0,none,triste,match_tinder,0,0,0,none,,,,,São Luís
10dcc765-4233-4c24-bb34-211af8cef4b8,5,B,Hoje foi puxado demais.,0,none,apaixonado,colega_trabalho,0,0,0,none,,,,,São Luís
adc116ba-64ce-4dac-9ca0-ce3da88b1fb7,7,B,Que horas? né não,1,implicita,apaixonado,colega_trabalho,0,0,0,casual,,,,,São Luís
29ae37e3-747f-4a96-a065-012df8529d0d,2,A,a supervisão de tágio foi pesada hoje,0,none,saudoso,crush,0,0,0,none,,,,,São Luís
e89beb41-1147-4122-aca8-651d495fe0ac,3,B,A vida é assim mesmo né,1,implicita,empolgado,match_tinder,0,0,0,casual,,,,,São Luís
dc282a3e-e9ae-43dc-a65b-bbe0684e1fea,5,B,Já tô pronto(a),1,implicita,carente,ficante,0,0,0,casual,,,,,São Luís
651cb792-bad7-46bf-b672-2fc4fa68bef8,0,A,E aí? 🥲,1,implicita,triste,ficante,1,0,0,casual,,,,,São Luís
284161d2-c83b-49c2-962a-ef56aa3d05f2,0,A,Opa mds,0,none,entediado,crush,0,0,0,none,,,,,São Luís
3274f426-f2dc-4a17-b65c-16e3dc26c250,6,A,Boa ideia! Me avisa pai d'égua,1,implicita,cansado,amizade,0,0,0,casual,,,,,São Luís
ae39fffe-5536-4a29-921d-ad9e27d4400a,3,B,verdade demais 😩 né não,0,none,animado,ficante,0,0,0,none,,,,,São Luís
4cc732a6-400b-4ef0-8c77-bcb88d0f3e90,4,A,Hoje teve cirurgia no tágio né não,0,none,saudoso,match_tinder,0,0,0,none,,,,,São Luís
54c822f8-2a77-4552-974f-9cb5730c874b,5,B,Tô dentro ❤️ pai d'égua,1,explicita,saudoso,amizade,0,1,1,gastronomico,lançar um sushi,hoje depois das 19h,lá pras bandas do Turu,sushi,São Luís
20a79bc3-36c2-4a51-a1a4-46f9cebe26a4,0,A,"oi, tudo bem?? 😭",1,explicita,triste,contatinho,0,1,1,gastronomico,comer hambúrguer,depois do estágio,na Praia de São Marcos,hambúrguer,São Luís
d56113c2-f9ec-424b-af63-8a41ccff1aaa,1,B,Tô no mesmo barco né não,1,explicita,animado,crush,1,1,1,praia,tomar café gelado,quando acabar esse calor infernal,no São Luís Shopping,café,São Luís
ba99f983-402b-4947-bfd0-d0cc16b62bce,2,A,A aula prática foi intensa hoje. gente,0,none,cansado,namoro,0,0,0,none,,,,,São Luís
4a4e2234-2d2d-4bcb-b12c-f9ebdb71b715,6,A,bora viver? pensei da gente tomar um drink na casa do maranhão kkkkkkk,1,explicita,cansado,crush,0,1,1,praia,tomar um drink,quando acabar esse calor infernal,na Casa do Maranhão,bar,São Luís
37510ff5-cba9-4321-a50f-39a1ff160d2f,9,B,Tô no mesmo barcooo socorro,0,none,empolgado,colega_trabalho,0,0,0,none,,,,,São Luís
21a04a98-eec9-4cbe-8bd4-ee4b2e0cc7d8,0,A,Opa meu consagrado kkkk,1,explicita,apaixonado,crush,0,1,1,praia,tomar café gelado,domingo de manhã,no Amsterdam Music Pub,café,São Luís
c62f5e04-724d-44dd-a356-41958b3870b8,5,B,A vida é assim mesmo né socorro,1,explicita,cansado,amizade,0,1,1,bar,beber cerveja,quando tu sair da faculdade,no Anjo da Guarda,bar,São Luís
97f4a960-0cb6-45b6-bbcd-f3136380505e,6,A,A firma acabou comigo hoje.,0,none,cansado,ex,0,0,0,none,,,,,São Luís
5457726a-81d5-40a6-a24d-c322c8efbf09,2,A,Essa semana foi pesada demais. oxe,1,explicita,triste,colega_trabalho,0,1,1,casual,comer açaí na tigela,sábado à tarde,lá no Cohatrac,açaí,São Luís
334e9191-fa00-4fe7-a870-10f7c2dc97f4,0,A,"Oi, tudo bem?",1,explicita,saudoso,ex,0,1,1,cinema,pegar um cinema,hoje depois das 19h,no Golden Shopping,cinema,São Luís
b12ee2e8-25af-488f-8cea-9b4fd5336fb3,2,A,Com você qualquer lugar,1,explicita,triste,colega_trabalho,0,1,1,gastronomico,comer um lanche,domingo no fim da tarde,no Espigão Costeiro,lanche,São Luís
83ed5ec8-860a-46a6-82d9-6e08ba334538,5,B,com você qualquer lugar,1,explicita,saudoso,amizade,0,1,1,casual,comer açaí na tigela,nesse final de semana,no Rio Anil Shopping,açaí,São Luís
d5d43cc0-12ef-4464-8755-78659e4e3a85,7,B,A vida adulta não tem tutorial,0,none,empolgado,colega_trabalho,0,0,0,none,,,,,São Luís
25476530-ddd9-413b-9d1d-37d9046d3f67,2,A,Tô duro até o próximo pagamento.,1,explicita,animado,match_tinder,0,1,1,gastronomico,comer sushi,quando acabar esse calor infernal,no Vignoli,sushi,São Luís
4a2cca2c-9ee1-4cd4-bd35-dffce9244d14,1,B,A vida é assim mesmo né,0,none,estressado,namoro,0,0,0,none,,,,,São Luís
47c2008f-1eba-4feb-84b3-ecab3b1dde26,0,A,Ei sumiço,1,explicita,feliz,crush,0,1,1,praia,tomar um café,hoje à noite,ali pelo Calhau,café,São Luís
dd4d467b-b986-4f88-a247-4cc5708e95b4,0,A,partiu rolê hoje? kkkk,1,implicita,apaixonado,ex,0,0,0,casual,,,,,São Luís
de85039e-9173-4f5b-a4a7-1dfe88a12d16,3,B,minha internet caiu de novo kkkkkkk,1,explicita,animado,ex,0,1,1,casual,ficar conversando,domingo de manhã,no Vignoli,,São Luís
b3025af6-d178-4735-9a26-2e43b2112ba3,3,B,Meu deploy quebrou tudo hahaha,0,none,feliz,match_tinder,0,0,0,none,,,,,São Luís
5d119e80-6150-4267-822d-4c8bc6b25dcd,7,B,Que horas?,1,implicita,saudoso,match_tinder,1,0,0,casual,,,,,São Luís
56baf54c-c335-48d0-bca3-7a1604817a8e,1,B,tá brincando vei,1,implicita,cansado,ficante,1,0,0,casual,,,,,São Luís
38cd2be7-4856-42bf-b554-17b8c8ab1c18,2,A,Parece a minha semana,1,implicita,animado,ficante,1,0,0,casual,,,,,São Luís
4d291d52-1b92-416c-a264-4508e445c5c0,5,B,Hoje o treino de perna destruiu minha existênciia.,0,none,carente,crush,0,0,0,none,,,,,São Luís
79f645e0-4334-4c5e-86d8-90da136d0558,4,A,Oi sumida depois da aula a gente podia beber cerveja,1,explicita,estressado,match_tinder,0,1,1,bar,beber cerveja,sábado de noite,no Reviver,bar,São Luís
32b06998-116d-4d9f-b731-a897160f82f1,3,B,peguei ônibus lotado hoje cedo.,1,explicita,empolgado,ficante,1,1,1,gastronomico,comer sushi,sábado de noite,no Talking Blues,sushi,São Luís
c4638875-e9fa-43e8-9b04-d27848f497f9,1,B,Demais mesmo,0,none,saudoso,namoro,0,0,0,none,,,,,São Luís
47c2008f-1eba-4feb-84b3-ecab3b1dde26,3,B,demais mesmo 💀,1,explicita,feliz,crush,0,1,1,praia,tomar um café,hoje à noite,ali pelo Calhau,café,São Luís
88307367-7c1c-4a0e-a5f4-013b6da069bb,6,A,"Oi, tudo bem? depois da aula a gnt podia ouvir música ao vivo",1,explicita,feliz,namoro,0,1,1,casual,ouvir música ao vivo,depois da prova,no Haruki,bar,São Luís
6948cb90-0df5-489a-b13e-1fa0a9835b94,3,B,Oi meu amor tu vai fazer o que hoje? bora comer uma pizza,1,explicita,cansado,ex,0,1,1,gastronomico,comer uma pizza,hoje depois das 19h,no Armazém,pizza,São Luís
de85039e-9173-4f5b-a4a7-1dfe88a12d16,5,B,"Oi, tudo bem? tava afim de ficar conversando no Vignoliiii",1,explicita,animado,ex,0,1,1,casual,ficar conversando,domingo de manhã,no Vignoli,,São Luís
a4b7aa65-335b-4d0c-969a-205098650ec8,0,A,E aí?,1,explicita,cansado,crush,1,1,1,gastronomico,comer uma pizza,sábado de noite,ali no Renascença,pizza,São Luís
43d18fb6-ad9c-423d-9f3e-390f37311caf,1,B,kkkkk conta essa história,0,none,triste,amizade,0,0,0,none,,,,,São Luís
16bc744f-8263-4d10-a2e1-ae2e37cacbc4,3,B,Verdade demais 😩 misericórdia,1,explicita,triste,match_tinder,0,1,1,casual,jogar sinuca,sexta depois da faculdade,no Anjo da Guarda,bar,São Luís
449b46e8-b226-472e-9a91-7260c8c18ab7,2,A,Fim de semana chegou finalmente.,1,explicita,triste,amizade,0,1,1,gastronomico,comer sushi,hoje,no Centro Histórico,sushi,São Luís
40d440d1-e7d5-4763-b037-268d9f73ba85,5,B,Já tô pronto(a),1,explicita,cansado,ex,0,1,1,gastronomico,comer pastel,sábado de noite,no Roots Bar,pastel,São Luís
7928fb64-028f-48cb-9699-f30e22080dfd,1,B,A vida é assim mesmo né olha,1,explicita,empolgado,contatinho,0,1,1,casual,dar uma volta,domingo no fim da tarde,no Anjo da Guarda,,São Luís
7e70f20d-f11b-4af9-83eb-2e0961df4383,1,B,Tá brincando,1,implicita,cansado,amizade,1,0,0,casual,,,,,São Luís
e47ee553-ef68-43d3-84e4-3069655a5da6,1,B,Boa sorte aí kkk,1,explicita,entediado,contatinho,0,1,1,gastronomico,comer sushi,sexta depois da faculdade,no Vignoli,sushi,São Luís
b949224b-a86a-43f6-bd20-7bf69301284d,5,B,Com você qualquer lugar oxe,1,explicita,empolgado,colega_trabalho,0,1,1,gastronomico,comer um lanche,sexta depois da faculdade,na Litorânea,lanche,São Luís
5bc8b1fa-0517-4486-a202-31e860ab0943,4,A,O calor hoje tá criminoso.,1,explicita,empolgado,contatinho,0,1,1,casual,ouvir música ao vivo,sábado à tarde,lá pras bandas do Turu,bar,São Luís
c72afa4e-54c9-430a-9c2a-7f3abe69d39f,2,A,o calor hoje tá criminoso.,1,explicita,triste,namoro,0,1,1,casual,ver as luzes da cidade,depois do estágio,no Centro Histórico,,São Luís
d65ff553-6090-4afa-aafb-dd474398ff45,1,B,Tá brincando mano,1,explicita,feliz,namoro,0,1,1,gastronomico,comer pastel,amanhã,na Praia do Calhau,pastel,São Luís
44200654-2ca6-4e28-b9c6-fbeab7e0fe4c,3,B,A vida é assim mesmo né,1,implicita,estressado,crush,0,0,0,casual,,,,,São Luís
e50b79e8-bd82-423b-bbc6-bda8a6c1656b,2,A,A academia tava lotada demais.,0,none,apaixonado,colega_trabalho,0,0,0,none,,,,,São Luís
089cde6d-e739-404f-b879-aa53e4e9270f,1,B,boa sorte aí kkk,1,implicita,triste,match_tinder,0,0,0,casual,,,,,São Luís
f6ccc9e1-b00e-416d-9ced-c0c3fed16dfe,2,A,Hoje só sobrevivi de iFoooood.,0,none,cansado,ficante,0,0,0,none,,,,,São Luís
1362e2bd-4b4b-4adb-afb8-c6e6fbe76dfb,6,A,Hoje combinava muito uma praia,1,implicita,entediado,amizade,0,0,0,casual,,,,,São Luís
29ae37e3-747f-4a96-a065-012df8529d0d,4,A,A professora pediu análise nutricional completa mah,0,none,saudoso,crush,0,0,0,none,,,,,São Luís
19f8b667-f998-4319-a6e5-53613b9ead96,5,B,Queria companhia pra hojeeee. cara,1,implicita,animado,contatinho,0,0,0,casual,,,,,São Luís
6b14d835-b02a-45fd-a9e3-87197d9feb58,3,B,Demais mesmo,0,none,empolgado,crush,0,0,0,none,,,,,São Luís
43d18fb6-ad9c-423d-9f3e-390f37311caf,7,B,A vida adulta é cruel demaiis.,0,none,triste,amizade,0,0,0,none,,,,,São Luís
c24d9a5b-38bb-4304-98e0-07f65139625c,5,B,Kkkkk conta essa história,1,implicita,feliz,contatinho,0,0,0,casual,,,,,São Luís
d8c89af2-deef-426c-937a-52d0fb26fff4,6,A,demais mesmo,0,none,saudoso,match_tinder,0,0,0,none,,,,,São Luís
b435d622-2a57-47f0-98b6-57a152a5ef36,0,A,Que fim levou tu? 😩,1,implicita,triste,crush,0,0,0,casual,,,,,São Luís
d65ff553-6090-4afa-aafb-dd474398ff45,4,A,Oi meu amor queria muito comer pastel contigoooo gente,1,explicita,feliz,namoro,0,1,1,gastronomico,comer pastel,amanhã,na Praia do Calhau,pastel,São Luís
0a103cb3-876f-4c51-943f-b56b48db048b,6,A,Já tô pronto(a) hahaha,1,explicita,feliz,contatinho,0,1,1,casual,ouvir música ao vivo,sexta depois da faculdade,no Roots Bar,bar,São Luís
449b46e8-b226-472e-9a91-7260c8c18ab7,1,B,fim de semana chegou finalmente,1,explicita,triste,amizade,0,1,1,gastronomico,comer sushi,hoje,no Centro Histórico,sushi,São Luís
7cdfb5d1-549b-4a20-b21e-a88b2a1420fe,2,A,Quero demais!,1,explicita,triste,colega_trabalho,0,1,1,praia,tomar um café,nesse final de semana,no Shopping da Ilha,café,São Luís
b28233ae-c622-42ab-8605-222f80352cd9,2,A,"essa chuva apareceu do nada, vc vai no bumba meu boi? kkkkkkk",1,explicita,entediado,amizade,1,1,1,shopping,dar rolê no shopping,domingo de manhã,no Centro Histórico,shopping,São Luís
2e8f949f-8556-48c3-8f5e-4eeedff13862,6,A,Oii tu vai fazer o que hoje? bora ir no reggae,1,explicita,cansado,ex,0,1,1,bar,ir no reggae,domingo no fim da tarde,no Armazém,reggae,São Luís
1bef25e8-dec6-4d22-88d2-80ac50fe871f,1,B,trabalhar por conta própria cansa viu,0,none,estressado,namoro,0,0,0,none,,,,,São Luís
050381f1-9001-4f24-8aa5-4b7fd93c15e6,0,A,Opa meu consagrado hahaha,1,explicita,estressado,contatinho,0,1,1,casual,dar uma volta,hoje,na Feirinha São Luís,,São Luís
aa8037ac-c97b-4ea9-9822-dcd78e205726,5,B,Verdade demais   😩,0,none,apaixonado,namoro,0,0,0,none,,,,,São Luís
d94f6fdd-558a-428d-bced-21f5aef52d37,6,A,Boa sorte aí kkkk pai d'égua,0,none,saudoso,colega_trabalho,0,0,0,none,,,,,São Luís
d8c89af2-deef-426c-937a-52d0fb26fff4,8,A,Eu entendo viu,0,none,saudoso,match_tinder,0,0,0,none,,,,,São Luís
fcd5dd15-e3eb-4d73-933f-f219ac877927,1,B,Kkkkk conta essa história 😩,0,none,carente,namoro,0,0,0,none,,,,,São Luís
0aba687a-d6aa-482a-b864-2a695efdda9f,2,A,A obra do estágio tá uma loucura.,0,none,triste,contatinho,0,0,0,none,,,,,São Luís
8691e9c8-64b9-4cf4-8711-b17233e9eb27,3,B,Boa sorte aí kkk né não,1,implicita,estressado,namoro,0,0,0,casual,,,,,São Luís
e6cbbcba-4452-4c7e-9147-df7f3f2a5da1,4,A,Tu sempre some quando eu quero sair.,1,implicita,feliz,crush,0,0,0,casual,,,,,São Luís
2d3b56ba-57e5-4332-9067-fba04d266263,4,A,Tenho apresentação de plano de negócios amanhã. olha,0,none,cansado,namoro,0,0,0,none,,,,,São Luís
a6016e7f-1169-445b-b04a-d159e6a67c57,1,B,Meu iFood veio errado slk,1,explicita,feliz,ficante,0,1,1,casual,ouvir música ao vivo,sexta depois da faculdade,na Lagoa da Jansen,bar,São Luís
7e70f20d-f11b-4af9-83eb-2e0961df4383,2,A,"fim de semana chegou finalmente, você vai no reggae?",1,implicita,cansado,amizade,1,0,0,casual,,,,,São Luís
5150ef08-ffee-4497-af3f-a632cd2dec12,3,B,Que sufoco,1,explicita,animado,crush,0,1,1,gastronomico,comer um lanche,hoje à noite,lá pras bandas do Turu,lanche,São Luís
bf294342-2512-42db-af93-52047df269a1,3,B,Tá brincando kkkk,1,explicita,carente,amizade,0,1,1,bar,ir no reggae,quando tu sair da faculdade,no Anjo da Guarda,reggae,São Luís
d28419ff-8fdc-4ce0-9131-9f9998f3da06,2,A,Passei o dia atendendo cliente,0,none,carente,crush,0,0,0,none,,,,,São Luís
aef29701-94a0-40de-8122-0a8d249ad0b1,2,A,Hoje foi corrido no estágio.,0,none,carente,colega_trabalho,0,0,0,none,,,,,São Luís
669cd463-c609-4740-a3e8-6e0598f731eb,5,B,não entendo sinais nenhum,0,none,apaixonado,crush,0,0,0,none,,,,,São Luís
ee3d6104-68dd-46e5-9b55-8dc6295f6ba9,8,A,Passei o dia atendendo cliente. 🤣,0,none,empolgado,colega_trabalho,0,0,0,none,,,,,São Luís
162eb3d1-2a04-4db4-8d65-4ca062954bd9,1,B,tá brincanddddo,1,explicita,estressado,ficante,0,1,1,gastronomico,comer hambúrguer,domingo de manhã,na Praça Gonçalves Dias,hambúrguer,São Luís
a5af28e1-cb27-4b5e-8210-788ad19d2ddc,1,B,Kkkkk conta essa história 💀,0,none,apaixonado,match_tinder,0,0,0,none,,,,,São Luís
6da7c7f0-c3f0-48ac-b482-0e9dd582894d,0,A,oi criatura,1,explicita,empolgado,crush,0,1,1,praia,tomar café gelado,hoje depois das 19h,na Litorânea,café,São Luís
e3e24ad2-1e9a-4cf9-beb9-bb3cb21c4137,4,A,saudade de sair com tu.,1,implicita,entediado,ficante,0,0,0,casual,,,,,São Luís
e6f17b65-3e9f-4b03-ba87-af17086607c7,2,A,Oii vamo nessa tomar sorvete depois? gente,1,explicita,entediado,amizade,0,1,1,praia,tomar sorvete,hoje à noite,na Praia do Calhau,sorvete,São Luís
bd99c802-a442-4bf6-98d9-6c6368785088,8,A,tô cansado até pra cozinhar,0,none,feliz,amizade,0,0,0,none,,,,,São Luís
a8dd2944-026f-4f8a-a3a5-8c3eda7d87f5,5,B,Ei sumiço tu anima ir ali pelo Calhau comigo?,1,explicita,entediado,colega_trabalho,0,1,1,cinema,pegar um cinema,amanhã depois da aula,ali pelo Calhau,cinema,São Luís
8fff65e7-8714-4e12-9384-d0994a598724,0,A,Opa meu consagrado vei,1,explicita,animado,crush,0,1,1,praia,tomar um café,quando tu sair da faculdade,na extensão da Litorânea,café,São Luís
aef29701-94a0-40de-8122-0a8d249ad0b1,1,B,Irmão que sofrimento,0,none,carente,colega_trabalho,0,0,0,none,,,,,São Luís
28960776-590c-4269-b2e8-76dd5d318130,1,B,Demais mesmo,1,explicita,animado,namoro,1,1,1,casual,ouvir música ao vivo,depois da prova,no Outback,bar,São Luís
7044f0d5-61bf-48db-b4f8-11f556dcd8c0,6,A,Já tô pronto(a),1,explicita,feliz,crush,1,1,1,gastronomico,comer sushi,sábado à tarde,ali pelo Calhau,sushi,São Luís
af665044-0564-4d95-ad02-fdd862360d36,9,B,eu entendo viu,0,none,saudoso,namoro,0,0,0,none,,,,,São Luís
cfa593ed-f043-496e-9209-95a69f27c529,1,B,Passei o dia inteiro na clínica,0,none,triste,namoro,0,0,0,none,,,,,São Luís
dde2f143-5e5b-4d03-b92e-c504e34d18c2,2,A,Sobreviveu à semana? topa andar de carro sem rumo sexta depois da faculdade?,1,explicita,apaixonado,crush,0,1,1,casual,andar de carro sem rumo,sexta depois da faculdade,no São Luís Shopping,,São Luís
1aa5dace-5e17-4573-a247-961988450097,2,A,"oi, tudo bem? pensei da gnt ir no reggae no haruki",1,explicita,cansado,amizade,0,1,1,bar,ir no reggae,mais tarde,no Haruki,reggae,São Luís
7984b029-4434-4ad2-b12f-69e2876fc176,2,A,São Luís virou um forno.,1,explicita,empolgado,namoro,0,1,1,praia,tomar um açaí,domingo no fim da tarde,na Praia do Calhau,açaí,São Luís
ad88f1aa-92a6-4a91-a55c-6a344e638b83,3,B,Eu entendo viu,1,explicita,cansado,colega_trabalho,0,1,1,praia,ver o mar,nesse final de semana,na Feirinha São Luís,,São Luís
e50b79e8-bd82-423b-bbc6-bda8a6c1656b,8,A,Kkkkk conta essa história,0,none,apaixonado,colega_trabalho,0,0,0,none,,,,,São Luís
33b2124b-430b-4cca-8ebb-276863700b3b,4,A,Gasolina tá acabando comigo... mah,0,none,carente,ficante,0,0,0,none,,,,,São Luís
a488b2f4-f0b3-4ce9-8668-f98c9f68d52d,3,B,Tô animado(a) já,1,explicita,estressado,contatinho,1,1,1,gastronomico,comer uma pizza,sexta depois da faculdade,no Espigão Costeiro,pizza,São Luís
034bbaf0-1c84-4baa-b182-c0df50f3cf69,3,B,Tô cansado até pra cozinhar,0,none,triste,ficante,0,0,0,none,,,,,São Luís
58cc75d8-072f-46aa-a6d5-a970f39b104f,1,B,bora fugir da rotina hoje.,1,implicita,apaixonado,ficante,0,0,0,casual,,,,,São Luís
6f690fde-f33f-4863-8b6f-b52bb59c95f8,2,A,"o São João tá chegando, você vai no São João?",1,explicita,carente,contatinho,1,1,1,praia,tomar um litrão,depois do estágio,na Praia do Calhau,bar,São Luís
9b76c837-3313-4c36-9d34-0eb6f8cd6814,0,A,Ei sumiço,1,implicita,empolgado,ficante,1,0,0,casual,,,,,São Luís
3c6c95be-be18-4cd6-98a0-9718bded4a4e,2,A,Meu financeiro tá um caos 😩,0,none,feliz,colega_trabalho,0,0,0,none,,,,,São Luís
a67329d5-10fa-448d-9b2b-d283e9e74c82,3,B,tô no mesmo barco,1,explicita,feliz,ex,0,1,1,praia,tomar um litrão,de madrugada mesmo kkkkk,na Praia do Araçagy,bar,São Luís
36337c9b-d3fb-477f-9538-3854ede00574,1,B,A academia tava lotada demais.... 😭,0,none,cansado,ficante,0,0,0,none,,,,,São Luís
a9c329f3-dab5-4744-b098-669eb512ca35,3,B,tô animado(a) já,1,explicita,animado,contatinho,0,1,1,bar,beber cerveja,hoje depois das 19h,no Vignoli,bar,São Luís
56baf54c-c335-48d0-bca3-7a1604817a8e,3,B,Já tô pronto(a) mano,1,implicita,cansado,ficante,1,0,0,casual,,,,,São Luís
ff90d95e-52cf-4420-9044-7572ead79d53,1,B,Que sufoco,1,explicita,carente,ex,1,1,1,gastronomico,comer pastel,domingo de manhã,no Coco Bambu,pastel,São Luís
3a7ba86a-a35b-4d61-94ab-d371a33a1199,2,A,Partiu rolê hoje? tava afim de comer açaí na tigela na Praia do Olho d'Água,1,explicita,apaixonado,ficante,1,1,1,casual,comer açaí na tigela,domingo no fim da tarde,na Praia do Olho d'Água,açaí,São Luís
e87287bf-cd72-4a84-97e5-ee55a138094f,9,B,meu estágio na academia foi puxado. olha,0,none,carente,crush,0,0,0,none,,,,,São Luís
c6a6f0d9-a517-469c-8f97-92028fa50454,0,A,Que fim levou tu?,1,implicita,empolgado,colega_trabalho,0,0,0,casual,,,,,São Luís
b435d622-2a57-47f0-98b6-57a152a5ef36,5,B,Topei!,1,implicita,triste,crush,0,0,0,casual,,,,,São Luís
e87287bf-cd72-4a84-97e5-ee55a138094f,4,A,A firma acabou comigo hojjjje. 💀,0,none,carente,crush,0,0,0,none,,,,,São Luís
900005a1-c258-46b1-b983-ff5fe418a77a,1,B,Que situação heinn,1,implicita,carente,contatinho,0,0,0,casual,,,,,São Luís
322e846d-47ce-47ee-896c-96fbe5c76a39,3,B,Demais mesmo,1,explicita,cansado,ficante,0,1,1,praia,ir pra praia,amanhã,no Reviver,praia,São Luís
153ddd1d-fadb-4b1f-adf5-585cf0dfe332,2,A,A prática hoje foi cansativa 😭,0,none,saudoso,namoro,0,0,0,none,,,,,São Luís
37a38461-4513-425b-bffd-51b83024d4ce,8,A,Tenho apresentação de plano de negócios amanhã,0,none,animado,crush,0,0,0,none,,,,,São Luís
025b0d8a-6fbe-4cee-8cd6-0babfb218d05,2,A,"o trânsito tá impossível hoje, vc vai no forró universitário? 😩",1,implicita,feliz,ex,1,0,0,casual,,,,,São Luís
bf294342-2512-42db-af93-52047df269a1,5,B,Que sufoco,1,explicita,carente,amizade,0,1,1,bar,ir no reggae,quando tu sair da faculdade,no Anjo da Guarda,reggae,São Luís
6aa2c7c9-7c19-447a-88fb-2e6ab7149bc4,5,B,Passei o dia ouvindo reggae. gente,0,none,apaixonado,contatinho,0,0,0,none,,,,,São Luís
7a07ab85-b0e3-458a-bbd0-c951e967f5f0,0,A,Oi sumida gente,0,none,animado,crush,0,0,0,none,,,,,São Luís
153ddd1d-fadb-4b1f-adf5-585cf0dfe332,0,A,Ei sumiço pai d'égua,0,none,saudoso,namoro,0,0,0,none,,,,,São Luís
2b46a9f2-b160-4e7d-94db-ac5aa811ea1b,0,A,bora viver?,0,none,feliz,crush,0,0,0,none,,,,,São Luís
d651f110-6a11-4ffb-897a-ac6ae554859c,8,A,Oxe que issssso,0,none,carente,match_tinder,0,0,0,none,,,,,São Luís
285d5890-ee6b-44aa-8a37-09e0d77df5a8,0,A,Ei sumiço,1,implicita,saudoso,crush,0,0,0,casual,,,,,São Luís
408dd792-4d9c-4d98-b311-296feb886793,2,A,Acabou energia aqui em cassssa. 🤣,1,implicita,animado,match_tinder,0,0,0,casual,,,,,São Luís
2d3b56ba-57e5-4332-9067-fba04d266263,8,A,a playlist de hoje tá absurda.,0,none,cansado,namoro,0,0,0,none,,,,,São Luís
ff90d95e-52cf-4420-9044-7572ead79d53,0,A,oi meu amor,1,explicita,carente,ex,1,1,1,gastronomico,comer pastel,domingo de manhã,no Coco Bambu,pastel,São Luís
b9d2dd27-db52-4a0f-8ea5-e785fcf7f703,1,B,Que situação hein,0,none,cansado,crush,0,0,0,none,,,,,São Luís
7d55fab9-0a22-443f-a758-996a8d28186a,4,A,Boa sorte aí kkkkk mano,0,none,animado,match_tinder,0,0,0,none,,,,,São Luís
24a1529c-66ce-40d4-9041-0e26749124c4,5,B,Verdade demais 😩,1,explicita,carente,ex,0,1,1,shopping,dar rolê no shopping,de madrugada mesmo kkkkk,no Armazém,shopping,São Luís
408dd792-4d9c-4d98-b311-296feb886793,4,A,Tu tem uma energia boa pra sair,1,implicita,animado,match_tinder,0,0,0,casual,,,,,São Luís
2d6775b9-5ff7-4e72-b0c2-0143b6567fbc,0,A,E aí gata,1,explicita,animado,amizade,1,1,1,praia,tomar um café,domingo de manhã,no Cabana do Sol,café,São Luís
139e0af3-a404-4f04-a0bf-9704763ddb5f,4,A,Meu time conseguiu perder uma partida impossível misericórdia,0,none,apaixonado,ex,0,0,0,none,,,,,São Luís
122ed69a-a778-453b-8560-63b437dd55cc,3,B,quero demais! oxe,1,implicita,feliz,namoro,1,0,0,casual,,,,,São Luís
9fa32001-c155-490d-9960-3eb85c469835,1,B,Kkkkk conta essa históriaa,1,explicita,carente,namoro,0,1,1,praia,comer um camarão,de madrugada mesmo kkkkk,no Espigão Costeiro,frutos do mar,São Luís
37a38461-4513-425b-bffd-51b83024d4ce,1,B,Eu entendo viu mds,0,none,animado,crush,0,0,0,none,,,,,São Luís
a059dde4-e9a4-466d-b18c-db06641c83b2,7,B,A vida adulta é cruel demais,0,none,apaixonado,match_tinder,0,0,0,none,,,,,São Luís
00f26a87-a604-44cb-ac50-6abb892ff7e1,4,A,Tô duro até o próximo pagamento. 😩,1,implicita,saudoso,contatinho,0,0,0,casual,,,,,São Luís
ca127856-fa03-4bca-b9e6-c0a1fd544d28,2,A,Que sufoco,1,explicita,entediado,namoro,0,1,1,casual,ouvir música ao vivo,sexta depois da faculdade,na Praça Gonçalves Dias,bar,São Luís
a05e54d6-8e8e-4152-98f1-6ce263b4dd04,6,A,Tô animado(a) já,1,implicita,cansado,colega_trabalho,1,0,0,casual,,,,,São Luís
61d8ce67-f2e5-439a-a5c5-b8fff6780fe2,0,A,Meu Deus tu sumiu aff,1,implicita,entediado,crush,0,0,0,casual,,,,,São Luís
905c785d-c8ed-40d6-91e3-8bce28f55946,7,B,meu pedido demorou duas horas,0,none,apaixonado,colega_trabalho,0,0,0,none,,,,,São Luís
6f690fde-f33f-4863-8b6f-b52bb59c95f8,4,A,Passei a manhã resolvendo boleto. kkkk,1,explicita,carente,contatinho,1,1,1,praia,tomar um litrão,depois do estágio,na Praia do Calhau,bar,São Luís
5150ef08-ffee-4497-af3f-a632cd2dec12,0,A,Partiu rolê hoje?,1,explicita,animado,crush,0,1,1,gastronomico,comer um lanche,hoje à noite,lá pras bandas do Turu,lanche,São Luís
fec8e565-50e0-4c59-8102-0653a140d8c2,2,A,Como tu tá? depois da aula a gente podia jogar sinuca,1,explicita,animado,match_tinder,0,1,1,casual,jogar sinuca,hoje à noite,lá no Cohatrac,bar,São Luís
080abe56-ed68-450a-91c6-c0ea15afdc24,5,B,Nossa sim!!,1,explicita,apaixonado,match_tinder,0,1,1,casual,ouvir música ao vivo,nesse final de semana,no Ceprama,bar,São Luís
bbdf7f93-aa8e-410d-912c-d3bafd5150d3,1,B,Eu entendo viu,0,none,carente,ex,0,0,0,none,,,,,São Luís
4f9305a5-2ce6-44a1-9f9b-1f0a6f43ac01,0,A,oi meu amor,1,explicita,entediado,ex,1,1,1,casual,ouvir música ao vivo,hoje à noite,no Quintal da Vila,bar,São Luís
0a3a6e1b-9efa-4ab5-96c5-2b987e514504,0,A,Partiu rolê hoje? 😭,1,implicita,entediado,colega_trabalho,0,0,0,casual,,,,,São Luís
e50b79e8-bd82-423b-bbc6-bda8a6c1656b,7,B,relacionamento dá trabalho viu.,0,none,apaixonado,colega_trabalho,0,0,0,none,,,,,São Luís
de1d46d7-4e98-4101-a29a-9a4038f8faf5,2,A,hoje teve aula prática o dia inteiro,0,none,cansado,colega_trabalho,0,0,0,none,,,,,São Luís
b43e56ef-dbd3-4812-ad7f-0b9d05c6bee2,1,B,Nem me fala,0,none,estressado,ficante,0,0,0,none,,,,,São Luís
54c822f8-2a77-4552-974f-9cb5730c874b,4,A,Opa queria muito lançar um sushi contigo,1,explicita,saudoso,amizade,0,1,1,gastronomico,lançar um sushi,hoje depois das 19h,lá pras bandas do Turu,sushi,São Luís
3c43011e-cc47-496c-89f1-c9f81a5a6e11,4,A,Meu time conseguiu perder uma partida impossível.,0,none,carente,colega_trabalho,0,0,0,none,,,,,São Luís
2ab92ea3-1539-4498-ac28-2d71b7196ef4,4,A,Apresentação da campanha foi hoje kkkkkkk,0,none,carente,ficante,0,0,0,none,,,,,São Luís
57eb4b4b-2b01-435e-9174-f8d6abdc1e8b,4,A,E aí gata tava afim de comer pastel ali no Vinhais,1,explicita,estressado,amizade,0,1,1,gastronomico,comer pastel,sábado à tarde,ali no Vinhais,pastel,São Luís
0a283341-99e1-4b9f-94ba-2c421b424478,2,A,Esse calor tá insuportávellll.,1,explicita,estressado,colega_trabalho,0,1,1,praia,tomar um açaí,quando acabar esse calor infernal,no Roots Bar,açaí,São Luís
95b003fa-3dd1-47f0-998c-40fc85fe0b9c,1,B,Verdade demais 😩 mah,1,implicita,animado,namoro,0,0,0,casual,,,,,São Luís
c72afa4e-54c9-430a-9c2a-7f3abe69d39f,7,B,Com você qualquer lugar,1,explicita,triste,namoro,0,1,1,casual,ver as luzes da cidade,depois do estágio,no Centro Histórico,,São Luís
3fd2bf67-8d36-4799-9b3b-c8bbff766dd9,2,A,Topei!,1,explicita,entediado,amizade,0,1,1,bar,ir no reggae,sábado à tarde,no Rio Anil Shopping,reggae,São Luís
2b46a9f2-b160-4e7d-94db-ac5aa811ea1b,2,A,Peguei corrida pro Araçagy e quase enlouqueci,0,none,feliz,crush,0,0,0,none,,,,,São Luís
5457726a-81d5-40a6-a24d-c322c8efbf09,3,B,Kkkkk conta essa história,1,explicita,triste,colega_trabalho,0,1,1,casual,comer açaí na tigela,sábado à tarde,lá no Cohatrac,açaí,São Luís
bd99c802-a442-4bf6-98d9-6c6368785088,0,A,Bora viver?,0,none,feliz,amizade,0,0,0,none,,,,,São Luís
b43e56ef-dbd3-4812-ad7f-0b9d05c6bee2,7,B,Tá brincando,0,none,estressado,ficante,0,0,0,none,,,,,São Luís
4cc732a6-400b-4ef0-8c77-bcb88d0f3e90,3,B,Que situação heiin,0,none,saudoso,match_tinder,0,0,0,none,,,,,São Luís
21f4a253-743d-469a-979e-6db5e8ee1f05,0,A,E aí doido,0,none,estressado,contatinho,0,0,0,none,,,,,São Luís
2e8f949f-8556-48c3-8f5e-4eeedff13862,2,A,Fim de semana chegou finalmente.,1,explicita,cansado,ex,0,1,1,bar,ir no reggae,domingo no fim da tarde,no Armazém,reggae,São Luís
80eb4ad1-21be-4796-9026-2f9d53d087c8,5,B,Meu pedido demorou duas horas,0,none,empolgado,ex,0,0,0,none,,,,,São Luís
a67329d5-10fa-448d-9b2b-d283e9e74c82,7,B,Tô animado(a)   já,1,explicita,feliz,ex,0,1,1,praia,tomar um litrão,de madrugada mesmo kkkkk,na Praia do Araçagy,bar,São Luís
61baa435-a650-47f0-9ce6-abb9ebb130dc,3,B,gasolina tá acabando comigo.,0,none,feliz,match_tinder,0,0,0,none,,,,,São Luís
7ced47fd-beac-4151-b4a0-e89a70e96ad3,6,A,a vida adulta é cruel demais.,0,none,empolgado,contatinho,0,0,0,none,,,,,São Luís
61c53916-76c4-435a-99b8-27bea03e771a,0,A,Opa 🥲,0,none,entediado,ex,0,0,0,none,,,,,São Luís
d17255c9-75d6-4424-bd55-8856867ee4d8,2,A,Sobreviveu à semana? tu anima ir no Golden Shopping comigo?,1,explicita,cansado,crush,0,1,1,casual,andar de carro sem rumo,hoje à noite,no Golden Shopping,,São Luís
5e33b9b1-ee27-46a4-810b-0f80b37428a8,5,B,Tô vivendo de edital em edital.,0,none,estressado,contatinho,0,0,0,none,,,,,São Luís
94edf84e-91ab-48f8-bb44-f108db288bb1,5,B,que situação hein,0,none,apaixonado,amizade,0,0,0,none,,,,,São Luís
6049d233-bbd4-4e71-9f4f-17685f896d64,5,B,e aí gata bora fzr ir no reggae ali pelo calhau hoje depois das 19h? kkkk,1,explicita,entediado,amizade,1,1,1,bar,ir no reggae,hoje depois das 19h,ali pelo Calhau,reggae,São Luís
102d56c7-a3f5-4f93-97cc-fb78ef1ff8ab,1,B,Que sufoco,1,implicita,estressado,ficante,1,0,0,casual,,,,,São Luís
3dfd0f9f-f054-4ac6-8912-ca0cb3d03a39,2,A,Falaa queria muito dar uma volta contiigo cara,1,explicita,apaixonado,namoro,0,1,1,casual,dar uma volta,quando tu sair da faculdade,no Shopping da Ilha,,São Luís
99bb4a7b-27e8-4795-a4b9-01e2a92b1d6c,0,A,Oii 🥲,1,implicita,estressado,amizade,0,0,0,casual,,,,,São Luís
43d18fb6-ad9c-423d-9f3e-390f37311caf,6,A,Que sufocoooo,0,none,triste,amizade,0,0,0,none,,,,,São Luís
87a4d620-37b6-4236-bd50-1c68e4667f10,1,B,bora fugir da rotina hoje 😩,1,implicita,apaixonado,match_tinder,1,0,0,casual,,,,,São Luís
e9816732-5617-425b-82a1-dded52dc872f,2,A,Bora viver? topa ver as luzes da cidade depois do tágiio?,1,explicita,feliz,ex,0,1,1,casual,ver as luzes da cidade,depois do estágio,no Espigão Costeiro,,São Luís
731f0264-3ca6-4366-9627-5066081d2cd3,0,A,Oi meu amor,1,explicita,carente,colega_trabalho,1,1,1,gastronomico,comer pastel,hoje depois das 19h,no Golden Shopping,pastel,São Luís
0c58ac9c-ad16-45e8-8802-dab3fac03910,1,B,fiquei preso no trânsito do cohafuma.,1,implicita,animado,ficante,0,0,0,casual,,,,,São Luís
bbdf7f93-aa8e-410d-912c-d3bafd5150d3,4,A,Passei raiva no ranked hoje. 😭,0,none,carente,ex,0,0,0,none,,,,,São Luís
3fedf134-d037-45c2-b0a7-995be1d8e317,5,B,Passei o dia mandando currículo,0,none,triste,ex,0,0,0,none,,,,,São Luís
b697acf0-f1c5-492c-85c8-8cdca5113e11,2,A,Que fim levou tu? tu vai fazer o que hoje? bora pegar um cinema 🤣,1,explicita,triste,ex,0,1,1,cinema,pegar um cinema,amanhã depois da aula,no São Luís Shopping,cinema,São Luís
1c62551c-46ab-4d8b-9e76-8ca2eb15558d,2,A,Tu me deve um sushi ainda misericórdia,1,implicita,feliz,contatinho,0,0,0,casual,,,,,São Luís
dd0b67e5-2cb4-4777-823c-e5df9dedd7c8,3,B,tô no mesmo barrrco,1,implicita,saudoso,colega_trabalho,1,0,0,casual,,,,,São Luís
e8c9f563-d1ad-457c-a256-1f98d33428f4,0,A,Partiu rolê hoje?,1,implicita,cansado,ficante,1,0,0,casual,,,,,São Luís
652cdf2d-71d4-4e5a-bc0d-280f20d469d6,3,B,E aí gata depois da aula a gente podia ir pra praia,1,explicita,feliz,contatinho,0,1,1,praia,ir pra praia,sábado de noite,ali no Renascença,praia,São Luís
e50b79e8-bd82-423b-bbc6-bda8a6c1656b,3,B,Tá brincando kkkk,0,none,apaixonado,colega_trabalho,0,0,0,none,,,,,São Luís
ee3d6104-68dd-46e5-9b55-8dc6295f6ba9,10,A,A prova oral me destruiu.,0,none,empolgado,colega_trabalho,0,0,0,none,,,,,São Luís
5457726a-81d5-40a6-a24d-c322c8efbf09,0,A,Opa meu consagrado,1,explicita,triste,colega_trabalho,0,1,1,casual,comer açaí na tigela,sábado à tarde,lá no Cohatrac,açaí,São Luís
bf294342-2512-42db-af93-52047df269a1,7,B,Que horas? olha,1,explicita,carente,amizade,0,1,1,bar,ir no reggae,quando tu sair da faculdade,no Anjo da Guarda,reggae,São Luís
9b6a0e89-91b9-40c2-8d5a-954abec52f71,6,A,Meu estágio tá cheio essa semana hahaha,0,none,saudoso,colega_trabalho,0,0,0,none,,,,,São Luís
7a52b461-67dc-4498-b4e9-000913045d82,0,A,"oi, tudo bem?",1,explicita,carente,ex,0,1,1,casual,ouvir música ao vivo,depois do estágio,no Anjo da Guarda,bar,São Luís
3993e6b0-216a-4ffc-a88a-4cf2cc391143,1,B,Oxe que isso,1,implicita,saudoso,colega_trabalho,0,0,0,casual,,,,,São Luís
6da7c7f0-c3f0-48ac-b482-0e9dd582894d,3,B,Tô no mesmo barco,1,explicita,empolgado,crush,0,1,1,praia,tomar café gelado,hoje depois das 19h,na Litorânea,café,São Luís
e87287bf-cd72-4a84-97e5-ee55a138094f,3,B,Tô no mesmo barco,0,none,carente,crush,0,0,0,none,,,,,São Luís
a488b2f4-f0b3-4ce9-8668-f98c9f68d52d,1,B,Que sufoco,1,explicita,estressado,contatinho,1,1,1,gastronomico,comer uma pizza,sexta depois da faculdade,no Espigão Costeiro,pizza,São Luís
aef29701-94a0-40de-8122-0a8d249ad0b1,10,A,Parece a minha semana misericórdia,0,none,carente,colega_trabalho,0,0,0,none,,,,,São Luís
743ab7e4-533f-49bb-a137-58b5a668875d,2,A,O trânsito tá impossível hojee.,1,explicita,animado,namoro,0,1,1,praia,ver o mar,sábado à tarde,no Ceprama,,São Luís
9b6a0e89-91b9-40c2-8d5a-954abec52f71,8,A,Meu pedido demorou duas horas. 💀,0,none,saudoso,colega_trabalho,0,0,0,none,,,,,São Luís
5bc8b1fa-0517-4486-a202-31e860ab0943,5,B,Demais mesmo,1,explicita,empolgado,contatinho,0,1,1,casual,ouvir música ao vivo,sábado à tarde,lá pras bandas do Turu,bar,São Luís
290580bf-964b-4eda-b492-bd48fa6ecb6a,1,B,tá brincando,1,implicita,cansado,contatinho,0,0,0,casual,,,,,São Luís
cb7370a6-9279-4c55-8ac1-9ce7f05d5603,2,A,boa ideia! me avisa,1,implicita,feliz,colega_trabalho,1,0,0,casual,,,,,São Luís
4cc732a6-400b-4ef0-8c77-bcb88d0f3e90,1,B,A vida é assim mesmo né,0,none,saudoso,match_tinder,0,0,0,none,,,,,São Luís
495402ff-af9c-4cc9-8fe3-ebdbbd4caf32,2,A,Oxe que isso vei,0,none,cansado,ex,0,0,0,none,,,,,São Luís
3c632972-83ce-409e-9609-f4fbb098b682,3,B,essa cidade tá prada hoje.,1,implicita,apaixonado,namoro,1,0,0,casual,,,,,São Luís
1362e2bd-4b4b-4adb-afb8-c6e6fbe76dfb,5,B,Eu entendo viu,1,implicita,entediado,amizade,0,0,0,casual,,,,,São Luís
0def2279-5b91-4a77-9d5b-6a0e3a12414d,0,A,Opa gente,0,none,apaixonado,amizade,0,0,0,none,,,,,São Luís
a05e54d6-8e8e-4152-98f1-6ce263b4dd04,4,A,O São João tá chegando....,1,implicita,cansado,colega_trabalho,1,0,0,casual,,,,,São Luís
4cc732a6-400b-4ef0-8c77-bcb88d0f3e90,0,A,Opa,0,none,saudoso,match_tinder,0,0,0,none,,,,,São Luís
a605ae25-a61e-4d22-b6a7-b6bae7b22514,2,A,Microscopia acabou comigo.,0,none,cansado,ficante,0,0,0,none,,,,,São Luís
dde2f143-5e5b-4d03-b92e-c504e34d18c2,0,A,Oi meu amor,1,explicita,apaixonado,crush,0,1,1,casual,andar de carro sem rumo,sexta depois da faculdade,no São Luís Shopping,,São Luís
ce9887d5-70b9-433d-b7a1-99b2fe87117b,2,A,O São João tá chegando.,1,explicita,triste,colega_trabalho,0,1,1,praia,tomar um drink,amanhã,na Praia do Calhau,bar,São Luís
ea47f3a6-e1d4-4c37-b536-b17f1a0e7b58,4,A,Simbora!,1,explicita,feliz,colega_trabalho,1,1,1,praia,andar pela litorânea,domingo no fim da tarde,no Coco Bambu,,São Luís
40e020a0-0a87-4282-89fc-8d64ebfb6e50,3,B,"Oi, tudo bem? a gente podia aproveitar e ir no reggae hoje? aff",1,explicita,apaixonado,contatinho,0,1,1,bar,ir no reggae,hoje,na Fonte do Ribeirão,reggae,São Luís
dd4d467b-b986-4f88-a247-4cc5708e95b4,2,A,Que situação heeeein,1,implicita,apaixonado,ex,0,0,0,casual,,,,,São Luís
9a21b7fe-b061-4064-b585-bb2ba26169ea,0,A,Meu Deus tu sumiu,1,explicita,estressado,contatinho,0,1,1,gastronomico,comer hambúrguer,quando tu sair da faculdade,no Anjo da Guarda,hambúrguer,São Luís
00fe2242-94d1-42e2-959d-e1c021b00f83,0,A,Opa,1,implicita,animado,namoro,0,0,0,casual,,,,,São Luís
18bbe9de-0a81-4d18-89bc-0aa073b2e6f5,4,A,Passei a madrugada renderizando projeto mano,0,none,feliz,ficante,0,0,0,none,,,,,São Luís
e87287bf-cd72-4a84-97e5-ee55a138094f,1,B,Tô no mesmo barco,0,none,carente,crush,0,0,0,none,,,,,São Luís
a045410e-ab8a-47b5-a967-7139f861e48d,0,A,Meu Deus tu sumiu,0,none,cansado,ficante,0,0,0,none,,,,,São Luís
df76e2ec-ddf7-463a-ab79-84d5b7eb0284,2,A,tô indo no mateus rapidinho.,1,explicita,animado,crush,0,1,1,casual,jogar sinuca,mais tarde,na Praia do Araçagy,bar,São Luís
6263e846-c12e-47d2-a75e-3ce775667b02,1,B,Que sufocccco pai d'égua,1,explicita,animado,crush,1,1,1,cinema,pegar um cinema,de madrugada mesmo kkkkk,no Amsterdam Music Pub,cinema,São Luís
00f26a87-a604-44cb-ac50-6abb892ff7e1,2,A,são luís virou um forno,1,implicita,saudoso,contatinho,0,0,0,casual,,,,,São Luís
322e846d-47ce-47ee-896c-96fbe5c76a39,5,B,Topei,1,explicita,cansado,ficante,0,1,1,praia,ir pra praia,amanhã,no Reviver,praia,São Luís
cfa593ed-f043-496e-9209-95a69f27c529,4,A,hoje foi só apagar incêndio. 🥲,0,none,triste,namoro,0,0,0,none,,,,,São Luís
ef51a1b7-e78f-4bc9-9bbc-5e863e631371,0,A,E aí doido,1,explicita,saudoso,colega_trabalho,0,1,1,praia,ver o mar,depois do estágio,no Chopp da Fábrica,,São Luís
47c2008f-1eba-4feb-84b3-ecab3b1dde26,4,A,Oii simbora ali pelo Calhau mais tarde?,1,explicita,feliz,crush,0,1,1,praia,tomar um café,hoje à noite,ali pelo Calhau,café,São Luís
74d10c47-cd5d-4a90-bd59-63241435544f,2,A,Minhas costas tão destruídas de tanto atender. misericórdia,0,none,carente,contatinho,0,0,0,none,,,,,São Luís
fb38136e-da2d-4720-8d30-0ea12f9df4b7,5,B,Tá brincando 💀,0,none,carente,crush,0,0,0,none,,,,,São Luís
0def2279-5b91-4a77-9d5b-6a0e3a12414d,5,B,A firma acabou comigo hoje 😩,0,none,apaixonado,amizade,0,0,0,none,,,,,São Luís
334e9191-fa00-4fe7-a870-10f7c2dc97f4,1,B,Demais mesmo,1,explicita,saudoso,ex,0,1,1,cinema,pegar um cinema,hoje depois das 19h,no Golden Shopping,cinema,São Luís
a8dd2944-026f-4f8a-a3a5-8c3eda7d87f5,3,B,Acabou energia aqui em casa.,1,explicita,entediado,colega_trabalho,0,1,1,cinema,pegar um cinema,amanhã depois da aula,ali pelo Calhau,cinema,São Luís
80eb4ad1-21be-4796-9026-2f9d53d087c8,3,B,Passei o dia mandando currículo.,0,none,empolgado,ex,0,0,0,none,,,,,São Luís
2d3b56ba-57e5-4332-9067-fba04d266263,2,A,Passei o dia ouvindo reggae.,0,none,cansado,namoro,0,0,0,none,,,,,São Luís
bbdf7f93-aa8e-410d-912c-d3bafd5150d3,0,A,Tu tá onde?,0,none,carente,ex,0,0,0,none,,,,,São Luís
0229e21e-22b9-4a59-a6e4-19855a9ac7bd,1,B,que sufoco,1,explicita,cansado,ficante,0,1,1,gastronomico,comer pastel,de madrugada mesmo kkkkk,no Anjo da Guarda,pastel,São Luís
8d0d879c-d383-44a7-8f17-e058a2b57c5e,7,B,Passei o dia mandando currículo.,0,none,entediado,match_tinder,0,0,0,none,,,,,São Luís
d6a3e583-6601-4b9f-adc3-6359c2504774,3,B,Não entendo sinais nenhum.,0,none,carente,ficante,0,0,0,none,,,,,São Luís
a1bbf22d-a50a-48c4-8a0f-55ab41354522,0,A,Opa meu consagrado,1,explicita,animado,match_tinder,0,1,1,praia,ir pra praia,domingo no fim da tarde,no Amsterdam Music Pub,praia,São Luís
2d8bd24a-fe84-42d6-9254-24de132092c4,2,A,A vida adulta é cruel demais. 🤣,0,none,estressado,match_tinder,0,0,0,none,,,,,São Luís
7c5df2b7-6d08-4f7d-842b-a8d89bbfe196,3,B,Kkkkk conta essa história,1,implicita,saudoso,contatinho,0,0,0,casual,,,,,São Luís
c2244181-e2b4-4e02-9b62-7ee5a281c328,1,B,que sufoco,0,none,estressado,contatinho,0,0,0,none,,,,,São Luís
94873b2c-cc4a-41f0-b28d-8d94e2f327b0,11,B,Eu entendo viu,0,none,entediado,ex,0,0,0,none,,,,,São Luís
5d119e80-6150-4267-822d-4c8bc6b25dcd,2,A,"essa cidade tá parada hoje, vc vai no São João????",1,implicita,saudoso,match_tinder,1,0,0,casual,,,,,São Luís
7cdfb5d1-549b-4a20-b21e-a88b2a1420fe,1,B,Ei sumiço bora tomar um café no Shopping da Ilha nesse final de semanaaaa?,1,explicita,triste,colega_trabalho,0,1,1,praia,tomar um café,nesse final de semana,no Shopping da Ilha,café,São Luís
d8c89af2-deef-426c-937a-52d0fb26fff4,3,B,oxe que isso,0,none,saudoso,match_tinder,0,0,0,none,,,,,São Luís
3c8119fa-f4c3-4f2b-a6af-31d0caec14fe,1,B,Irmão que sofrimento mah,1,explicita,saudoso,ex,1,1,1,praia,tomar café gelado,quando acabar esse calor infernal,lá pras bandas do Turu,café,São Luís
a059dde4-e9a4-466d-b18c-db06641c83b2,1,B,Gasolina tá acabando comigo. kkkkkkk,0,none,apaixonado,match_tinder,0,0,0,none,,,,,São Luís
8ba29da5-dd09-46b7-8581-1cd50b7741ac,7,B,Parece a minha semana,0,none,estressado,namoro,0,0,0,none,,,,,São Luís
d5e151e8-fef9-4865-bd0a-f7672336957b,1,B,Eu entendo viu,1,explicita,saudoso,ex,0,1,1,casual,andar de carro sem rumo,quando tu sair da faculdade,no Anjo da Guarda,,São Luís
284a30f2-4bb9-4018-bf96-83c5d8361f49,7,B,Tá brincando,0,none,empolgado,ficante,0,0,0,none,,,,,São Luís
0488b568-dcdc-4793-a13a-25677af54ff7,0,A,e aíí?,0,none,cansado,ficante,0,0,0,none,,,,,São Luís
0140bf1f-34f8-4bdd-956f-e8d9136247f0,4,A,passei o domingo inteiro em almoço de famíllllia 😭,0,none,triste,contatinho,0,0,0,none,,,,,São Luís
025b0d8a-6fbe-4cee-8cd6-0babfb218d05,0,A,E aí meu patrão,1,implicita,feliz,ex,1,0,0,casual,,,,,São Luís
363847a8-ed9d-4daf-8abf-1c5d64501106,0,A,e aí?,1,explicita,entediado,namoro,0,1,1,praia,tomar um energético,amanhã,no Centro Histórico,bar,São Luís
1bef25e8-dec6-4d22-88d2-80ac50fe871f,5,B,Meu jaleco tá só sofrimento.,0,none,estressado,namoro,0,0,0,none,,,,,São Luís
d230670c-ba54-4e5f-99e1-618e06d6cb5b,0,A,Opa kkkk,1,explicita,triste,colega_trabalho,0,1,1,gastronomico,comer tapioca,sábado de noite,no Cabana do Sol,tapioca,São Luís
92e66e52-0278-4ff9-8a95-d3151770d9e4,1,B,tá brincando,1,implicita,entediado,amizade,0,0,0,casual,,,,,São Luís
010fcd82-242f-4385-b91e-e51dd27b82f0,0,A,Ei sumiço 😩,0,none,empolgado,colega_trabalho,0,0,0,none,,,,,São Luís
b9cdb4fb-8eb8-4237-8b88-4a0b53ac36ff,1,B,Que sufoco,1,explicita,animado,amizade,0,1,1,praia,tomar um litrão,hoje depois das 19h,na Fonte do Ribeirão,bar,São Luís
3a67196d-28ab-4ba1-b538-75c0b42fde8f,2,A,Oxe que isso 😩,1,explicita,apaixonado,crush,0,1,1,casual,ficar conversando,hoje à noite,no Armazém,,São Luís
2d74c452-5227-469c-b61d-72174f0762ad,0,A,E aí meu patrão oxe,1,explicita,entediado,colega_trabalho,0,1,1,gastronomico,comer hambúrguer,quando acabar esse calor infernal,no Quintal da Vila,hambúrguer,São Luís
408dd792-4d9c-4d98-b311-296feb886793,1,B,Eu entendo viu,1,implicita,animado,match_tinder,0,0,0,casual,,,,,São Luís
62fc900a-69fb-4519-a70a-ba613cb12ef4,0,A,E aí meu patrão misericórdia,0,none,triste,ex,0,0,0,none,,,,,São Luís
ad89c535-a0c6-48e6-88b5-0222f31250f8,0,A,Ei sumiço,1,explicita,estressado,colega_trabalho,0,1,1,praia,tomar um litrão,hoje,na praça de alimentação do Rio Anil,bar,São Luís
1721f3fc-f5a0-41df-86c2-05c9430e9863,1,B,Essa semana foi pesada demais 😩,1,explicita,animado,ficante,0,1,1,casual,dar uma volta,amanhã depois da aula,no Quintal da Vila,,São Luís
9b6a0e89-91b9-40c2-8d5a-954abec52f71,2,A,professor pediu pra refzr a planta inteira.,0,none,saudoso,colega_trabalho,0,0,0,none,,,,,São Luís
2ca6a9b6-486f-4484-a25d-c42eec93c794,1,B,Parece a minha semana mano,1,implicita,feliz,crush,0,0,0,casual,,,,,São Luís
ac3b8473-a28e-443f-953a-6a4a16c47ce5,5,B,A obra do tágio tá uma loucura,0,none,carente,crush,0,0,0,none,,,,,São Luís
6a0eba87-5760-4bce-888f-d9ae29c80578,0,A,E aí doido,0,none,animado,match_tinder,0,0,0,none,,,,,São Luís
6e720a00-5c7c-40b7-b42f-354a3c159f89,1,B,Tô no mesmo barco kkkk,1,implicita,empolgado,crush,0,0,0,casual,,,,,São Luís
fcd5dd15-e3eb-4d73-933f-f219ac877927,4,A,Plantão acabou comigo. hahaha,0,none,carente,namoro,0,0,0,none,,,,,São Luís
b81d4f95-2bed-411a-9c08-39754d5045db,2,A,Topei! gente,1,explicita,apaixonado,colega_trabalho,1,1,1,casual,comer açaí na tigela,depois do estágio,na Praia do Calhau,açaí,São Luís
18bbe9de-0a81-4d18-89bc-0aa073b2e6f5,7,B,Que situação hein né não,0,none,feliz,ficante,0,0,0,none,,,,,São Luís
74633f4d-c5e8-4b7c-bd32-922e22a7176a,0,A,E aí? gente,0,none,carente,crush,0,0,0,none,,,,,São Luís
addbeb0c-cdec-4dcc-9003-68ea205f398d,4,A,Partiu rolê hoje? bora sair pra tomar sorvete?,1,explicita,animado,colega_trabalho,0,1,1,praia,tomar sorvete,mais tarde,na Praça Gonçalves Dias,sorvete,São Luís
36337c9b-d3fb-477f-9538-3854ede00574,0,A,sobreviveu à semana? aff,0,none,cansado,ficante,0,0,0,none,,,,,São Luís
9634ba6f-f676-4d24-a393-c7a0467c0649,6,A,Tô esperando o horárrrrio,1,explicita,triste,ex,0,1,1,bar,ir num barzinho,amanhã depois da aula,no Fitó,bar,São Luís
b1415fbd-f4ee-4313-9669-ecfe8ffad25c,1,B,A vida é assim mesmo né,1,explicita,cansado,namoro,0,1,1,casual,andar de carro sem rumo,depois do estágio,no Empório Fribal,,São Luís
70278b4e-2283-45b6-9cbe-aab3bb30b8f5,3,B,que sufoco,1,implicita,cansado,namoro,1,0,0,casual,,,,,São Luís
4a6db293-8c29-41ea-a63f-3a0eca5f115f,4,A,tô cansado dessa burocracia.,0,none,saudoso,ex,0,0,0,none,,,,,São Luís
05d3a12f-cd71-4cc9-b295-a7c83a0a5e5d,1,B,Parece a minha semana,1,explicita,empolgado,contatinho,0,1,1,praia,tomar um drink,sábado à tarde,na Casa do Maranhão,bar,São Luís
3c6c95be-be18-4cd6-98a0-9718bded4a4e,9,B,Minha mãe já tá perguntando quando vou casarr,0,none,feliz,colega_trabalho,0,0,0,none,,,,,São Luís
2b418bc9-3a6c-40a7-9c90-24e917adc2fa,1,B,Tu sempre some quando eu quero sair,1,implicita,empolgado,namoro,0,0,0,casual,,,,,São Luís
cb7370a6-9279-4c55-8ac1-9ce7f05d5603,1,B,Bora fugir da rotina hoje. kkkk,1,implicita,feliz,colega_trabalho,1,0,0,casual,,,,,São Luís
d94f6fdd-558a-428d-bced-21f5aef52d37,0,A,E aí doido,0,none,saudoso,colega_trabalho,0,0,0,none,,,,,São Luís
395d0251-c648-4c0e-80c6-7fa25ad2fc31,3,B,Eu entendo viu hahaha,1,explicita,triste,contatinho,0,1,1,bar,ir num barzinho,amanhã depois da aula,no Bar do Léo,bar,São Luís
a045410e-ab8a-47b5-a967-7139f861e48d,4,A,Tribunal do júri acabou comigo hoje mds,0,none,cansado,ficante,0,0,0,none,,,,,São Luís
e8dfacf8-7d29-47cd-adb7-3982de9f5529,4,A,O São João tá chegando.,1,explicita,triste,match_tinder,0,1,1,gastronomico,comer hambúrguer,quando acabar esse calor infernal,no Golden Shopping,hambúrguer,São Luís
bc2449f2-1c89-4c3e-9f1c-07db010e7b0b,1,B,Oi meu amor tu anima ir no Talking Blues comigo?,1,explicita,carente,amizade,0,1,1,praia,ver o mar,sexta depois da faculdade,no Talking Blues,,São Luís
188a9469-5d53-4881-8ca8-e6566ee79f35,7,B,Verdade demais 😩 né não,0,none,feliz,ex,0,0,0,none,,,,,São Luís
139e0af3-a404-4f04-a0bf-9704763ddb5f,3,B,Hoje teve atendimento direto,0,none,apaixonado,ex,0,0,0,none,,,,,São Luís
de1d46d7-4e98-4101-a29a-9a4038f8faf5,5,B,Verdade demais 😩,0,none,cansado,colega_trabalho,0,0,0,none,,,,,São Luís
f2e5ab36-9652-4a8d-80a6-e9adea5ee5d0,0,A,E aí doido oxe,1,implicita,cansado,amizade,0,0,0,casual,,,,,São Luís
905c785d-c8ed-40d6-91e3-8bce28f55946,2,A,Que sufoco,0,none,apaixonado,colega_trabalho,0,0,0,none,,,,,São Luís
139e0af3-a404-4f04-a0bf-9704763ddb5f,0,A,Oi criatura,0,none,apaixonado,ex,0,0,0,none,,,,,São Luís
9943e8fb-5fcd-4812-9051-8191e64808d0,3,B,minhas costas tão destruídas de tanto atender.,0,none,saudoso,ex,0,0,0,none,,,,,São Luís
e75fd67f-9888-43e6-bab9-bae887c1ed91,1,B,Demais mesmo,1,explicita,saudoso,crush,0,1,1,shopping,dar rolê no shopping,quando tu sair da faculdade,no Fitó,shopping,São Luís
3a67196d-28ab-4ba1-b538-75c0b42fde8f,5,B,Bora viver? simbora no Armazém mais tarde?,1,explicita,apaixonado,crush,0,1,1,casual,ficar conversando,hoje à noite,no Armazém,,São Luís
4e4c2560-be9d-4e42-98b9-6f840228ddb7,1,B,"essa chuva apareceu do nada, vc vai no São João? cara",1,explicita,feliz,namoro,1,1,1,casual,comer açaí na tigela,amanhã,na Coffeetown,açaí,São Luís
65be3a79-b59f-4dfe-9d5d-2c158d490c06,2,A,Essa cidade tá parada hoje. kkkkkkk,1,implicita,empolgado,ex,0,0,0,casual,,,,,São Luís
0aba687a-d6aa-482a-b864-2a695efdda9f,1,B,Nem me faaaala,0,none,triste,contatinho,0,0,0,none,,,,,São Luís
ff90d95e-52cf-4420-9044-7572ead79d53,4,A,ei sumiço bora comer pastel no coco bambu?,1,explicita,carente,ex,1,1,1,gastronomico,comer pastel,domingo de manhã,no Coco Bambu,pastel,São Luís
93d86cb0-d3fc-4988-a43a-75812eb9840a,0,A,Opa meu consagrado,1,explicita,feliz,ficante,1,1,1,praia,ver o mar,quando tu sair da faculdade,na Litorânea,,São Luís
c91ddaf4-cd06-4759-9344-a512cbebe819,0,A,e aí?,0,none,carente,amizade,0,0,0,none,,,,,São Luís
ca127856-fa03-4bca-b9e6-c0a1fd544d28,1,B,Meu iFood veio errado.,1,explicita,entediado,namoro,0,1,1,casual,ouvir música ao vivo,sexta depois da faculdade,na Praça Gonçalves Dias,bar,São Luís
d58161bf-78a6-42d6-af0c-cc08cd7a9b2c,6,A,Oi sumida simbora no Bar do Léo mais tarde?,1,explicita,feliz,amizade,0,1,1,gastronomico,lançar um sushi,quando acabar esse calor infernal,no Bar do Léo,sushi,São Luís
3200c743-8897-484c-8942-0dacc437dd7f,4,A,tô animado(a) já,1,explicita,empolgado,namoro,0,1,1,casual,ver as luzes da cidade,de madrugada mesmo kkkkk,no The Rock Pub,,São Luís
cc769da5-093e-40e6-a5a4-98b193bb73a9,2,A,"fim de semana chegou finalmente, você vai no rolê da Lagoa?",1,implicita,saudoso,ex,1,0,0,casual,,,,,São Luís
b43e56ef-dbd3-4812-ad7f-0b9d05c6bee2,3,B,O sistema caiu de novo. 🥲,0,none,estressado,ficante,0,0,0,none,,,,,São Luís
fb38136e-da2d-4720-8d30-0ea12f9df4b7,2,A,Meu personal quase me matou hoje. kkkkkkk,0,none,carente,crush,0,0,0,none,,,,,São Luís
92c14648-b607-4102-8ad1-5be64d351d28,2,A,São Luís virou um forno.,1,implicita,entediado,namoro,0,0,0,casual,,,,,São Luís
1b651d15-70fd-4aae-8cae-820557c46ae9,1,B,tô no mesmo barrrco,1,explicita,empolgado,colega_trabalho,0,1,1,praia,ir pra praia,mais tarde,ali no Renascença,praia,São Luís
94873b2c-cc4a-41f0-b28d-8d94e2f327b0,4,A,Hoje o treino de perna destruiu minha existência.,0,none,entediado,ex,0,0,0,none,,,,,São Luís
985cf257-7b1a-46d7-8e94-9c0225d13f1f,5,B,Queria companhia pra hoje.,1,implicita,empolgado,match_tinder,0,0,0,casual,,,,,São Luís
fb4a92d2-eae5-468d-b4d2-8304fa39edfa,0,A,e aí meu patrão,0,none,triste,match_tinder,0,0,0,none,,,,,São Luís
d17255c9-75d6-4424-bd55-8856867ee4d8,0,A,E aí meu patrão,1,explicita,cansado,crush,0,1,1,casual,andar de carro sem rumo,hoje à noite,no Golden Shopping,,São Luís
bd99c802-a442-4bf6-98d9-6c6368785088,6,A,Illustrator travou no pior momento,0,none,feliz,amizade,0,0,0,none,,,,,São Luís
e87287bf-cd72-4a84-97e5-ee55a138094f,7,B,a prova oral me destruiu.,0,none,carente,crush,0,0,0,none,,,,,São Luís
026eb1d2-dcb1-4b1d-bc20-40a6fed54c89,2,A,acabou energia aqui em casa,1,explicita,feliz,contatinho,0,1,1,praia,comer um camarão,domingo de manhã,no Empório Fribal,frutos do mar,São Luís
8b659f2c-98bf-44aa-9d7b-115c9e05c31d,0,A,Opa aff,1,implicita,estressado,match_tinder,1,0,0,casual,,,,,São Luís
efd900de-0ac6-4e3e-805d-d17fe3531550,1,B,Eu entendo viu,0,none,saudoso,colega_trabalho,0,0,0,none,,,,,São Luís
18bbe9de-0a81-4d18-89bc-0aa073b2e6f5,2,A,verdade demais 😩,0,none,feliz,ficante,0,0,0,none,,,,,São Luís
95b003fa-3dd1-47f0-998c-40fc85fe0b9c,0,A,Oi meu amorrrr,1,implicita,animado,namoro,0,0,0,casual,,,,,São Luís
c2111b89-043b-4c27-9c56-af4e11a8d38a,3,B,Tô no mesmo barco oxe,0,none,empolgado,colega_trabalho,0,0,0,none,,,,,São Luís
0a103cb3-876f-4c51-943f-b56b48db048b,3,B,Acabou energia aqui em casa.,1,explicita,feliz,contatinho,0,1,1,casual,ouvir música ao vivo,sexta depois da faculdade,no Roots Bar,bar,São Luís
abd77fd2-71c7-480a-af08-b55b38321534,1,B,que sufoco,0,none,feliz,amizade,0,0,0,none,,,,,São Luís
5457726a-81d5-40a6-a24d-c322c8efbf09,1,B,A vida é assim mesmo né,1,explicita,triste,colega_trabalho,0,1,1,casual,comer açaí na tigela,sábado à tarde,lá no Cohatrac,açaí,São Luís
1d04ffd3-a612-4d8f-b4b2-296361ed21dc,4,A,tô esperando o horário,1,explicita,triste,contatinho,1,1,1,praia,tomar sorvete,domingo de manhã,no Centro Histórico,sorvete,São Luís
b435d622-2a57-47f0-98b6-57a152a5ef36,2,A,Tô duro até o próximo pagamento.,1,implicita,triste,crush,0,0,0,casual,,,,,São Luís
7044f0d5-61bf-48db-b4f8-11f556dcd8c0,4,A,Oxe que isso,1,explicita,feliz,crush,1,1,1,gastronomico,comer sushi,sábado à tarde,ali pelo Calhau,sushi,São Luís
3c6c95be-be18-4cd6-98a0-9718bded4a4e,10,A,Que sufocoo,0,none,feliz,colega_trabalho,0,0,0,none,,,,,São Luís
7d7b1ab0-d8d0-46fa-8591-2f20f7d3c0f3,9,B,Nem me fala,0,none,saudoso,ficante,0,0,0,none,,,,,São Luís
8d33e25a-e31e-43b1-88c4-236cff54ae61,2,A,"essa cidade tá parada hoje, você vai na prévia de carnaval?",1,implicita,estressado,ex,1,0,0,casual,,,,,São Luís
e50b79e8-bd82-423b-bbc6-bda8a6c1656b,9,B,Passei a madrugada editando vídeo. socorro,0,none,apaixonado,colega_trabalho,0,0,0,none,,,,,São Luís
bd99c802-a442-4bf6-98d9-6c6368785088,3,B,Eu entendo viu kkkkkkk,0,none,feliz,amizade,0,0,0,none,,,,,São Luís
a4b7aa65-335b-4d0c-969a-205098650ec8,3,B,Essa semana foi pesada demaissss.,1,explicita,cansado,crush,1,1,1,gastronomico,comer uma pizza,sábado de noite,ali no Renascença,pizza,São Luís
df76e2ec-ddf7-463a-ab79-84d5b7eb0284,4,A,Oii queria muito jogar sinuca contiggggo,1,explicita,animado,crush,0,1,1,casual,jogar sinuca,mais tarde,na Praia do Araçagy,bar,São Luís
c72afa4e-54c9-430a-9c2a-7f3abe69d39f,5,B,tô no mesmo barco kkkkkkk,1,explicita,triste,namoro,0,1,1,casual,ver as luzes da cidade,depois do estágio,no Centro Histórico,,São Luís
e50b79e8-bd82-423b-bbc6-bda8a6c1656b,6,A,A vida adulta não tem tutorial.,0,none,apaixonado,colega_trabalho,0,0,0,none,,,,,São Luís
c4638875-e9fa-43e8-9b04-d27848f497f9,5,B,A playlist de hoje tá absurda.,0,none,saudoso,namoro,0,0,0,none,,,,,São Luís
edb113a5-38ec-43f3-8990-1ede699f136a,5,B,Tu me deve um sushi ainda kkkk,1,implicita,empolgado,amizade,0,0,0,casual,,,,,São Luís
04349358-d2ec-47ed-bf61-345156656045,1,B,Boa sorte aí kkkkkk slk,1,explicita,estressado,ficante,0,1,1,cinema,assistir filme,hoje depois das 19h,no Centro Histórico,cinema,São Luís
e72b8e53-01d3-4dec-9b9c-0256c281c881,4,A,bora sim!,1,explicita,saudoso,amizade,0,1,1,gastronomico,lançar um sushi,hoje depois das 19h,no Cabana do Sol,sushi,São Luís
ba38ffbd-9738-4fcc-9f53-53dc01678463,6,A,Hoje teve confusão lá em casa.,0,none,animado,ex,0,0,0,none,,,,,São Luís
322e846d-47ce-47ee-896c-96fbe5c76a39,1,B,Tô no mesmo barco hahaha,1,explicita,cansado,ficante,0,1,1,praia,ir pra praia,amanhã,no Reviver,praia,São Luís
38cd2be7-4856-42bf-b554-17b8c8ab1c18,0,A,E aí meu patrão,1,implicita,animado,ficante,1,0,0,casual,,,,,São Luís
c3c32de5-ad07-44c9-b26a-f9dc834878a2,2,A,Tu tá onde? topa pegar um cinema hoje à noiteee? aff,1,explicita,carente,amizade,1,1,1,cinema,pegar um cinema,hoje à noite,no Shopping da Ilha,cinema,São Luís
284a30f2-4bb9-4018-bf96-83c5d8361f49,1,B,Tô no mesmo barco,0,none,empolgado,ficante,0,0,0,none,,,,,São Luís
1721f3fc-f5a0-41df-86c2-05c9430e9863,3,B,Opa meu consagrado depois da aula a gente podia dar uma volta,1,explicita,animado,ficante,0,1,1,casual,dar uma volta,amanhã depois da aula,no Quintal da Vila,,São Luís
1bef25e8-dec6-4d22-88d2-80ac50fe871f,4,A,Oxe que issooo,0,none,estressado,namoro,0,0,0,none,,,,,São Luís
d651f110-6a11-4ffb-897a-ac6ae554859c,3,B,oxe que isso,0,none,carente,match_tinder,0,0,0,none,,,,,São Luís
d84e7dcd-e701-465b-b12a-7ea2acef5efe,0,A,E aí gata,1,explicita,entediado,crush,0,1,1,praia,tomar um drink,depois da prova,no Anjo da Guarda,bar,São Luís
6049d233-bbd4-4e71-9f4f-17685f896d64,1,B,"essa semana foi pesada demais, você vai na feirinha?",1,explicita,entediado,amizade,1,1,1,bar,ir no reggae,hoje depois das 19h,ali pelo Calhau,reggae,São Luís
7ced47fd-beac-4151-b4a0-e89a70e96ad3,4,A,Tô vivendo de edital em edital.,0,none,empolgado,contatinho,0,0,0,none,,,,,São Luís
0140bf1f-34f8-4bdd-956f-e8d9136247f0,0,A,Ei sumiço,0,none,triste,contatinho,0,0,0,none,,,,,São Luís
74d10c47-cd5d-4a90-bd59-63241435544f,7,B,Tô no mesmo barco 🥲,0,none,carente,contatinho,0,0,0,none,,,,,São Luís
e50b79e8-bd82-423b-bbc6-bda8a6c1656b,4,A,Passei o dia resolvendo problema de cliente. 🤣,0,none,apaixonado,colega_trabalho,0,0,0,none,,,,,São Luís
a8dd2944-026f-4f8a-a3a5-8c3eda7d87f5,2,A,Meu iFood veio errado.,1,explicita,entediado,colega_trabalho,0,1,1,cinema,pegar um cinema,amanhã depois da aula,ali pelo Calhau,cinema,São Luís
a7da69f1-3f0d-4643-96fc-3e34bd2209e4,2,A,que situação hein aff,0,none,empolgado,match_tinder,0,0,0,none,,,,,São Luís
3c43011e-cc47-496c-89f1-c9f81a5a6e11,2,A,Passei horas montando dieta. socorro,0,none,carente,colega_trabalho,0,0,0,none,,,,,São Luís
79d11238-deef-4741-b53e-0e5c72f26971,1,B,Acabou energia aqui em casa.,1,explicita,empolgado,amizade,0,1,1,praia,ir pra praia,de madrugada mesmo kkkkk,no The Rock Pub,praia,São Luís
2ca6a9b6-486f-4484-a25d-c42eec93c794,3,B,Tu tem uma energia boa pra sair.... mds,1,implicita,feliz,crush,0,0,0,casual,,,,,São Luís
62fc900a-69fb-4519-a70a-ba613cb12ef4,6,A,passei horas montando dieta. slk,0,none,triste,ex,0,0,0,none,,,,,São Luís
40d440d1-e7d5-4763-b037-268d9f73ba85,0,A,Ei sumiço,1,explicita,cansado,ex,0,1,1,gastronomico,comer pastel,sábado de noite,no Roots Bar,pastel,São Luís
7292f919-6ea9-431a-8bb7-718c59f5d5c5,1,B,Kkkkk conta essa história,1,implicita,triste,amizade,0,0,0,casual,,,,,São Luís
bd8b2b45-38ed-4aa0-93b6-115192e62bd3,0,A,oi meu amor,1,explicita,animado,crush,0,1,1,casual,jogar sinuca,depois do estágio,no Chopp da Fábrica,bar,São Luís
aff51697-82d1-479f-8286-6d975cdacbc2,1,B,oi meu amor partiu comer tapioca na praia de são marcos sábado à tarde? kkkkkkk,1,explicita,carente,colega_trabalho,0,1,1,gastronomico,comer tapioca,sábado à tarde,na Praia de São Marcos,tapioca,São Luís
40d440d1-e7d5-4763-b037-268d9f73ba85,1,B,Kkkkk conta essa históriaaa socorro,1,explicita,cansado,ex,0,1,1,gastronomico,comer pastel,sábado de noite,no Roots Bar,pastel,São Luís
034bbaf0-1c84-4baa-b182-c0df50f3cf69,1,B,kkkkk conta essa história,0,none,triste,ficante,0,0,0,none,,,,,São Luís
395d0251-c648-4c0e-80c6-7fa25ad2fc31,1,B,eu entendo viuuuu,1,explicita,triste,contatinho,0,1,1,bar,ir num barzinho,amanhã depois da aula,no Bar do Léo,bar,São Luís
5fb181f4-571b-4727-84aa-56c21cdfcaca,5,B,Bora sim!!! pai d'égua,1,explicita,animado,namoro,0,1,1,bar,beber cerveja,depois do estágio,ali no Vinhais,bar,São Luís
1721f3fc-f5a0-41df-86c2-05c9430e9863,0,A,Como tu tá? hahaha,1,explicita,animado,ficante,0,1,1,casual,dar uma volta,amanhã depois da aula,no Quintal da Vila,,São Luís
a9c329f3-dab5-4744-b098-669eb512ca35,1,B,Verdade demais 😩,1,explicita,animado,contatinho,0,1,1,bar,beber cerveja,hoje depois das 19h,no Vignoli,bar,São Luís
9d3579c9-5a84-4807-afdb-20eb33896aa6,3,B,Meu Deus tu sumiu vamo nessa tomar um açaí depoisss? mano,1,explicita,estressado,ficante,0,1,1,praia,tomar um açaí,de madrugada mesmo kkkkk,no Rio Anil Shopping,açaí,São Luís
6da7c7f0-c3f0-48ac-b482-0e9dd582894d,1,B,Boa sorte aí kkk,1,explicita,empolgado,crush,0,1,1,praia,tomar café gelado,hoje depois das 19h,na Litorânea,café,São Luís
de1d46d7-4e98-4101-a29a-9a4038f8faf5,8,A,Meu personal quase me matou hoje.,0,none,cansado,colega_trabalho,0,0,0,none,,,,,São Luís
d8556b18-38bd-4d76-b5ef-d6476008a84c,4,A,oi criatura partiu na praça de alimentação do rio anil hoje? kkkk,1,explicita,saudoso,crush,1,1,1,praia,tomar um energético,nesse final de semana,na praça de alimentação do Rio Anil,bar,São Luís
92e66e52-0278-4ff9-8a95-d3151770d9e4,3,B,Boa sorte aí kkk,1,implicita,entediado,amizade,0,0,0,casual,,,,,São Luís
0a1e5e6a-54bd-490d-ba17-2311184624c7,1,B,Nem me fala kkkkkkk,1,explicita,apaixonado,colega_trabalho,0,1,1,praia,andar pela litorânea,sábado de noite,no Outback,,São Luís
88307367-7c1c-4a0e-a5f4-013b6da069bb,7,B,Quero demais!,1,explicita,feliz,namoro,0,1,1,casual,ouvir música ao vivo,depois da prova,no Haruki,bar,São Luís
fd9b3a61-2ebf-4306-83e4-1f0fd2bbf955,0,A,E aí meu patrão,1,explicita,apaixonado,namoro,1,1,1,praia,tomar sorvete,sábado à tarde,no Amsterdam Music Pub,sorvete,São Luís
47528c63-855b-4093-b1fb-82320881913e,4,A,Passei o dia inteiro fazendo peça jurídica.,0,none,entediado,ex,0,0,0,none,,,,,São Luís
fd3f9637-7e35-4332-a5be-3822a13a967c,1,B,e aí gata pensei da gente tomar um energético no roots barrrr,1,explicita,carente,crush,0,1,1,praia,tomar um energético,hoje,no Roots Bar,bar,São Luís
3fae4df7-687a-4884-af4b-deb18b5371d0,2,A,Tô indo no Mateus rapidinho,1,implicita,saudoso,contatinho,0,0,0,casual,,,,,São Luís
669cd463-c609-4740-a3e8-6e0598f731eb,1,B,Eu entendo viu 😩,0,none,apaixonado,crush,0,0,0,none,,,,,São Luís
ace9dbf7-f8d2-4823-8fe2-1a5e19fac4ba,0,A,Opa 🤣,1,implicita,animado,crush,1,0,0,casual,,,,,São Luís
6da7c7f0-c3f0-48ac-b482-0e9dd582894d,2,A,Fim de semana chegou finalmente aff,1,explicita,empolgado,crush,0,1,1,praia,tomar café gelado,hoje depois das 19h,na Litorânea,café,São Luís
d5d43cc0-12ef-4464-8755-78659e4e3a85,2,A,Tô cheio de relatório pra entregar.,0,none,empolgado,colega_trabalho,0,0,0,none,,,,,São Luís
91736d1a-2d26-47ad-b078-82ad6877c589,7,B,Kkkkk conta essa história,0,none,saudoso,colega_trabalho,0,0,0,none,,,,,São Luís
50aa0f3e-b8a4-452d-b1b4-27b2a863f7a2,3,B,Oxe que isso,1,explicita,estressado,colega_trabalho,1,1,1,gastronomico,comer tapioca,amanhã depois da aula,na praça de alimentação do Rio Anil,tapioca,São Luís
0d91476b-731b-43be-bbba-e4999c55b5b3,2,A,Passei o dia no laboratório mano,0,none,empolgado,amizade,0,0,0,none,,,,,São Luís
ff2930fc-ae9a-4e4e-9071-a61385aeaa68,3,B,Essa chuva apareceu do nada.,1,explicita,estressado,colega_trabalho,0,1,1,praia,ver o pôr do sol,quando tu sair da faculdade,no Haruki,,São Luís
034bbaf0-1c84-4baa-b182-c0df50f3cf69,5,B,Tenho apresentação de plano de negócios amanhã.,0,none,triste,ficante,0,0,0,none,,,,,São Luís
a290a8c5-5dc4-44d8-b8d4-88e76ea2a986,5,B,irmão que sofrimento mah,1,implicita,animado,amizade,0,0,0,casual,,,,,São Luís
25476530-ddd9-413b-9d1d-37d9046d3f67,3,B,Parece a minha semana,1,explicita,animado,match_tinder,0,1,1,gastronomico,comer sushi,quando acabar esse calor infernal,no Vignoli,sushi,São Luís
ced94a76-a15e-4c4c-875a-9e5183be3861,3,B,Eu entendo viu,1,explicita,cansado,namoro,0,1,1,bar,ir num barzinho,quando tu sair da faculdade,no Vignoli,bar,São Luís
3993e6b0-216a-4ffc-a88a-4cf2cc391143,2,A,Fim de semana chegou finalmente,1,implicita,saudoso,colega_trabalho,0,0,0,casual,,,,,São Luís
1ef9cff3-123f-4d12-9444-c333d73ad9ce,0,A,Oi criatuuuura kkkkkkk,1,implicita,apaixonado,ex,0,0,0,casual,,,,,São Luís
cc769da5-093e-40e6-a5a4-98b193bb73a9,4,A,A gente não se vê faz tempo.,1,implicita,saudoso,ex,1,0,0,casual,,,,,São Luís
fd9b3a61-2ebf-4306-83e4-1f0fd2bbf955,1,B,Tá brincando,1,explicita,apaixonado,namoro,1,1,1,praia,tomar sorvete,sábado à tarde,no Amsterdam Music Pub,sorvete,São Luís
7871a07e-f026-4d2a-a32b-e51f36b029d7,0,A,e aí doido,1,explicita,entediado,ex,0,1,1,praia,ver o pôr do sol,sexta depois da faculdade,na Praia do Araçagy,,São Luís
b072e731-a3d4-4570-897e-8b0902122a23,2,A,"esse calor tá insuportável, vc vai no rolê da Lagoa?",1,explicita,carente,crush,1,1,1,casual,jogar sinuca,de madrugada mesmo kkkkk,no Shopping da Ilha,bar,São Luís
2ab92ea3-1539-4498-ac28-2d71b7196ef4,2,A,Tô vivendo dentro do Figma. 💀,0,none,carente,ficante,0,0,0,none,,,,,São Luís
ee934b89-3c97-4675-85d6-37fd615c06a2,5,B,A aula prática foi intensa hoje.,0,none,saudoso,colega_trabalho,0,0,0,none,,,,,São Luís
0def2279-5b91-4a77-9d5b-6a0e3a12414d,3,B,Tenho apresentação de plano de negócios amanhã. 🤣,0,none,apaixonado,amizade,0,0,0,none,,,,,São Luís
edb113a5-38ec-43f3-8990-1ede699f136a,2,A,o trânsito tá impossível hojeee. misericórdia,1,implicita,empolgado,amizade,0,0,0,casual,,,,,São Luís
5d8ee4cc-5227-48fe-9798-7247b31af9e0,9,B,A supervisão de estágio foi pesada hoje.,0,none,animado,namoro,0,0,0,none,,,,,São Luís
08bdba9c-27b0-47b3-9309-975f221561be,0,A,Oi criatura,1,explicita,apaixonado,colega_trabalho,1,1,1,praia,tomar um drink,sexta depois da faculdade,no Espigão Costeiro,bar,São Luís
43d18fb6-ad9c-423d-9f3e-390f37311caf,9,B,O servidor caiu bem na hora da partida. misericórdia,0,none,triste,amizade,0,0,0,none,,,,,São Luís
e03116e3-3509-4376-a127-e964674e5d5c,2,A,o calor hoje tá criminoso,1,explicita,animado,colega_trabalho,0,1,1,casual,comer açaí na tigela,hoje depois das 19h,no The Rock Pub,açaí,São Luís
63d0b12d-b9ec-408b-bfd9-3d1f25d84b6d,3,B,Já tô pronto(a),1,explicita,saudoso,ficante,1,1,1,praia,tomar café gelado,mais tarde,no Roots Bar,café,São Luís
a12ad6c8-7c9f-40d5-9aff-a80231802867,5,B,tribunal do júri acabou comigo hoje...,0,none,apaixonado,amizade,0,0,0,none,,,,,São Luís
363847a8-ed9d-4daf-8abf-1c5d64501106,6,A,E aí gata depois da aula a gente podia tomar um energéticoo pai d'égua,1,explicita,entediado,namoro,0,1,1,praia,tomar um energético,amanhã,no Centro Histórico,bar,São Luís
cc769da5-093e-40e6-a5a4-98b193bb73a9,5,B,Quero demaisss!,1,implicita,saudoso,ex,1,0,0,casual,,,,,São Luís
1b651d15-70fd-4aae-8cae-820557c46ae9,2,A,meu ifood veio errado,1,explicita,empolgado,colega_trabalho,0,1,1,praia,ir pra praia,mais tarde,ali no Renascença,praia,São Luís
0bd1072c-8978-44be-8d1a-88ff6f2ab619,2,A,A vida adulta não tem tutorial.,0,none,carente,ficante,0,0,0,none,,,,,São Luís
f592c80c-366b-4d83-b76b-d8b0a02e0d4c,1,B,Oxe que isso,1,implicita,estressado,contatinho,1,0,0,casual,,,,,São Luís
79f645e0-4334-4c5e-86d8-90da136d0558,2,A,Boa sorte aí kkk 🥲,1,explicita,estressado,match_tinder,0,1,1,bar,beber cerveja,sábado de noite,no Reviver,bar,São Luís
1e66d2bf-79cd-4d67-a491-e64edfc9d8f5,1,B,que situação heiin,0,none,triste,ex,0,0,0,none,,,,,São Luís
ae39fffe-5536-4a29-921d-ad9e27d4400a,0,A,como tu tá?,0,none,animado,ficante,0,0,0,none,,,,,São Luís
8b970774-803c-47ea-af58-363e2c8ab364,5,B,tu me deve um sushi ainda. 🤣,1,implicita,apaixonado,ficante,1,0,0,casual,,,,,São Luís
cd47b5f7-9ca4-4cb9-b7ea-420722600a4b,5,B,Oxe que isso,1,explicita,feliz,contatinho,1,1,1,gastronomico,comer tapioca,domingo de manhã,lá pras bandas do Turu,tapioca,São Luís
41911ecb-b62d-49c0-97af-a24bc10ec70c,1,B,Tá brincando mds,1,explicita,triste,amizade,1,1,1,gastronomico,comer sushi,hoje à noite,no Chopp da Fábrica,sushi,São Luís
79f645e0-4334-4c5e-86d8-90da136d0558,5,B,Com você qualquer lugar,1,explicita,estressado,match_tinder,0,1,1,bar,beber cerveja,sábado de noite,no Reviver,bar,São Luís
ac3b8473-a28e-443f-953a-6a4a16c47ce5,0,A,Oi sumida 🥲,0,none,carente,crush,0,0,0,none,,,,,São Luís
6b84518b-360b-45db-be9b-e955b603f18c,1,B,Kkkkk conta essa história pai d'égua,1,explicita,estressado,namoro,0,1,1,praia,ver o pôr do sol,de madrugada mesmo kkkkk,no Outback,,São Luís
7871a07e-f026-4d2a-a32b-e51f36b029d7,4,A,Tô no mesmo barco,1,explicita,entediado,ex,0,1,1,praia,ver o pôr do sol,sexta depois da faculdade,na Praia do Araçagy,,São Luís
37a38461-4513-425b-bffd-51b83024d4ce,0,A,Oi criaturaaaa,0,none,animado,crush,0,0,0,none,,,,,São Luís
e6ab8f87-3915-46fc-aabd-6496e5b193ed,0,A,oi criatura 🤣,1,explicita,feliz,ex,1,1,1,praia,tomar um litrão,hoje à noite,na extensão da Litorânea,bar,São Luís
030b77a5-a948-4d27-8bf5-5442cb3bc4e6,4,A,Tu toparia um rolê aleatório? mds,1,implicita,cansado,namoro,0,0,0,casual,,,,,São Luís
70278b4e-2283-45b6-9cbe-aab3bb30b8f5,0,A,opa,1,implicita,cansado,namoro,1,0,0,casual,,,,,São Luís
24bf4edd-e6f3-40b5-a7db-363dc1658ac8,0,A,meu deus tu sumiu,1,explicita,cansado,crush,1,1,1,praia,tomar um energético,amanhã depois da aula,no Quintal da Vila,bar,São Luís
3b6bacb3-f59f-4832-9a0a-0f2055a65edf,2,A,Acabou energia aqui em casaaa.,1,explicita,triste,namoro,0,1,1,praia,tomar café gelado,domingo no fim da tarde,na Casa do Maranhão,café,São Luís
a605ae25-a61e-4d22-b6a7-b6bae7b22514,1,B,Que situação hein,0,none,cansado,ficante,0,0,0,none,,,,,São Luís
5150ef08-ffee-4497-af3f-a632cd2dec12,2,A,A chuva caiu bem na hora que saí,1,explicita,animado,crush,0,1,1,gastronomico,comer um lanche,hoje à noite,lá pras bandas do Turu,lanche,São Luís
2f26c9fa-4006-46ef-ac69-f764c99218a1,0,A,E aí? olha,0,none,saudoso,crush,0,0,0,none,,,,,São Luís
669cd463-c609-4740-a3e8-6e0598f731eb,3,B,Hoje foi só apagar incêndio.,0,none,apaixonado,crush,0,0,0,none,,,,,São Luís
5d119e80-6150-4267-822d-4c8bc6b25dcd,0,A,E aí gata olha,1,implicita,saudoso,match_tinder,1,0,0,casual,,,,,São Luís
5d6a1bf6-4d5e-41b1-806b-1335c06a3050,5,B,Que situação heeein 💀,0,none,carente,crush,0,0,0,none,,,,,São Luís
2194aab4-702b-4938-88f5-845c71ec6e07,3,B,Hoje teve confusão lá em casaaaa.,0,none,estressado,namoro,0,0,0,none,,,,,São Luís
ccf2c5c1-000e-48f2-932a-83293ee30984,0,A,Opa meu consagrado,1,explicita,entediado,match_tinder,0,1,1,praia,comer um camarão,hoje depois das 19h,no The Rock Pub,frutos do mar,São Luís
af665044-0564-4d95-ad02-fdd862360d36,0,A,Oi meu amor,0,none,saudoso,namoro,0,0,0,none,,,,,São Luís
900005a1-c258-46b1-b983-ff5fe418a77a,0,A,e aí meu patrão mds,1,implicita,carente,contatinho,0,0,0,casual,,,,,São Luís
4a2cca2c-9ee1-4cd4-bd35-dffce9244d14,2,A,Peguei corrida pro Araçagy e quase enlouqueci mah,0,none,estressado,namoro,0,0,0,none,,,,,São Luís
7e70f20d-f11b-4af9-83eb-2e0961df4383,3,B,Tô no mesmo barco,1,implicita,cansado,amizade,1,0,0,casual,,,,,São Luís
d8c89af2-deef-426c-937a-52d0fb26fff4,9,B,meu chefe passou demanda em pleno sábado,0,none,saudoso,match_tinder,0,0,0,none,,,,,São Luís
030b77a5-a948-4d27-8bf5-5442cb3bc4e6,2,A,Tô duro até o próximo pagamento. cara,1,implicita,cansado,namoro,0,0,0,casual,,,,,São Luís
6c88129e-6053-4b1c-9406-dc3521e467cc,3,B,Oxe que isso mds,1,explicita,apaixonado,ficante,1,1,1,shopping,dar rolê no shopping,domingo no fim da tarde,no Amsterdam Music Pub,shopping,São Luís
a605ae25-a61e-4d22-b6a7-b6bae7b22514,4,A,Meu time conseguiu perder uma partida impossível.,0,none,cansado,ficante,0,0,0,none,,,,,São Luís
94edf84e-91ab-48f8-bb44-f108db288bb1,2,A,Passei o dia no laboratório. 😭,0,none,apaixonado,amizade,0,0,0,none,,,,,São Luís
6da7c7f0-c3f0-48ac-b482-0e9dd582894d,5,B,Quero demais!,1,explicita,empolgado,crush,0,1,1,praia,tomar café gelado,hoje depois das 19h,na Litorânea,café,São Luís
025b0d8a-6fbe-4cee-8cd6-0babfb218d05,5,B,Boa sorte aí kkk,1,implicita,feliz,ex,1,0,0,casual,,,,,São Luís
7c5df2b7-6d08-4f7d-842b-a8d89bbfe196,4,A,A chuva caiu bem na hora que saí. né não,1,implicita,saudoso,contatinho,0,0,0,casual,,,,,São Luís
7d55fab9-0a22-443f-a758-996a8d28186a,1,B,Passei o dia inteiro na clínica,0,none,animado,match_tinder,0,0,0,none,,,,,São Luís
050381f1-9001-4f24-8aa5-4b7fd93c15e6,1,B,Partiu rolê hoje? pensei da gente dar uma volta na Feirinha São Luís,1,explicita,estressado,contatinho,0,1,1,casual,dar uma volta,hoje,na Feirinha São Luís,,São Luís
79d11238-deef-4741-b53e-0e5c72f26971,3,B,E aí? bora fazer ir pra praia no The Rock Pub de madrugada mesmo kkkkkkk,1,explicita,empolgado,amizade,0,1,1,praia,ir pra praia,de madrugada mesmo kkkkk,no The Rock Pub,praia,São Luís
adaee33e-9c89-4f82-ba54-43cb87f014e4,2,A,tu anima um rolê sem planejamento?,1,implicita,carente,colega_trabalho,1,0,0,casual,,,,,São Luís
a6016e7f-1169-445b-b04a-d159e6a67c57,3,B,Oi sumida topa ouvir música ao vivo sexta depois da faculdade?,1,explicita,feliz,ficante,0,1,1,casual,ouvir música ao vivo,sexta depois da faculdade,na Lagoa da Jansen,bar,São Luís
b93c9cdd-4c14-4ba6-a083-91ea1789a649,2,A,A vida é assim mesmo né 😭,0,none,animado,ficante,0,0,0,none,,,,,São Luís
edb113a5-38ec-43f3-8990-1ede699f136a,1,B,Boa sorte aí kkk 💀,1,implicita,empolgado,amizade,0,0,0,casual,,,,,São Luís
e75fd67f-9888-43e6-bab9-bae887c1ed91,6,A,Nossa sim!! pai d'égua,1,explicita,saudoso,crush,0,1,1,shopping,dar rolê no shopping,quando tu sair da faculdade,no Fitó,shopping,São Luís
d267aebe-65d5-4f3c-9ab0-d273f3f1a4c4,2,A,"Oi, tudo bem? bora tomar café gelado no Armazém? pai d'égua",1,explicita,carente,crush,0,1,1,praia,tomar café gelado,de madrugada mesmo kkkkk,no Armazém,café,São Luís
6f43c38c-1d0f-42f5-9fa2-515ba450c05d,1,B,"esse calor tá insuportável, você vai no reggae? oxe",1,implicita,saudoso,ex,1,0,0,casual,,,,,São Luís
36ed706b-f65f-4c6b-8b78-b6efaf674465,5,B,Partiu rolê hoje? simbora no Golden Shopping mais tarde? oxe,1,explicita,feliz,ex,0,1,1,gastronomico,comer tapioca,mais tarde,no Golden Shopping,tapioca,São Luís
ef51a1b7-e78f-4bc9-9bbc-5e863e631371,1,B,Irmão que sofrimento 💀,1,explicita,saudoso,colega_trabalho,0,1,1,praia,ver o mar,depois do estágio,no Chopp da Fábrica,,São Luís
1c7f584c-886d-478f-ac3b-1a89835e60ea,0,A,Oii kkkk,1,explicita,carente,match_tinder,0,1,1,casual,comer açaí na tigela,de madrugada mesmo kkkkk,no Armazém,açaí,São Luís
cc769da5-093e-40e6-a5a4-98b193bb73a9,1,B,Que sufoco,1,implicita,saudoso,ex,1,0,0,casual,,,,,São Luís
b03d7411-2f1c-4900-8f04-8a82383a654b,1,B,Oxe que isso,1,implicita,estressado,namoro,0,0,0,casual,,,,,São Luís
d230670c-ba54-4e5f-99e1-618e06d6cb5b,3,B,boa ideia! me avisa,1,explicita,triste,colega_trabalho,0,1,1,gastronomico,comer tapioca,sábado de noite,no Cabana do Sol,tapioca,São Luís
e79a2a42-5b3a-472a-a694-339361802665,0,A,Oi sumida,0,none,saudoso,contatinho,0,0,0,none,,,,,São Luís
91736d1a-2d26-47ad-b078-82ad6877c589,4,A,Tribunal do júri acabou comigo hoje. kkkk,0,none,saudoso,colega_trabalho,0,0,0,none,,,,,São Luís
6049d233-bbd4-4e71-9f4f-17685f896d64,3,B,O trânsito tá impossível hoje. 🥲,1,explicita,entediado,amizade,1,1,1,bar,ir no reggae,hoje depois das 19h,ali pelo Calhau,reggae,São Luís
290580bf-964b-4eda-b492-bd48fa6ecb6a,3,B,já tô pronto(a),1,implicita,cansado,contatinho,0,0,0,casual,,,,,São Luís
6049d233-bbd4-4e71-9f4f-17685f896d64,2,A,Boa sorte aí kkk,1,explicita,entediado,amizade,1,1,1,bar,ir no reggae,hoje depois das 19h,ali pelo Calhau,reggae,São Luís
97f4a960-0cb6-45b6-bbcd-f3136380505e,3,B,Que situação hein,0,none,cansado,ex,0,0,0,none,,,,,São Luís
43d18fb6-ad9c-423d-9f3e-390f37311caf,3,B,Tá brincando,0,none,triste,amizade,0,0,0,none,,,,,São Luís
d5d43cc0-12ef-4464-8755-78659e4e3a85,3,B,A prova de algoritmo foi absurda.,0,none,empolgado,colega_trabalho,0,0,0,none,,,,,São Luís
b1671209-7231-4c96-94e4-ebdc4dab753d,2,A,passei a manhã resolvendo boleto,1,explicita,entediado,colega_trabalho,0,1,1,praia,tomar um energético,domingo de manhã,na Praia do Olho d'Água,bar,São Luís
2ab92ea3-1539-4498-ac28-2d71b7196ef4,0,A,Opa 🥲,0,none,carente,ficante,0,0,0,none,,,,,São Luís
2ac8e063-68e8-4c7c-bfdf-3e9694c92cde,2,A,Essa semana foi pesada demais 🤣,1,explicita,carente,namoro,0,1,1,casual,ficar conversando,sábado de noite,na extensão da Litorânea,,São Luís
056d783e-7f32-45f6-937e-19a6d835568b,0,A,Oii,0,none,triste,colega_trabalho,0,0,0,none,,,,,São Luís
ff2930fc-ae9a-4e4e-9071-a61385aeaa68,1,B,O calor hoje tá criminosso 😭,1,explicita,estressado,colega_trabalho,0,1,1,praia,ver o pôr do sol,quando tu sair da faculdade,no Haruki,,São Luís
4227e4fa-2aa9-49fd-8037-478c8cfd3fc1,5,B,Nem me fala,1,explicita,saudoso,contatinho,0,1,1,gastronomico,comer sushi,depois da prova,no Shopping da Ilha,sushi,São Luís
a290a8c5-5dc4-44d8-b8d4-88e76ea2a986,0,A,"oi, tudo bem?",1,implicita,animado,amizade,0,0,0,casual,,,,,São Luís
94edf84e-91ab-48f8-bb44-f108db288bb1,1,B,Irmão que sofrimento,0,none,apaixonado,amizade,0,0,0,none,,,,,São Luís
6263e846-c12e-47d2-a75e-3ce775667b02,6,A,Como tu tá? bora pegar um cinema no Amsterdam Music Pub de madrugada mesmo kkkkk,1,explicita,animado,crush,1,1,1,cinema,pegar um cinema,de madrugada mesmo kkkkk,no Amsterdam Music Pub,cinema,São Luís
d94f6fdd-558a-428d-bced-21f5aef52d37,4,A,demais mesmo,0,none,saudoso,colega_trabalho,0,0,0,none,,,,,São Luís
61fa2c05-0965-430f-b97d-bb955ef26121,0,A,Como tu tá? mds,1,explicita,empolgado,contatinho,1,1,1,gastronomico,comer tapioca,domingo de manhã,ali pela Avenida Holandeses,tapioca,São Luís
c246c8d7-d91a-46c6-a19c-f41bf884af4d,1,B,Demais mesmo mah,1,implicita,carente,amizade,0,0,0,casual,,,,,São Luís
6c8af27b-d0db-4cfe-904d-65fe7b919985,6,A,Tô animado(a) já mah,1,explicita,carente,contatinho,1,1,1,praia,tomar café gelado,domingo de manhã,lá no Cohatrac,café,São Luís
f82739f9-e3a2-4cb1-85a4-83dc9437c29d,0,A,Oi sumida,0,none,entediado,amizade,0,0,0,none,,,,,São Luís
a32e8e26-4c4f-43e1-b32d-a41cbd5d0d38,1,B,"são luís virou um forno, vc vai no rolê da lagoa?",1,explicita,entediado,namoro,1,1,1,gastronomico,comer sushi,domingo no fim da tarde,no Armazém,sushi,São Luís
139e0af3-a404-4f04-a0bf-9704763ddb5f,1,B,demais messsmo,0,none,apaixonado,ex,0,0,0,none,,,,,São Luís
3a7ba86a-a35b-4d61-94ab-d371a33a1199,0,A,Oi criatura olha,1,explicita,apaixonado,ficante,1,1,1,casual,comer açaí na tigela,domingo no fim da tarde,na Praia do Olho d'Água,açaí,São Luís
6826df5d-f92c-426c-8467-e0e99aed9db5,0,A,Ei sumiço,1,explicita,saudoso,crush,1,1,1,cinema,pegar um cinema,mais tarde,no Haruki,cinema,São Luís
c2111b89-043b-4c27-9c56-af4e11a8d38a,5,B,Adulto sofre demais com boleto.,0,none,empolgado,colega_trabalho,0,0,0,none,,,,,São Luís
de85039e-9173-4f5b-a4a7-1dfe88a12d16,4,A,que sufocoo hahaha,1,explicita,animado,ex,0,1,1,casual,ficar conversando,domingo de manhã,no Vignoli,,São Luís
a5af28e1-cb27-4b5e-8210-788ad19d2ddc,5,B,Que sufoco socorro,0,none,apaixonado,match_tinder,0,0,0,none,,,,,São Luís
5093dbca-a474-411a-b145-0cf09476fe1a,3,B,Meu time conseguiu perder uma partida impossível.,0,none,entediado,crush,0,0,0,none,,,,,São Luís
8c0666e1-ccb9-46ac-9016-259307971439,1,B,A vida é assim mesmo nnné,1,implicita,apaixonado,contatinho,1,0,0,casual,,,,,São Luís
1910ed85-8525-495f-b590-b59510bfb33a,1,B,"oi, tudo bem? bora jogar sinuca na praia de são marcos? socorro",1,explicita,estressado,amizade,0,1,1,casual,jogar sinuca,quando tu sair da faculdade,na Praia de São Marcos,bar,São Luís
47528c63-855b-4093-b1fb-82320881913e,0,A,Ei sumiço 😩,0,none,entediado,ex,0,0,0,none,,,,,São Luís
2194aab4-702b-4938-88f5-845c71ec6e07,1,B,Trabalhar por conta própria cansa viu.,0,none,estressado,namoro,0,0,0,none,,,,,São Luís
a8dd2944-026f-4f8a-a3a5-8c3eda7d87f5,4,A,Demais mesmoo,1,explicita,entediado,colega_trabalho,0,1,1,cinema,pegar um cinema,amanhã depois da aula,ali pelo Calhau,cinema,São Luís
153ddd1d-fadb-4b1f-adf5-585cf0dfe332,8,A,O sistema caiu de novo.,0,none,saudoso,namoro,0,0,0,none,,,,,São Luís
0865c382-a377-48cb-b0c8-2b9d67c7af1a,0,A,Opa meu consagrado,0,none,carente,ficante,0,0,0,none,,,,,São Luís
ea47f3a6-e1d4-4c37-b536-b17f1a0e7b58,2,A,Kkkkk conta essa história vei,1,explicita,feliz,colega_trabalho,1,1,1,praia,andar pela litorânea,domingo no fim da tarde,no Coco Bambu,,São Luís
41911ecb-b62d-49c0-97af-a24bc10ec70c,0,A,Como tu tá? misericórdia,1,explicita,triste,amizade,1,1,1,gastronomico,comer sushi,hoje à noite,no Chopp da Fábrica,sushi,São Luís
e8dfacf8-7d29-47cd-adb7-3982de9f5529,2,A,O trânsito tá impossível hoje.,1,explicita,triste,match_tinder,0,1,1,gastronomico,comer hambúrguer,quando acabar esse calor infernal,no Golden Shopping,hambúrguer,São Luís
a6016e7f-1169-445b-b04a-d159e6a67c57,4,A,com você qualquer lugarr,1,explicita,feliz,ficante,0,1,1,casual,ouvir música ao vivo,sexta depois da faculdade,na Lagoa da Jansen,bar,São Luís
88307367-7c1c-4a0e-a5f4-013b6da069bb,1,B,que situação hein,1,explicita,feliz,namoro,0,1,1,casual,ouvir música ao vivo,depois da prova,no Haruki,bar,São Luís
c937c99f-a228-4c52-ac0f-a5172adece25,3,B,Kkkkk conta essa história 💀,1,implicita,saudoso,colega_trabalho,0,0,0,casual,,,,,São Luís
6497d2b8-ad04-4e2e-8a2a-ea9d10470d4f,1,B,o trânsito tá impossível hojjjje. cara,1,implicita,saudoso,contatinho,0,0,0,casual,,,,,São Luís
4a2cca2c-9ee1-4cd4-bd35-dffce9244d14,3,B,Eu entendo viu,0,none,estressado,namoro,0,0,0,none,,,,,São Luís
1280806f-0fba-4276-b16e-a3081be6d4de,3,B,Tô esperando o horário,1,explicita,estressado,contatinho,0,1,1,gastronomico,comer uma pizza,domingo de manhã,no Vignoli,pizza,São Luís
2f52516c-c29c-4387-aeca-7dab40efa748,5,B,Oii tu anima ir no Armazém comigo?,1,explicita,estressado,contatinho,0,1,1,gastronomico,comer hambúrguer,quando tu sair da faculdade,no Armazém,hambúrguer,São Luís
af665044-0564-4d95-ad02-fdd862360d36,1,B,Demais mesmo,0,none,saudoso,namoro,0,0,0,none,,,,,São Luís
6263e846-c12e-47d2-a75e-3ce775667b02,2,A,"São Luís virou um forno, você vai no bumba meu boi?",1,explicita,animado,crush,1,1,1,cinema,pegar um cinema,de madrugada mesmo kkkkk,no Amsterdam Music Pub,cinema,São Luís
9e0d7f6a-127d-4942-95b6-958632041340,4,A,Fim de semana chegou finalmente vei,1,implicita,estressado,amizade,0,0,0,casual,,,,,São Luís
e34ce1a2-913c-431a-b5ae-e4d520756217,4,A,Boa ideia! Me aviiisa,1,explicita,apaixonado,crush,1,1,1,gastronomico,comer hambúrguer,depois do estágio,na Praia de São Marcos,hambúrguer,São Luís
dd92bb9d-b751-4b8d-a9e6-c12f14120fbd,1,B,Eu entendo viu,1,explicita,apaixonado,ex,1,1,1,praia,andar pela litorânea,sábado de noite,lá pras bandas do Turu,,São Luís
049e449b-0404-469b-96fb-79dc5bf3246b,3,B,Eu entendo viu,0,none,apaixonado,colega_trabalho,0,0,0,none,,,,,São Luís
f6ccc9e1-b00e-416d-9ced-c0c3fed16dfe,4,A,Demais mesmo,0,none,cansado,ficante,0,0,0,none,,,,,São Luís
bd99c802-a442-4bf6-98d9-6c6368785088,4,A,Hoje teve atendimento direto. 😭,0,none,feliz,amizade,0,0,0,none,,,,,São Luís
c051fb15-5dba-4973-a911-39b28d39b664,1,B,A chuva caiu bem na hora que saí. kkkk,1,explicita,animado,namoro,0,1,1,gastronomico,comer tapioca,hoje,no Centro Histórico,tapioca,São Luís
162eb3d1-2a04-4db4-8d65-4ca062954bd9,2,A,Como tu tá? tu vai fzr o que hoje? bora comer hambúrguer cara,1,explicita,estressado,ficante,0,1,1,gastronomico,comer hambúrguer,domingo de manhã,na Praça Gonçalves Dias,hambúrguer,São Luís
56baf54c-c335-48d0-bca3-7a1604817a8e,2,A,A gente não se vê faz tempo. kkkk,1,implicita,cansado,ficante,1,0,0,casual,,,,,São Luís
b3025af6-d178-4735-9a26-2e43b2112ba3,1,B,Eu entendo viiiu,0,none,feliz,match_tinder,0,0,0,none,,,,,São Luís
57eb4b4b-2b01-435e-9174-f8d6abdc1e8b,2,A,Esse calor tá insuportável.,1,explicita,estressado,amizade,0,1,1,gastronomico,comer pastel,sábado à tarde,ali no Vinhais,pastel,São Luís
089cde6d-e739-404f-b879-aa53e4e9270f,4,A,tô indo no mateus rapidinho.,1,implicita,triste,match_tinder,0,0,0,casual,,,,,São Luís
7d55fab9-0a22-443f-a758-996a8d28186a,2,A,Tô no mesmo barco 🥲,0,none,animado,match_tinder,0,0,0,none,,,,,São Luís
bdfe384e-ad48-4d8e-8804-4489c5a1efaf,1,B,Passei raiva no trânsito hoje.,1,implicita,carente,crush,0,0,0,casual,,,,,São Luís
e47ee553-ef68-43d3-84e4-3069655a5da6,0,A,E aí meu patrão,1,explicita,entediado,contatinho,0,1,1,gastronomico,comer sushi,sexta depois da faculdade,no Vignoli,sushi,São Luís
122ed69a-a778-453b-8560-63b437dd55cc,2,A,Sextou e eu sem companhia,1,implicita,feliz,namoro,1,0,0,casual,,,,,São Luís
3c6c95be-be18-4cd6-98a0-9718bded4a4e,7,B,Plantão acabou comigo. socorro,0,none,feliz,colega_trabalho,0,0,0,none,,,,,São Luís
1aa5dace-5e17-4573-a247-961988450097,0,A,e aí gata,1,explicita,cansado,amizade,0,1,1,bar,ir no reggae,mais tarde,no Haruki,reggae,São Luís
0a283341-99e1-4b9f-94ba-2c421b424478,5,B,Demais mesmo gente,1,explicita,estressado,colega_trabalho,0,1,1,praia,tomar um açaí,quando acabar esse calor infernal,no Roots Bar,açaí,São Luís
8691e9c8-64b9-4cf4-8711-b17233e9eb27,6,A,Tu tem uma energia boa pra sair.,1,implicita,estressado,namoro,0,0,0,casual,,,,,São Luís
ba61d058-b9b5-4b56-9322-ddd44a121e86,0,A,ei sumiço,1,explicita,carente,match_tinder,0,1,1,gastronomico,comer um lanche,hoje à noite,no Rio Anil Shopping,lanche,São Luís
3993e6b0-216a-4ffc-a88a-4cf2cc391143,0,A,Tu tá onde???,1,implicita,saudoso,colega_trabalho,0,0,0,casual,,,,,São Luís
3c8119fa-f4c3-4f2b-a6af-31d0caec14fe,4,A,Nossa sim!!,1,explicita,saudoso,ex,1,1,1,praia,tomar café gelado,quando acabar esse calor infernal,lá pras bandas do Turu,café,São Luís
25476530-ddd9-413b-9d1d-37d9046d3f67,5,B,Nossa sim!!,1,explicita,animado,match_tinder,0,1,1,gastronomico,comer sushi,quando acabar esse calor infernal,no Vignoli,sushi,São Luís
c4638875-e9fa-43e8-9b04-d27848f497f9,8,A,Parece a minha semana pai d'égua,0,none,saudoso,namoro,0,0,0,none,,,,,São Luís
d651f110-6a11-4ffb-897a-ac6ae554859c,5,B,Demais mesmoooo misericórdia,0,none,carente,match_tinder,0,0,0,none,,,,,São Luís
284161d2-c83b-49c2-962a-ef56aa3d05f2,3,B,Meu time conseguiu perder uma partida impossível.,0,none,entediado,crush,0,0,0,none,,,,,São Luís
fb38136e-da2d-4720-8d30-0ea12f9df4b7,4,A,Passei o dia resolvendo coisa de banco. gente,0,none,carente,crush,0,0,0,none,,,,,São Luís
50aa0f3e-b8a4-452d-b1b4-27b2a863f7a2,0,A,E aí? hahaha,1,explicita,estressado,colega_trabalho,1,1,1,gastronomico,comer tapioca,amanhã depois da aula,na praça de alimentação do Rio Anil,tapioca,São Luís
a807d5b3-9d0c-4818-bd28-324f61df1ed5,1,B,que sufoco kkkk,1,explicita,entediado,amizade,1,1,1,gastronomico,comer hambúrguer,nesse final de semana,na extensão da Litorânea,hambúrguer,São Luís
7d7b1ab0-d8d0-46fa-8591-2f20f7d3c0f3,2,A,Boa sorte aí kkk,0,none,saudoso,ficante,0,0,0,none,,,,,São Luís
e89beb41-1147-4122-aca8-651d495fe0ac,2,A,Passei a manhã resolvendo boleto.,1,implicita,empolgado,match_tinder,0,0,0,casual,,,,,São Luís
2013b51f-a945-41e4-af32-4cf6d5b493ac,2,A,Fim de semana chegou finalmente.,1,explicita,apaixonado,crush,0,1,1,praia,tomar um litrão,amanhã,no Golden Shopping,bar,São Luís
3097f129-1b5b-43f1-b038-b3c0faa6c69d,7,B,Hoje só sbrevivi de iFood...,0,none,apaixonado,ex,0,0,0,none,,,,,São Luís
b2ba3692-cbdd-4630-af9e-090ccb491a4c,5,B,Parece a minha semanaaa kkkkkkk,1,explicita,carente,ex,0,1,1,gastronomico,comer tapioca,depois do estágio,num café ali no Renascença,tapioca,São Luís
d8556b18-38bd-4d76-b5ef-d6476008a84c,3,B,Eu entendo viu,1,explicita,saudoso,crush,1,1,1,praia,tomar um energético,nesse final de semana,na praça de alimentação do Rio Anil,bar,São Luís
6afac418-92e6-4d36-b6fc-cdc403e7d570,5,B,Docker simplesmente não funciona,0,none,cansado,contatinho,0,0,0,none,,,,,São Luís
35d3665a-352f-426b-988f-373713fff7c6,2,A,Passei raiva no trânsito hoje.,1,explicita,entediado,namoro,0,1,1,gastronomico,comer pastel,depois do estágio,lá no Cohatrac,pastel,São Luís
5bc8b1fa-0517-4486-a202-31e860ab0943,6,A,E aí doido queria mto ouvir música ao vivo contigo 🤣,1,explicita,empolgado,contatinho,0,1,1,casual,ouvir música ao vivo,sábado à tarde,lá pras bandas do Turu,bar,São Luís
d267aebe-65d5-4f3c-9ab0-d273f3f1a4c4,1,B,Kkkkk conta essa história gente,1,explicita,carente,crush,0,1,1,praia,tomar café gelado,de madrugada mesmo kkkkk,no Armazém,café,São Luís
2f26c9fa-4006-46ef-ac69-f764c99218a1,1,B,Passei o dia atolado de processo 🥲,0,none,saudoso,crush,0,0,0,none,,,,,São Luís
3603f8ea-080b-41a1-96fa-647eb0e9f372,1,B,Parece a minha semaaaana,1,implicita,triste,crush,0,0,0,casual,,,,,São Luís
8d0d879c-d383-44a7-8f17-e058a2b57c5e,1,B,Nem me fala,0,none,entediado,match_tinder,0,0,0,none,,,,,São Luís
c246c8d7-d91a-46c6-a19c-f41bf884af4d,4,A,Hoje combinava mto uma praia..,1,implicita,carente,amizade,0,0,0,casual,,,,,São Luís
9e0d7f6a-127d-4942-95b6-958632041340,7,B,tô esperando o horário 😭,1,implicita,estressado,amizade,0,0,0,casual,,,,,São Luís
b1415fbd-f4ee-4313-9669-ecfe8ffad25c,3,B,Que situação hein,1,explicita,cansado,namoro,0,1,1,casual,andar de carro sem rumo,depois do estágio,no Empório Fribal,,São Luís
0a283341-99e1-4b9f-94ba-2c421b424478,6,A,Falaa bora tomar um açaí no Roots Bar? mah,1,explicita,estressado,colega_trabalho,0,1,1,praia,tomar um açaí,quando acabar esse calor infernal,no Roots Bar,açaí,São Luís
dce9359d-dfcc-4905-bcb4-53d051a31f54,4,A,Parece a minha semana 🥲,0,none,carente,ficante,0,0,0,none,,,,,São Luís
a5af28e1-cb27-4b5e-8210-788ad19d2ddc,2,A,Passei o dia atolado de processo.,0,none,apaixonado,match_tinder,0,0,0,none,,,,,São Luís
3200c743-8897-484c-8942-0dacc437dd7f,2,A,meu ifood veio errado. hahaha,1,explicita,empolgado,namoro,0,1,1,casual,ver as luzes da cidade,de madrugada mesmo kkkkk,no The Rock Pub,,São Luís
4d291d52-1b92-416c-a264-4508e445c5c0,0,A,"Oi, tudo bem? aff",0,none,carente,crush,0,0,0,none,,,,,São Luís
c2244181-e2b4-4e02-9b62-7ee5a281c328,5,B,que sufoco kkkk,0,none,estressado,contatinho,0,0,0,none,,,,,São Luís
fcd5dd15-e3eb-4d73-933f-f219ac877927,0,A,Partiu rolê hoje?,0,none,carente,namoro,0,0,0,none,,,,,São Luís
3b12f153-11af-4bd1-90be-c6641a5a9f40,2,A,Que situação hein 🥲,1,explicita,carente,ex,1,1,1,shopping,dar rolê no shopping,depois do estágio,ali pela Avenida Holandeses,shopping,São Luís
7d7b1ab0-d8d0-46fa-8591-2f20f7d3c0f3,4,A,Tô cansado dessa burocracia olha,0,none,saudoso,ficante,0,0,0,none,,,,,São Luís
bbdf7f93-aa8e-410d-912c-d3bafd5150d3,2,A,Minhas costas tão destruídas de tanto atender 😩,0,none,carente,ex,0,0,0,none,,,,,São Luís
94edf84e-91ab-48f8-bb44-f108db288bb1,10,A,Demais mesmo 💀,0,none,apaixonado,amizade,0,0,0,none,,,,,São Luís
7ced47fd-beac-4151-b4a0-e89a70e96ad3,3,B,Que situação hein,0,none,empolgado,contatinho,0,0,0,none,,,,,São Luís
62fc900a-69fb-4519-a70a-ba613cb12ef4,1,B,Hoje teve aula prática o dia inteiro.,0,none,triste,ex,0,0,0,none,,,,,São Luís
056d783e-7f32-45f6-937e-19a6d835568b,1,B,A planilha financeira acabou comigo.,0,none,triste,colega_trabalho,0,0,0,none,,,,,São Luís
4f9305a5-2ce6-44a1-9f9b-1f0a6f43ac01,2,A,Sobreviveu à semana? tu anima ir no Quintal da Vila comigo?,1,explicita,entediado,ex,1,1,1,casual,ouvir música ao vivo,hoje à noite,no Quintal da Vila,bar,São Luís
0a3a6e1b-9efa-4ab5-96c5-2b987e514504,4,A,São Luís virou um forno.,1,implicita,entediado,colega_trabalho,0,0,0,casual,,,,,São Luís
a7de9b74-9c9d-432b-9b8d-e4c95ff875e2,3,B,E aí doido simbora no Chopp da Fábrica mais tarde?,1,explicita,apaixonado,crush,0,1,1,praia,tomar café gelado,hoje depois das 19h,no Chopp da Fábrica,café,São Luís
030b77a5-a948-4d27-8bf5-5442cb3bc4e6,1,B,eu entendo viu mah,1,implicita,cansado,namoro,0,0,0,casual,,,,,São Luís
e75fd67f-9888-43e6-bab9-bae887c1ed91,4,A,o trânsito tá impossível hoje.,1,explicita,saudoso,crush,0,1,1,shopping,dar rolê no shopping,quando tu sair da faculdade,no Fitó,shopping,São Luís
973c8043-c198-4428-9265-05c14bc98910,5,B,nossa sim!!,1,implicita,feliz,colega_trabalho,0,0,0,casual,,,,,São Luís
3993e6b0-216a-4ffc-a88a-4cf2cc391143,3,B,Saudade de sair com tu. misericórdia,1,implicita,saudoso,colega_trabalho,0,0,0,casual,,,,,São Luís
030b77a5-a948-4d27-8bf5-5442cb3bc4e6,0,A,Oi sumida 🤣,1,implicita,cansado,namoro,0,0,0,casual,,,,,São Luís
24a1529c-66ce-40d4-9041-0e26749124c4,3,B,Eu entendo viu,1,explicita,carente,ex,0,1,1,shopping,dar rolê no shopping,de madrugada mesmo kkkkk,no Armazém,shopping,São Luís
742fa203-8176-4eed-b184-7811cfbf3f91,0,A,Bora viver?,1,explicita,saudoso,ficante,0,1,1,praia,comer um camarão,quando tu sair da faculdade,na Praia do Calhau,frutos do mar,São Luís
025b0d8a-6fbe-4cee-8cd6-0babfb218d05,6,A,A gnt não se vê faz tempo.,1,implicita,feliz,ex,1,0,0,casual,,,,,São Luís
ca127856-fa03-4bca-b9e6-c0a1fd544d28,0,A,Oii,1,explicita,entediado,namoro,0,1,1,casual,ouvir música ao vivo,sexta depois da faculdade,na Praça Gonçalves Dias,bar,São Luís
29e737c2-9a6d-45ad-8f0c-06e2355cb122,0,A,Tu tá onde? né não,1,implicita,saudoso,amizade,0,0,0,casual,,,,,São Luís
ec0db6f3-d434-4072-a686-22eb9a84a8c8,0,A,Como tu tá?,0,none,apaixonado,amizade,0,0,0,none,,,,,São Luís
2d3b56ba-57e5-4332-9067-fba04d266263,0,A,Como tu tttá?,0,none,cansado,namoro,0,0,0,none,,,,,São Luís
92c14648-b607-4102-8ad1-5be64d351d28,0,A,Oi sumida cara,1,implicita,entediado,namoro,0,0,0,casual,,,,,São Luís
af665044-0564-4d95-ad02-fdd862360d36,3,B,Tô vivendo de edital em editall. slk,0,none,saudoso,namoro,0,0,0,none,,,,,São Luís
9634ba6f-f676-4d24-a393-c7a0467c0649,1,B,Passei a manhã resolvendo boleto,1,explicita,triste,ex,0,1,1,bar,ir num barzinho,amanhã depois da aula,no Fitó,bar,São Luís
43d18fb6-ad9c-423d-9f3e-390f37311caf,5,B,Microscopia acabou comigo,0,none,triste,amizade,0,0,0,none,,,,,São Luís
4d291d52-1b92-416c-a264-4508e445c5c0,4,A,Demais mesmo socorro,0,none,carente,crush,0,0,0,none,,,,,São Luís
28960776-590c-4269-b2e8-76dd5d318130,0,A,oi sumiiiida,1,explicita,animado,namoro,1,1,1,casual,ouvir música ao vivo,depois da prova,no Outback,bar,São Luís
bc2449f2-1c89-4c3e-9f1c-07db010e7b0b,2,A,Com você qualquer lugar,1,explicita,carente,amizade,0,1,1,praia,ver o mar,sexta depois da faculdade,no Talking Blues,,São Luís
aa8037ac-c97b-4ea9-9822-dcd78e205726,7,B,nem me fala,0,none,apaixonado,namoro,0,0,0,none,,,,,São Luís
a198eec5-512f-4874-98c0-e7632b6b3b2c,4,A,que situação hein,0,none,carente,ficante,0,0,0,none,,,,,São Luís
a66bd541-71c0-4d1d-9d21-74a245ac06a8,4,A,Ei sumiço bora dar rolê no shopping no Roots Bar?,1,explicita,saudoso,namoro,0,1,1,shopping,dar rolê no shopping,sexta depois da faculdade,no Roots Bar,shopping,São Luís
e79a2a42-5b3a-472a-a694-339361802665,4,A,Relacionamento dá trabalho viu.,0,none,saudoso,contatinho,0,0,0,none,,,,,São Luís
a7da69f1-3f0d-4643-96fc-3e34bd2209e4,3,B,não entendo sinais nenhum.,0,none,empolgado,match_tinder,0,0,0,none,,,,,São Luís
ff32f215-6044-4035-ba39-2a64e213f884,1,B,Demais mesmo mano,1,explicita,saudoso,ex,0,1,1,bar,beber cerveja,quando tu sair da faculdade,no The Rock Pub,bar,São Luís
d651f110-6a11-4ffb-897a-ac6ae554859c,4,A,Tô morto depois do treino.,0,none,carente,match_tinder,0,0,0,none,,,,,São Luís
4a4e2234-2d2d-4bcb-b12c-f9ebdb71b715,0,A,Ei sumiço,1,explicita,cansado,crush,0,1,1,praia,tomar um drink,quando acabar esse calor infernal,na Casa do Maranhão,bar,São Luís
7928fb64-028f-48cb-9699-f30e22080dfd,0,A,Que fim levou tu? olha,1,explicita,empolgado,contatinho,0,1,1,casual,dar uma volta,domingo no fim da tarde,no Anjo da Guarda,,São Luís
7a52b461-67dc-4498-b4e9-000913045d82,1,B,E aí doido partiu no Anjo da Guarda hojee?,1,explicita,carente,ex,0,1,1,casual,ouvir música ao vivo,depois do estágio,no Anjo da Guarda,bar,São Luís
cbe1c406-2732-4039-b727-5d5caa3f6061,2,A,a gente não se vê faz tempo.,1,implicita,cansado,contatinho,1,0,0,casual,,,,,São Luís
7977be07-e916-447f-8d9e-669c52e9d14b,1,B,Kkkkk conta essa históriiia mano,1,explicita,apaixonado,ex,1,1,1,praia,ver o pôr do sol,domingo de manhã,no Buteko,,São Luís
addbeb0c-cdec-4dcc-9003-68ea205f398d,2,A,o trânsito tá impossível hojje mano,1,explicita,animado,colega_trabalho,0,1,1,praia,tomar sorvete,mais tarde,na Praça Gonçalves Dias,sorvete,São Luís
080abe56-ed68-450a-91c6-c0ea15afdc24,3,B,Essa cidade tá parada hoje,1,explicita,apaixonado,match_tinder,0,1,1,casual,ouvir música ao vivo,nesse final de semana,no Ceprama,bar,São Luís
f775ab8a-8291-4bba-9605-ef93bccf4ac4,3,B,Que situação heinnn né não,1,explicita,feliz,amizade,0,1,1,shopping,dar rolê no shopping,hoje depois das 19h,na extensão da Litorânea,shopping,São Luís
1721f3fc-f5a0-41df-86c2-05c9430e9863,4,A,tô animado(a) já,1,explicita,animado,ficante,0,1,1,casual,dar uma volta,amanhã depois da aula,no Quintal da Vila,,São Luís
a12ad6c8-7c9f-40d5-9aff-a80231802867,2,A,Tô morto depois do treino.,0,none,apaixonado,amizade,0,0,0,none,,,,,São Luís
f2e5ab36-9652-4a8d-80a6-e9adea5ee5d0,7,B,Tô animado(a) já mah,1,implicita,cansado,amizade,0,0,0,casual,,,,,São Luís
2d8bd24a-fe84-42d6-9254-24de132092c4,7,B,Oxe que issssso mano,0,none,estressado,match_tinder,0,0,0,none,,,,,São Luís
0def2279-5b91-4a77-9d5b-6a0e3a12414d,1,B,passei o dia inteiro na clínica,0,none,apaixonado,amizade,0,0,0,none,,,,,São Luís
e6cbbcba-4452-4c7e-9147-df7f3f2a5da1,1,B,Essa cidade tá parada hoje,1,implicita,feliz,crush,0,0,0,casual,,,,,São Luís
8b659f2c-98bf-44aa-9d7b-115c9e05c31d,1,B,Boa sorte aí kkk kkkk,1,implicita,estressado,match_tinder,1,0,0,casual,,,,,São Luís
61d8ce67-f2e5-439a-a5c5-b8fff6780fe2,1,B,Nem me fala 😩,1,implicita,entediado,crush,0,0,0,casual,,,,,São Luís
49d3485b-0a8a-4726-ac57-ac32bdb4d176,2,A,e aí meu patrão bora pegar um cinema na casa do maranhãoooo?,1,explicita,triste,match_tinder,1,1,1,cinema,pegar um cinema,amanhã depois da aula,na Casa do Maranhão,cinema,São Luís
b4b272c3-eba5-4960-825e-8e19e8e22590,3,B,Verdade demais 😩 slk,0,none,animado,namoro,0,0,0,none,,,,,São Luís
e03116e3-3509-4376-a127-e964674e5d5c,3,B,Essa chuva apareceu do nada,1,explicita,animado,colega_trabalho,0,1,1,casual,comer açaí na tigela,hoje depois das 19h,no The Rock Pub,açaí,São Luís
44f06461-a93b-4db9-8f26-da848165302d,0,A,tu tá ondddde?,1,implicita,feliz,ficante,1,0,0,casual,,,,,São Luís
10dcc765-4233-4c24-bb34-211af8cef4b8,6,A,Passei o dia inteiro na clínica,0,none,apaixonado,colega_trabalho,0,0,0,none,,,,,São Luís
f3cdb646-fd25-4846-b7d3-8a808e9b7046,3,B,Quero demaiss kkkk,1,explicita,entediado,amizade,0,1,1,casual,comer açaí na tigela,hoje à noite,ali no Renascença,açaí,São Luís
a8dd2944-026f-4f8a-a3a5-8c3eda7d87f5,6,A,bora sim!,1,explicita,entediado,colega_trabalho,0,1,1,cinema,pegar um cinema,amanhã depois da aula,ali pelo Calhau,cinema,São Luís
a7da69f1-3f0d-4643-96fc-3e34bd2209e4,6,A,Passei o dia lendo Freud,0,none,empolgado,match_tinder,0,0,0,none,,,,,São Luís
99bb4a7b-27e8-4795-a4b9-01e2a92b1d6c,1,B,Que sufoco,1,implicita,estressado,amizade,0,0,0,casual,,,,,São Luís
83ed5ec8-860a-46a6-82d9-6e08ba334538,1,B,Que sufoco,1,explicita,saudoso,amizade,0,1,1,casual,comer açaí na tigela,nesse final de semana,no Rio Anil Shopping,açaí,São Luís
dd92bb9d-b751-4b8d-a9e6-c12f14120fbd,3,B,Oii topa andar pela litorânea sábado de noite? gente,1,explicita,apaixonado,ex,1,1,1,praia,andar pela litorânea,sábado de noite,lá pras bandas do Turu,,São Luís
d5e151e8-fef9-4865-bd0a-f7672336957b,3,B,Que situação heein gente,1,explicita,saudoso,ex,0,1,1,casual,andar de carro sem rumo,quando tu sair da faculdade,no Anjo da Guarda,,São Luís
8691e9c8-64b9-4cf4-8711-b17233e9eb27,0,A,Oi meu amor,1,implicita,estressado,namoro,0,0,0,casual,,,,,São Luís
3f752b69-4dcb-40ad-8fba-bf554444c08c,4,A,nem me fala,0,none,animado,ex,0,0,0,none,,,,,São Luís
7c5df2b7-6d08-4f7d-842b-a8d89bbfe196,6,A,Tu toparia um rolê aleatório? gente,1,implicita,saudoso,contatinho,0,0,0,casual,,,,,São Luís
6b19f66a-d9de-492a-8e50-ab3091f2267e,3,B,Ei sumiço pensei da gente dar uma volta no Kitaro kkkkkkk,1,explicita,triste,match_tinder,1,1,1,casual,dar uma volta,quando acabar esse calor infernal,no Kitaro,,São Luís
b513a416-a91a-4316-af88-f40a3f5a68b9,2,A,Tô dentro ❤️,1,implicita,triste,namoro,0,0,0,casual,,,,,São Luís
36ed706b-f65f-4c6b-8b78-b6efaf674465,1,B,Boa sorte aí kkk,1,explicita,feliz,ex,0,1,1,gastronomico,comer tapioca,mais tarde,no Golden Shopping,tapioca,São Luís
a198eec5-512f-4874-98c0-e7632b6b3b2c,1,B,Passei a madrugada editando vídeo.,0,none,carente,ficante,0,0,0,none,,,,,São Luís
019e7c5d-b8de-4822-8dd9-7edd17be0417,3,B,A gente não se vê faz tempo misericórdia,1,implicita,triste,match_tinder,0,0,0,casual,,,,,São Luís
c24d9a5b-38bb-4304-98e0-07f65139625c,4,A,Minha internet caiu de novo.,1,implicita,feliz,contatinho,0,0,0,casual,,,,,São Luís
21f4a253-743d-469a-979e-6db5e8ee1f05,1,B,Boa sorte aí kkkk,0,none,estressado,contatinho,0,0,0,none,,,,,São Luís
b28233ae-c622-42ab-8605-222f80352cd9,1,B,Nem me fala,1,explicita,entediado,amizade,1,1,1,shopping,dar rolê no shopping,domingo de manhã,no Centro Histórico,shopping,São Luís
284a30f2-4bb9-4018-bf96-83c5d8361f49,6,A,Hoje o treino de perna destruiu minha existência. gente,0,none,empolgado,ficante,0,0,0,none,,,,,São Luís
7b39c629-2a04-4023-af3a-0813932f2d68,3,B,A chuva caiu bem na hora que saí.,1,explicita,animado,match_tinder,0,1,1,casual,comer açaí na tigela,domingo de manhã,no Haruki,açaí,São Luís
d56113c2-f9ec-424b-af63-8a41ccff1aaa,0,A,Tu tá onde?,1,explicita,animado,crush,1,1,1,praia,tomar café gelado,quando acabar esse calor infernal,no São Luís Shopping,café,São Luís
8c0666e1-ccb9-46ac-9016-259307971439,2,A,"essa chuva apareceu do nada, você vai no reggae?",1,implicita,apaixonado,contatinho,1,0,0,casual,,,,,São Luís
94edf84e-91ab-48f8-bb44-f108db288bb1,4,A,Tô atolado de trabalho da faculdade.,0,none,apaixonado,amizade,0,0,0,none,,,,,São Luís
973c8043-c198-4428-9265-05c14bc98910,0,A,Meu Deus tu sumiu,1,implicita,feliz,colega_trabalho,0,0,0,casual,,,,,São Luís
18bbe9de-0a81-4d18-89bc-0aa073b2e6f5,0,A,que fim levou tu? olha,0,none,feliz,ficante,0,0,0,none,,,,,São Luís
f4faf563-671c-4c8a-8d3a-9f205a8d3515,0,A,Tu tá onde?,1,explicita,cansado,namoro,0,1,1,gastronomico,comer sushi,sábado à tarde,ali no Renascença,sushi,São Luís
4b977b73-6679-48e9-9627-c5bbb8e5ce54,3,B,Que situação hein,0,none,estressado,match_tinder,0,0,0,none,,,,,São Luís
60f3052d-b527-45ed-ae0a-9576a961906f,3,B,Ei sumiço topa pegar um cinema nesse final de semana?,1,explicita,feliz,namoro,0,1,1,cinema,pegar um cinema,nesse final de semana,no Fitó,cinema,São Luís
0a283341-99e1-4b9f-94ba-2c421b424478,4,A,Passei raiva no trânsito hoje.,1,explicita,estressado,colega_trabalho,0,1,1,praia,tomar um açaí,quando acabar esse calor infernal,no Roots Bar,açaí,São Luís
ad88f1aa-92a6-4a91-a55c-6a344e638b83,5,B,Tá brincanddo mds,1,explicita,cansado,colega_trabalho,0,1,1,praia,ver o mar,nesse final de semana,na Feirinha São Luís,,São Luís
bc2449f2-1c89-4c3e-9f1c-07db010e7b0b,0,A,Tu tá onde? 😭,1,explicita,carente,amizade,0,1,1,praia,ver o mar,sexta depois da faculdade,no Talking Blues,,São Luís
ac3b8473-a28e-443f-953a-6a4a16c47ce5,2,A,Meu financeiro tá um caos.,0,none,carente,crush,0,0,0,none,,,,,São Luís
bdfe384e-ad48-4d8e-8804-4489c5a1efaf,2,A,que sufoco,1,implicita,carente,crush,0,0,0,casual,,,,,São Luís
cfa593ed-f043-496e-9209-95a69f27c529,3,B,Demais mesmo 🥲,0,none,triste,namoro,0,0,0,none,,,,,São Luís
ea91fa4b-b440-4862-a47d-22ae1d67ae66,5,B,Boa sorte aí kkk 😩,0,none,saudoso,contatinho,0,0,0,none,,,,,São Luís
10dcc765-4233-4c24-bb34-211af8cef4b8,1,B,a vida é assim mesmo né,0,none,apaixonado,colega_trabalho,0,0,0,none,,,,,São Luís
61c53916-76c4-435a-99b8-27bea03e771a,3,B,Nunca fiz tanto cálculo alimentar. 🥲,0,none,entediado,ex,0,0,0,none,,,,,São Luís
61c53916-76c4-435a-99b8-27bea03e771a,2,A,o sistema caiu de novo.,0,none,entediado,ex,0,0,0,none,,,,,São Luís
dd0b67e5-2cb4-4777-823c-e5df9dedd7c8,1,B,Nem me fala,1,implicita,saudoso,colega_trabalho,1,0,0,casual,,,,,São Luís
4d157dca-4259-4b14-a80a-08f5ad9c564f,3,B,Que horas? vei,1,implicita,cansado,contatinho,1,0,0,casual,,,,,São Luís
c62f5e04-724d-44dd-a356-41958b3870b8,6,A,Meu Deus tu sumiu simbora no Anjo da Guarda mais tarde?,1,explicita,cansado,amizade,0,1,1,bar,beber cerveja,quando tu sair da faculdade,no Anjo da Guarda,bar,São Luís
0140bf1f-34f8-4bdd-956f-e8d9136247f0,3,B,Minhas costas tão destruídas de tanto atender,0,none,triste,contatinho,0,0,0,none,,,,,São Luís
6c88129e-6053-4b1c-9406-dc3521e467cc,6,A,Como tu tá? tu vai fazer o que hoje? bora dar rolê no shopping,1,explicita,apaixonado,ficante,1,1,1,shopping,dar rolê no shopping,domingo no fim da tarde,no Amsterdam Music Pub,shopping,São Luís
0a1e5e6a-54bd-490d-ba17-2311184624c7,0,A,Ei sumiço,1,explicita,apaixonado,colega_trabalho,0,1,1,praia,andar pela litorânea,sábado de noite,no Outback,,São Luís
d6032dfa-646c-411f-8ea3-ea27dac9c9ef,2,A,Hoje combinava muito uma praia.,1,implicita,apaixonado,ficante,0,0,0,casual,,,,,São Luís
efd900de-0ac6-4e3e-805d-d17fe3531550,4,A,Kkkkk conta essa história,0,none,saudoso,colega_trabalho,0,0,0,none,,,,,São Luís
d651f110-6a11-4ffb-897a-ac6ae554859c,6,A,Não aguento mais fazer questão. vei,0,none,carente,match_tinder,0,0,0,none,,,,,São Luís
61c53916-76c4-435a-99b8-27bea03e771a,5,B,meu time conseguiu perder uma partida impossível,0,none,entediado,ex,0,0,0,none,,,,,São Luís
1aa5dace-5e17-4573-a247-961988450097,1,B,peguei ônibus lotado hoje cedo. pai d'égua,1,explicita,cansado,amizade,0,1,1,bar,ir no reggae,mais tarde,no Haruki,reggae,São Luís
185c6b18-959c-4dd8-9599-f6258f1de6fe,7,B,Topei!,1,explicita,saudoso,colega_trabalho,1,1,1,gastronomico,comer um lanche,amanhã depois da aula,na Praia do Calhau,lanche,São Luís
c42c58e2-c6b7-4f75-9b16-64684120a88a,4,A,Demais mesmo gente,0,none,carente,contatinho,0,0,0,none,,,,,São Luís
5d6a1bf6-4d5e-41b1-806b-1335c06a3050,0,A,Opa meu consagrado 😩,0,none,carente,crush,0,0,0,none,,,,,São Luís
24bf4edd-e6f3-40b5-a7db-363dc1658ac8,3,B,E aí doido pensei da gente tomar um energético no Quintal da Vila 🤣,1,explicita,cansado,crush,1,1,1,praia,tomar um energético,amanhã depois da aula,no Quintal da Vila,bar,São Luís
324618c9-42f1-40ac-9379-e4ad3ff219eb,6,A,Opa tu anima ir no Cabana do Sol comigo?,1,explicita,animado,colega_trabalho,0,1,1,casual,ficar conversando,quando acabar esse calor infernal,no Cabana do Sol,,São Luís
47c2008f-1eba-4feb-84b3-ecab3b1dde26,2,A,Tô indo no Mateus rapidinhoo.,1,explicita,feliz,crush,0,1,1,praia,tomar um café,hoje à noite,ali pelo Calhau,café,São Luís
10dcc765-4233-4c24-bb34-211af8cef4b8,8,A,Parece a minha semana 😭,0,none,apaixonado,colega_trabalho,0,0,0,none,,,,,São Luís
d94f6fdd-558a-428d-bced-21f5aef52d37,7,B,não entendo sinais nenhuum.,0,none,saudoso,colega_trabalho,0,0,0,none,,,,,São Luís
a1ef105e-ee1c-4f5b-8727-db05679b4657,1,B,Irmão que sofrimento 💀,0,none,cansado,ex,0,0,0,none,,,,,São Luís
de85039e-9173-4f5b-a4a7-1dfe88a12d16,0,A,Que fim levou tu?,1,explicita,animado,ex,0,1,1,casual,ficar conversando,domingo de manhã,no Vignoli,,São Luís
ea91fa4b-b440-4862-a47d-22ae1d67ae66,1,B,Tô no mesmo barco,0,none,saudoso,contatinho,0,0,0,none,,,,,São Luís
8d0d879c-d383-44a7-8f17-e058a2b57c5e,5,B,Verdade demais 😩,0,none,entediado,match_tinder,0,0,0,none,,,,,São Luís
c2111b89-043b-4c27-9c56-af4e11a8d38a,2,A,Hoje foi só apagar incêndio.,0,none,empolgado,colega_trabalho,0,0,0,none,,,,,São Luís
153ddd1d-fadb-4b1f-adf5-585cf0dfe332,9,B,Parece a minha semana,0,none,saudoso,namoro,0,0,0,none,,,,,São Luís
e72b8e53-01d3-4dec-9b9c-0256c281c881,0,A,Oi criatura,1,explicita,saudoso,amizade,0,1,1,gastronomico,lançar um sushi,hoje depois das 19h,no Cabana do Sol,sushi,São Luís
7ced47fd-beac-4151-b4a0-e89a70e96ad3,8,A,Passei o dia lendo Freud,0,none,empolgado,contatinho,0,0,0,none,,,,,São Luís
c246c8d7-d91a-46c6-a19c-f41bf884af4d,5,B,tô dentro ❤️,1,implicita,carente,amizade,0,0,0,casual,,,,,São Luís
290580bf-964b-4eda-b492-bd48fa6ecb6a,0,A,E aí? kkkkkkk,1,implicita,cansado,contatinho,0,0,0,casual,,,,,São Luís
b93c9cdd-4c14-4ba6-a083-91ea1789a649,7,B,que situação hein 💀,0,none,animado,ficante,0,0,0,none,,,,,São Luís
dde2f143-5e5b-4d03-b92e-c504e34d18c2,1,B,Verdade demais 😩,1,explicita,apaixonado,crush,0,1,1,casual,andar de carro sem rumo,sexta depois da faculdade,no São Luís Shopping,,São Luís
61fa2c05-0965-430f-b97d-bb955ef26121,4,A,ei sumiço bora sair pra comer tapioca?,1,explicita,empolgado,contatinho,1,1,1,gastronomico,comer tapioca,domingo de manhã,ali pela Avenida Holandeses,tapioca,São Luís
6b2a1556-31d3-456c-8c8d-fb5d0139bfa4,0,A,e aí doido,1,implicita,triste,colega_trabalho,1,0,0,casual,,,,,São Luís
ac3b8473-a28e-443f-953a-6a4a16c47ce5,4,A,Tô vivendo de edital em edital.,0,none,carente,crush,0,0,0,none,,,,,São Luís
fdf976fc-e264-4a57-a6ac-17c8552dd103,2,A,Verdade demais 😩,1,explicita,estressado,crush,0,1,1,bar,beber cerveja,nesse final de semana,no Golden Shopping,bar,São Luís
b677ca82-7cac-4673-8196-9fccb3a5bfa2,0,A,E aí meu patrão,0,none,cansado,namoro,0,0,0,none,,,,,São Luís
7292f919-6ea9-431a-8bb7-718c59f5d5c5,2,A,Tu anima um rolê sem planejamento?,1,implicita,triste,amizade,0,0,0,casual,,,,,São Luís
324618c9-42f1-40ac-9379-e4ad3ff219eb,1,B,Tá brincando,1,explicita,animado,colega_trabalho,0,1,1,casual,ficar conversando,quando acabar esse calor infernal,no Cabana do Sol,,São Luís
a1ef105e-ee1c-4f5b-8727-db05679b4657,0,A,oi criatura,0,none,cansado,ex,0,0,0,none,,,,,São Luís
0481e049-5fcf-43b5-91ac-a4fc124b00d7,1,B,irmão que sofrimento slk,1,explicita,cansado,contatinho,0,1,1,casual,ver as luzes da cidade,hoje,no Reviver,,São Luís
025b0d8a-6fbe-4cee-8cd6-0babfb218d05,1,B,oxe que isso olha,1,implicita,feliz,ex,1,0,0,casual,,,,,São Luís
284161d2-c83b-49c2-962a-ef56aa3d05f2,4,A,que situação hein,0,none,entediado,crush,0,0,0,none,,,,,São Luís
2e8f949f-8556-48c3-8f5e-4eeedff13862,7,B,Quero demais!!,1,explicita,cansado,ex,0,1,1,bar,ir no reggae,domingo no fim da tarde,no Armazém,reggae,São Luís
0865c382-a377-48cb-b0c8-2b9d67c7af1a,3,B,boa sorte aí kkk 💀,0,none,carente,ficante,0,0,0,none,,,,,São Luís
a05e54d6-8e8e-4152-98f1-6ce263b4dd04,5,B,Tu toparia um rolê aleatório?,1,implicita,cansado,colega_trabalho,1,0,0,casual,,,,,São Luís
e89beb41-1147-4122-aca8-651d495fe0ac,0,A,Meu Deus tu sumiu,1,implicita,empolgado,match_tinder,0,0,0,casual,,,,,São Luís
21e045bc-106e-4e0d-a05b-de54cf49d20c,0,A,tu tá onde?,0,none,saudoso,ficante,0,0,0,none,,,,,São Luís
9a21b7fe-b061-4064-b585-bb2ba26169ea,1,B,tô no mesmo barcooo,1,explicita,estressado,contatinho,0,1,1,gastronomico,comer hambúrguer,quando tu sair da faculdade,no Anjo da Guarda,hambúrguer,São Luís
80eb4ad1-21be-4796-9026-2f9d53d087c8,1,B,Parece a minha semana,0,none,empolgado,ex,0,0,0,none,,,,,São Luís
6f690fde-f33f-4863-8b6f-b52bb59c95f8,5,B,Que situação hein vei,1,explicita,carente,contatinho,1,1,1,praia,tomar um litrão,depois do estágio,na Praia do Calhau,bar,São Luís
8b44a8a2-f133-4b08-b441-4f7bd234a909,0,A,Ei sumiço,1,implicita,cansado,amizade,0,0,0,casual,,,,,São Luís
76fcf41c-7f4f-479e-91cc-7bf420082ea0,5,B,Trabalhar por conta própria cansa viu. oxe,0,none,saudoso,crush,0,0,0,none,,,,,São Luís
25b9b0b0-a25f-4350-b175-d34e4b2d9f82,0,A,Como tu ttttá?,1,explicita,empolgado,ex,0,1,1,gastronomico,comer tapioca,mais tarde,no Bar do Léo,tapioca,São Luís
3abd519d-0e16-47fa-b036-f475ca773979,1,B,Boa sorte aí kkk cara,1,implicita,empolgado,ficante,0,0,0,casual,,,,,São Luís
a059dde4-e9a4-466d-b18c-db06641c83b2,3,B,Professor pediu pra refazer a planta inteira.,0,none,apaixonado,match_tinder,0,0,0,none,,,,,São Luís
b43e56ef-dbd3-4812-ad7f-0b9d05c6bee2,2,A,Tô cansado dessa burocracia,0,none,estressado,ficante,0,0,0,none,,,,,São Luís
94edf84e-91ab-48f8-bb44-f108db288bb1,7,B,Que sufoco,0,none,apaixonado,amizade,0,0,0,none,,,,,São Luís
449b46e8-b226-472e-9a91-7260c8c18ab7,0,A,Como tu tá?,1,explicita,triste,amizade,0,1,1,gastronomico,comer sushi,hoje,no Centro Histórico,sushi,São Luís
adaee33e-9c89-4f82-ba54-43cb87f014e4,1,B,Eu entendo viu,1,implicita,carente,colega_trabalho,1,0,0,casual,,,,,São Luís
fd9b3a61-2ebf-4306-83e4-1f0fd2bbf955,6,A,Tô dentro ❤️ kkkk,1,explicita,apaixonado,namoro,1,1,1,praia,tomar sorvete,sábado à tarde,no Amsterdam Music Pub,sorvete,São Luís
ea47f3a6-e1d4-4c37-b536-b17f1a0e7b58,3,B,Que fim levou tu? depois da aula a gente podia andar pela litorânea pai d'égua,1,explicita,feliz,colega_trabalho,1,1,1,praia,andar pela litorânea,domingo no fim da tarde,no Coco Bambu,,São Luís
2d74c452-5227-469c-b61d-72174f0762ad,4,A,simbora! misericórdia,1,explicita,entediado,colega_trabalho,0,1,1,gastronomico,comer hambúrguer,quando acabar esse calor infernal,no Quintal da Vila,hambúrguer,São Luís
43cbb2c0-60da-4b8e-8315-f2724853f8b0,1,B,Tá brincanddo,1,implicita,feliz,namoro,0,0,0,casual,,,,,São Luís
0481e049-5fcf-43b5-91ac-a4fc124b00d7,6,A,E aí meu patrão tu vai fazer o que hoje? bora ver as luzes da cidade,1,explicita,cansado,contatinho,0,1,1,casual,ver as luzes da cidade,hoje,no Reviver,,São Luís
9fa32001-c155-490d-9960-3eb85c469835,3,B,Eu entendo viu,1,explicita,carente,namoro,0,1,1,praia,comer um camarão,de madrugada mesmo kkkkk,no Espigão Costeiro,frutos do mar,São Luís
d94f6fdd-558a-428d-bced-21f5aef52d37,8,A,tô no mesmo barco,0,none,saudoso,colega_trabalho,0,0,0,none,,,,,São Luís
1280806f-0fba-4276-b16e-a3081be6d4de,0,A,Oi criatura,1,explicita,estressado,contatinho,0,1,1,gastronomico,comer uma pizza,domingo de manhã,no Vignoli,pizza,São Luís
290580bf-964b-4eda-b492-bd48fa6ecb6a,2,A,Hoje eu precisava ver alguém legal. 🤣,1,implicita,cansado,contatinho,0,0,0,casual,,,,,São Luís
3fedf134-d037-45c2-b0a7-995be1d8e317,3,B,a vida é assim mesmo nné 🥲,0,none,triste,ex,0,0,0,none,,,,,São Luís
2e8f949f-8556-48c3-8f5e-4eeedff13862,5,B,Tô no mesmo barco,1,explicita,cansado,ex,0,1,1,bar,ir no reggae,domingo no fim da tarde,no Armazém,reggae,São Luís
bdfe384e-ad48-4d8e-8804-4489c5a1efaf,4,A,Quero demais,1,implicita,carente,crush,0,0,0,casual,,,,,São Luís
2f4c7ffb-d0e1-4603-94ec-5bc67dbb6808,1,B,Tá brincando,0,none,triste,match_tinder,0,0,0,none,,,,,São Luís
0dbf3238-8ef2-4d7f-8f4a-ead1bb5ea78e,1,B,A vida é assim mesmo né,1,explicita,entediado,match_tinder,0,1,1,gastronomico,comer hambúrguer,domingo de manhã,na Praça Gonçalves Dias,hambúrguer,São Luís
01e94c64-86bf-4826-ad1f-9cf63641e3ca,8,A,Meu time conseguiu perder uma partida impossível..,0,none,entediado,match_tinder,0,0,0,none,,,,,São Luís
ea91fa4b-b440-4862-a47d-22ae1d67ae66,3,B,Nem me falaaa,0,none,saudoso,contatinho,0,0,0,none,,,,,São Luís
e72b8e53-01d3-4dec-9b9c-0256c281c881,3,B,Partiu rolê hoje? tu vai fazer o que hoje? bora lançar um sushhhi mds,1,explicita,saudoso,amizade,0,1,1,gastronomico,lançar um sushi,hoje depois das 19h,no Cabana do Sol,sushi,São Luís
3b12f153-11af-4bd1-90be-c6641a5a9f40,6,A,Quero demais,1,explicita,carente,ex,1,1,1,shopping,dar rolê no shopping,depois do estágio,ali pela Avenida Holandeses,shopping,São Luís
d8a8c5fc-a198-4e5f-a79e-c498eb4515bf,0,A,Opa,1,explicita,triste,amizade,1,1,1,praia,tomar um café,depois do estágio,num café ali no Renascença,café,São Luís
a028464d-1f0b-435e-8627-1b89075ac54e,2,A,e aí gata a gente podia aproveitar e assistir filme hoje depois das 19h?,1,explicita,empolgado,colega_trabalho,0,1,1,cinema,assistir filme,hoje depois das 19h,no Roots Bar,cinema,São Luís
50aa0f3e-b8a4-452d-b1b4-27b2a863f7a2,4,A,Tu tá onde? tava pensando em comer tapioca na praça de alimentação do Rio Anil amanhã depois da aula? aff,1,explicita,estressado,colega_trabalho,1,1,1,gastronomico,comer tapioca,amanhã depois da aula,na praça de alimentação do Rio Anil,tapioca,São Luís
b4b272c3-eba5-4960-825e-8e19e8e22590,2,A,Passei horas corrigindo bug 🤣,0,none,animado,namoro,0,0,0,none,,,,,São Luís
a8dd2944-026f-4f8a-a3a5-8c3eda7d87f5,1,B,Irmão que sofrimento,1,explicita,entediado,colega_trabalho,0,1,1,cinema,pegar um cinema,amanhã depois da aula,ali pelo Calhau,cinema,São Luís
1bef25e8-dec6-4d22-88d2-80ac50fe871f,3,B,Meu grupo mudou toda a campanha de última hora. slk,0,none,estressado,namoro,0,0,0,none,,,,,São Luís
41911ecb-b62d-49c0-97af-a24bc10ec70c,2,A,"essa chuva apareceu do nada, você vai no rolê da Lagoa?",1,explicita,triste,amizade,1,1,1,gastronomico,comer sushi,hoje à noite,no Chopp da Fábrica,sushi,São Luís
5d8ee4cc-5227-48fe-9798-7247b31af9e0,2,A,a obra do estágio tá uma loucura. 🤣,0,none,animado,namoro,0,0,0,none,,,,,São Luís
00fe2242-94d1-42e2-959d-e1c021b00f83,1,B,Bora fugir da rotina hojjjje.,1,implicita,animado,namoro,0,0,0,casual,,,,,São Luís
18bbe9de-0a81-4d18-89bc-0aa073b2e6f5,8,A,React acabou com meu psicológico. mano,0,none,feliz,ficante,0,0,0,none,,,,,São Luís
d94f6fdd-558a-428d-bced-21f5aef52d37,2,A,hoje foi puxado demais..,0,none,saudoso,colega_trabalho,0,0,0,none,,,,,São Luís
65be3a79-b59f-4dfe-9d5d-2c158d490c06,0,A,Partiu rolê hoje?,1,implicita,empolgado,ex,0,0,0,casual,,,,,São Luís
ba38ffbd-9738-4fcc-9f53-53dc01678463,4,A,A aula prática acabou comigo.,0,none,animado,ex,0,0,0,none,,,,,São Luís
7984b029-4434-4ad2-b12f-69e2876fc176,3,B,Opa queria muito tomar um açaí contigo,1,explicita,empolgado,namoro,0,1,1,praia,tomar um açaí,domingo no fim da tarde,na Praia do Calhau,açaí,São Luís
92c14648-b607-4102-8ad1-5be64d351d28,4,A,Esse calor tá insuportável,1,implicita,entediado,namoro,0,0,0,casual,,,,,São Luís
37a38461-4513-425b-bffd-51b83024d4ce,4,A,Cliente sumiu depois do orçamento.,0,none,animado,crush,0,0,0,none,,,,,São Luís
a5af28e1-cb27-4b5e-8210-788ad19d2ddc,6,A,passei o dia ouvindo reggae.,0,none,apaixonado,match_tinder,0,0,0,none,,,,,São Luís
6826df5d-f92c-426c-8467-e0e99aed9db5,1,B,"esse calor tá insuportável, vc vai no arraial?",1,explicita,saudoso,crush,1,1,1,cinema,pegar um cinema,mais tarde,no Haruki,cinema,São Luís
2ca6a9b6-486f-4484-a25d-c42eec93c794,4,A,topei,1,implicita,feliz,crush,0,0,0,casual,,,,,São Luís
e6ab8f87-3915-46fc-aabd-6496e5b193ed,4,A,"Oi, tudo bem? pensei da gente tomar um litrão na extensão da Litorânea",1,explicita,feliz,ex,1,1,1,praia,tomar um litrão,hoje à noite,na extensão da Litorânea,bar,São Luís
ee934b89-3c97-4675-85d6-37fd615c06a2,1,B,a aula prática foi intensa hojje. cara,0,none,saudoso,colega_trabalho,0,0,0,none,,,,,São Luís
a045410e-ab8a-47b5-a967-7139f861e48d,9,B,Hoje foi puxado demais olha,0,none,cansado,ficante,0,0,0,none,,,,,São Luís
18bbe9de-0a81-4d18-89bc-0aa073b2e6f5,9,B,Tô no mesmo barcco,0,none,feliz,ficante,0,0,0,none,,,,,São Luís
d6032dfa-646c-411f-8ea3-ea27dac9c9ef,1,B,Que sufoco vei,1,implicita,apaixonado,ficante,0,0,0,casual,,,,,São Luís
8c0666e1-ccb9-46ac-9016-259307971439,3,B,irmão que sofrimentto,1,implicita,apaixonado,contatinho,1,0,0,casual,,,,,São Luís
0aba687a-d6aa-482a-b864-2a695efdda9f,7,B,Passei o dia ouvindo reggae. 🥲,0,none,triste,contatinho,0,0,0,none,,,,,São Luís
5d8ee4cc-5227-48fe-9798-7247b31af9e0,3,B,Que situação hein,0,none,animado,namoro,0,0,0,none,,,,,São Luís
d5d43cc0-12ef-4464-8755-78659e4e3a85,5,B,A academia tava lotada demais. 💀,0,none,empolgado,colega_trabalho,0,0,0,none,,,,,São Luís
905c785d-c8ed-40d6-91e3-8bce28f55946,1,B,react acabou com meu psicológicooo. 🤣,0,none,apaixonado,colega_trabalho,0,0,0,none,,,,,São Luís
27ab99f2-8f31-4e60-ba27-50f0f27445d5,1,B,Eu entendo viu,1,explicita,triste,crush,1,1,1,casual,ouvir música ao vivo,quando tu sair da faculdade,no Talking Blues,bar,São Luís
8d33e25a-e31e-43b1-88c4-236cff54ae61,5,B,Tu toparia um rolê aleatório? 😭,1,implicita,estressado,ex,1,0,0,casual,,,,,São Luís
76fcf41c-7f4f-479e-91cc-7bf420082ea0,7,B,passei horas escolhendo tipografia.,0,none,saudoso,crush,0,0,0,none,,,,,São Luís
24bf4edd-e6f3-40b5-a7db-363dc1658ac8,1,B,Que situação hein,1,explicita,cansado,crush,1,1,1,praia,tomar um energético,amanhã depois da aula,no Quintal da Vila,bar,São Luís
669cd463-c609-4740-a3e8-6e0598f731eb,6,A,Oxe que isso gente,0,none,apaixonado,crush,0,0,0,none,,,,,São Luís
04349358-d2ec-47ed-bf61-345156656045,3,B,oxe que isso,1,explicita,estressado,ficante,0,1,1,cinema,assistir filme,hoje depois das 19h,no Centro Histórico,cinema,São Luís
36ed706b-f65f-4c6b-8b78-b6efaf674465,4,A,Nem me fala,1,explicita,feliz,ex,0,1,1,gastronomico,comer tapioca,mais tarde,no Golden Shopping,tapioca,São Luís
743ab7e4-533f-49bb-a137-58b5a668875d,5,B,Simbora! slk,1,explicita,animado,namoro,0,1,1,praia,ver o mar,sábado à tarde,no Ceprama,,São Luís
985cf257-7b1a-46d7-8e94-9c0225d13f1f,1,B,tá brincando,1,implicita,empolgado,match_tinder,0,0,0,casual,,,,,São Luís
7d7b1ab0-d8d0-46fa-8591-2f20f7d3c0f3,5,B,Tô no mesmo barco,0,none,saudoso,ficante,0,0,0,none,,,,,São Luís
d7dd70ce-f414-42d5-9ba1-bc91d8c5579e,1,B,Irmão que sofrimento,1,explicita,feliz,ex,0,1,1,praia,tomar sorvete,de madrugada mesmo kkkkk,na Feirinha São Luís,sorvete,São Luís
056ba82c-0507-4f12-a5fa-a896f350facc,3,B,Tá brincando,0,none,empolgado,ficante,0,0,0,none,,,,,São Luís
d65ff553-6090-4afa-aafb-dd474398ff45,0,A,opa,1,explicita,feliz,namoro,0,1,1,gastronomico,comer pastel,amanhã,na Praia do Calhau,pastel,São Luís
5d2fc3ca-3c9d-4448-ba82-aee3b8ea2175,4,A,Minhas costas tão destruídas de tanto atender 😭,0,none,entediado,contatinho,0,0,0,none,,,,,São Luís
3a67196d-28ab-4ba1-b538-75c0b42fde8f,1,B,Fiquei preso no trânsito do Cohafuma. 😩,1,explicita,apaixonado,crush,0,1,1,casual,ficar conversando,hoje à noite,no Armazém,,São Luís
a8a7f8b0-7efa-47df-9efb-f9a900459145,2,A,e aí doido tu anima ir no roots bar comigo?,1,explicita,apaixonado,match_tinder,1,1,1,praia,tomar um litrão,sábado de noite,no Roots Bar,bar,São Luís
76fcf41c-7f4f-479e-91cc-7bf420082ea0,2,A,A obra do estágio tá uma loucura. socorro,0,none,saudoso,crush,0,0,0,none,,,,,São Luís
af665044-0564-4d95-ad02-fdd862360d36,7,B,Minha maquete desmontou toda.,0,none,saudoso,namoro,0,0,0,none,,,,,São Luís
df76e2ec-ddf7-463a-ab79-84d5b7eb0284,1,B,Passei raiva no trânsito hoje,1,explicita,animado,crush,0,1,1,casual,jogar sinuca,mais tarde,na Praia do Araçagy,bar,São Luís
8691e9c8-64b9-4cf4-8711-b17233e9eb27,5,B,que sufocccco,1,implicita,estressado,namoro,0,0,0,casual,,,,,São Luís
b1671209-7231-4c96-94e4-ebdc4dab753d,0,A,Falaa kkkkkkk,1,explicita,entediado,colega_trabalho,0,1,1,praia,tomar um energético,domingo de manhã,na Praia do Olho d'Água,bar,São Luís
de1d46d7-4e98-4101-a29a-9a4038f8faf5,9,B,Parece a minha semana,0,none,cansado,colega_trabalho,0,0,0,none,,,,,São Luís
e3079087-d433-41e9-8b0a-a438f3263196,4,A,São Luís virou um fornoooo. kkkk,1,explicita,entediado,crush,1,1,1,praia,tomar um açaí,sexta depois da faculdade,no Talking Blues,açaí,São Luís
7d55fab9-0a22-443f-a758-996a8d28186a,0,A,bora viver? olha,0,none,animado,match_tinder,0,0,0,none,,,,,São Luís
e9816732-5617-425b-82a1-dded52dc872f,1,B,Eu entendo viu,1,explicita,feliz,ex,0,1,1,casual,ver as luzes da cidade,depois do estágio,no Espigão Costeiro,,São Luís
e71b7d66-8e6c-4192-8624-9ba0a018acff,1,B,Boa sorte aí kkk,1,implicita,feliz,ficante,0,0,0,casual,,,,,São Luís
f4faf563-671c-4c8a-8d3a-9f205a8d3515,2,A,Eu entendo viiiiu 🥲,1,explicita,cansado,namoro,0,1,1,gastronomico,comer sushi,sábado à tarde,ali no Renascença,sushi,São Luís
985cf257-7b1a-46d7-8e94-9c0225d13f1f,3,B,Essa chuva apareceu do nadddda.,1,implicita,empolgado,match_tinder,0,0,0,casual,,,,,São Luís
5093dbca-a474-411a-b145-0cf09476fe1a,4,A,Demais mesmo,0,none,entediado,crush,0,0,0,none,,,,,São Luís
ac3b8473-a28e-443f-953a-6a4a16c47ce5,6,A,Passei o dia atolado de processo kkkkkkk,0,none,carente,crush,0,0,0,none,,,,,São Luís
df76e2ec-ddf7-463a-ab79-84d5b7eb0284,0,A,Sobreviveu à semana?,1,explicita,animado,crush,0,1,1,casual,jogar sinuca,mais tarde,na Praia do Araçagy,bar,São Luís
29e737c2-9a6d-45ad-8f0c-06e2355cb122,5,B,Tava com saudade de conversar contigo,1,implicita,saudoso,amizade,0,0,0,casual,,,,,São Luís
0488b568-dcdc-4793-a13a-25677af54ff7,1,B,Passei o dia ouvindo reggae.,0,none,cansado,ficante,0,0,0,none,,,,,São Luís
322e846d-47ce-47ee-896c-96fbe5c76a39,4,A,Opa a gente podia aproveitar e ir pra praia amanhã? kkkk,1,explicita,cansado,ficante,0,1,1,praia,ir pra praia,amanhã,no Reviver,praia,São Luís
6d3375ee-feaf-4a92-91bb-fc732fa28cea,2,A,Não consegui prar um minuto hoje.,0,none,cansado,crush,0,0,0,none,,,,,São Luís
9b6a0e89-91b9-40c2-8d5a-954abec52f71,1,B,Que situação hein,0,none,saudoso,colega_trabalho,0,0,0,none,,,,,São Luís
4b1fed26-e963-4f23-9ba6-6198986de253,4,A,Que sufoco,0,none,cansado,contatinho,0,0,0,none,,,,,São Luís
92e66e52-0278-4ff9-8a95-d3151770d9e4,2,A,A chuva caiu bem na hora que saí cara,1,implicita,entediado,amizade,0,0,0,casual,,,,,São Luís
b1671209-7231-4c96-94e4-ebdc4dab753d,4,A,Oii partiu tomar um energético na Praia do Olho d'Água domingo de manhã?,1,explicita,entediado,colega_trabalho,0,1,1,praia,tomar um energético,domingo de manhã,na Praia do Olho d'Água,bar,São Luís
a045410e-ab8a-47b5-a967-7139f861e48d,2,A,meu jaleco tá só sofrimento.,0,none,cansado,ficante,0,0,0,none,,,,,São Luís
fb4a92d2-eae5-468d-b4d2-8304fa39edfa,6,A,Cliente sumiu depois do orçamento. socorro,0,none,triste,match_tinder,0,0,0,none,,,,,São Luís
c051fb15-5dba-4973-a911-39b28d39b664,3,B,Que fim levou tu? partiu no Centro Histórico hoje?,1,explicita,animado,namoro,0,1,1,gastronomico,comer tapioca,hoje,no Centro Histórico,tapioca,São Luís
70278b4e-2283-45b6-9cbe-aab3bb30b8f5,1,B,"essa chuva apareceu do nada, vc vai no arraial? aff",1,implicita,cansado,namoro,1,0,0,casual,,,,,São Luís
a66bd541-71c0-4d1d-9d21-74a245ac06a8,5,B,Tô animado(a) jááá,1,explicita,saudoso,namoro,0,1,1,shopping,dar rolê no shopping,sexta depois da faculdade,no Roots Bar,shopping,São Luís
c91ddaf4-cd06-4759-9344-a512cbebe819,9,B,Meu estágio tá cheio essa semana.,0,none,carente,amizade,0,0,0,none,,,,,São Luís
2f4c7ffb-d0e1-4603-94ec-5bc67dbb6808,5,B,Kkkkk conta essa história mano,0,none,triste,match_tinder,0,0,0,none,,,,,São Luís
e3e24ad2-1e9a-4cf9-beb9-bb3cb21c4137,3,B,Irmão que sofrimentttto,1,implicita,entediado,ficante,0,0,0,casual,,,,,São Luís
9b13002f-a9a3-4557-8147-6a7b5d9b9919,0,A,Tu tá onde? aff,1,implicita,animado,colega_trabalho,0,0,0,casual,,,,,São Luís
07ecade8-33f8-4681-b14f-df56d2cd63b1,0,A,Ei sumiço,0,none,animado,colega_trabalho,0,0,0,none,,,,,São Luís
aef29701-94a0-40de-8122-0a8d249ad0b1,3,B,Tô no mesmo barco 💀,0,none,carente,colega_trabalho,0,0,0,none,,,,,São Luís
214f0403-3280-47fa-a5fc-36255d888907,2,A,Não consegui parar um minuto hojje. 🥲,0,none,apaixonado,colega_trabalho,0,0,0,none,,,,,São Luís
ee3d6104-68dd-46e5-9b55-8dc6295f6ba9,4,A,Minha mãe já tá perguntando quando vou casar,0,none,empolgado,colega_trabalho,0,0,0,none,,,,,São Luís
47528c63-855b-4093-b1fb-82320881913e,3,B,Que sufoco kkkk,0,none,entediado,ex,0,0,0,none,,,,,São Luís
122ed69a-a778-453b-8560-63b437dd55cc,1,B,Nem me fala gente,1,implicita,feliz,namoro,1,0,0,casual,,,,,São Luís
76732eca-f85d-4528-895b-4a57602dd95c,1,B,Oi meu amor bora andar pela litorânea no Haruki?,1,explicita,apaixonado,ficante,0,1,1,praia,andar pela litorânea,hoje,no Haruki,,São Luís
4f9305a5-2ce6-44a1-9f9b-1f0a6f43ac01,1,B,irmão que sofrimento cara,1,explicita,entediado,ex,1,1,1,casual,ouvir música ao vivo,hoje à noite,no Quintal da Vila,bar,São Luís
e03116e3-3509-4376-a127-e964674e5d5c,1,B,A vida é assim mesmo né mds,1,explicita,animado,colega_trabalho,0,1,1,casual,comer açaí na tigela,hoje depois das 19h,no The Rock Pub,açaí,São Luís
0d91476b-731b-43be-bbba-e4999c55b5b3,1,B,Minhas costas tão destruídas de tanto atender.,0,none,empolgado,amizade,0,0,0,none,,,,,São Luís
342d880e-b09a-4f8c-93f8-2199aed39d7a,1,B,passei o dia resolvendo problema de cliente,0,none,triste,match_tinder,0,0,0,none,,,,,São Luís
9b76c837-3313-4c36-9d34-0eb6f8cd6814,2,A,oxe que isso olha,1,implicita,empolgado,ficante,1,0,0,casual,,,,,São Luís
066b1903-c186-4142-b9e8-4e218ca17530,3,B,Falaa tu anima ir lá no Cohatrac comigo?,1,explicita,apaixonado,match_tinder,0,1,1,casual,dar uma volta,nesse final de semana,lá no Cohatrac,,São Luís
37510ff5-cba9-4321-a50f-39a1ff160d2f,3,B,Boa sorte aí kkk,0,none,empolgado,colega_trabalho,0,0,0,none,,,,,São Luís
37a38461-4513-425b-bffd-51b83024d4ce,9,B,demais mesmo,0,none,animado,crush,0,0,0,none,,,,,São Luís
0aba687a-d6aa-482a-b864-2a695efdda9f,6,A,Tá brincando 😩,0,none,triste,contatinho,0,0,0,none,,,,,São Luís
f775ab8a-8291-4bba-9605-ef93bccf4ac4,4,A,Como tu tá? tava afim de dar rolê no shopping na extensão da Litorânnnnea aff,1,explicita,feliz,amizade,0,1,1,shopping,dar rolê no shopping,hoje depois das 19h,na extensão da Litorânea,shopping,São Luís
74e40547-834d-4352-b9e8-43be83d2a327,6,A,Passei a madrugada editando vídeo,0,none,entediado,ex,0,0,0,none,,,,,São Luís
1721f3fc-f5a0-41df-86c2-05c9430e9863,2,A,O PIX caiu só agora.,1,explicita,animado,ficante,0,1,1,casual,dar uma volta,amanhã depois da aula,no Quintal da Vila,,São Luís
3b6bacb3-f59f-4832-9a0a-0f2055a65edf,1,B,A vida é assim mesmo né,1,explicita,triste,namoro,0,1,1,praia,tomar café gelado,domingo no fim da tarde,na Casa do Maranhão,café,São Luís
54c822f8-2a77-4552-974f-9cb5730c874b,2,A,Tô duro até o próximo pagamento.,1,explicita,saudoso,amizade,0,1,1,gastronomico,lançar um sushi,hoje depois das 19h,lá pras bandas do Turu,sushi,São Luís
01e94c64-86bf-4826-ad1f-9cf63641e3ca,3,B,oxe que isso,0,none,entediado,match_tinder,0,0,0,none,,,,,São Luís
86721d7f-56ab-40ee-bd53-106b087448a3,3,B,Demais mesmo,1,implicita,apaixonado,crush,0,0,0,casual,,,,,São Luís
3c8119fa-f4c3-4f2b-a6af-31d0caec14fe,3,B,Ei sumiço tu anima ir lá pras bandas do Turu comigo? kkkk,1,explicita,saudoso,ex,1,1,1,praia,tomar café gelado,quando acabar esse calor infernal,lá pras bandas do Turu,café,São Luís
043c789c-adbc-460f-acd5-9d04ecdaf46e,5,B,Demais mesmo mds,1,explicita,estressado,ex,1,1,1,cinema,assistir filme,de madrugada mesmo kkkkk,no Bar do Léo,cinema,São Luís
25b9b0b0-a25f-4350-b175-d34e4b2d9f82,2,A,Topei!,1,explicita,empolgado,ex,0,1,1,gastronomico,comer tapioca,mais tarde,no Bar do Léo,tapioca,São Luís
b072e731-a3d4-4570-897e-8b0902122a23,3,B,Tá brincandoooo aff,1,explicita,carente,crush,1,1,1,casual,jogar sinuca,de madrugada mesmo kkkkk,no Shopping da Ilha,bar,São Luís
61d8ce67-f2e5-439a-a5c5-b8fff6780fe2,6,A,Topei! vei,1,implicita,entediado,crush,0,0,0,casual,,,,,São Luís
318d26b4-18cf-4308-8550-96d0bc1b5d26,0,A,Sobreviveu à semannna?,1,explicita,empolgado,match_tinder,0,1,1,shopping,dar rolê no shopping,quando tu sair da faculdade,no Roots Bar,shopping,São Luís
bdfe384e-ad48-4d8e-8804-4489c5a1efaf,3,B,Tu me deve um sushi ainda,1,implicita,carente,crush,0,0,0,casual,,,,,São Luís
e75fd67f-9888-43e6-bab9-bae887c1ed91,5,B,Meu Deus tu sumiu bora sair pra dar rolê no shopping? 💀,1,explicita,saudoso,crush,0,1,1,shopping,dar rolê no shopping,quando tu sair da faculdade,no Fitó,shopping,São Luís
ba38ffbd-9738-4fcc-9f53-53dc01678463,1,B,Tô cansado dessa burocracia.,0,none,animado,ex,0,0,0,none,,,,,São Luís
5e33b9b1-ee27-46a4-810b-0f80b37428a8,7,B,meu estágio na academia foi puxado. 🥲,0,none,estressado,contatinho,0,0,0,none,,,,,São Luís
ca127856-fa03-4bca-b9e6-c0a1fd544d28,4,A,Quero demais!,1,explicita,entediado,namoro,0,1,1,casual,ouvir música ao vivo,sexta depois da faculdade,na Praça Gonçalves Dias,bar,São Luís
b38f1caa-adc4-4733-a658-dd2f1bd7a6a0,2,A,O trânsito tá impossível hoje.,1,implicita,cansado,contatinho,0,0,0,casual,,,,,São Luís
6497d2b8-ad04-4e2e-8a2a-ea9d10470d4f,4,A,A gente não se vê faz tempo. kkkkkkk,1,implicita,saudoso,contatinho,0,0,0,casual,,,,,São Luís
3c43011e-cc47-496c-89f1-c9f81a5a6e11,0,A,Oii,0,none,carente,colega_trabalho,0,0,0,none,,,,,São Luís
049e449b-0404-469b-96fb-79dc5bf3246b,2,A,A obra do estágio tá uma loucura.,0,none,apaixonado,colega_trabalho,0,0,0,none,,,,,São Luís
d8c89af2-deef-426c-937a-52d0fb26fff4,5,B,Fiz entrevista hoje. 😭,0,none,saudoso,match_tinder,0,0,0,none,,,,,São Luís
94873b2c-cc4a-41f0-b28d-8d94e2f327b0,1,B,A vida é assim mesmo né slk,0,none,entediado,ex,0,0,0,none,,,,,São Luís
122ed69a-a778-453b-8560-63b437dd55cc,0,A,Oi meu amorrrr,1,implicita,feliz,namoro,1,0,0,casual,,,,,São Luís
47c2008f-1eba-4feb-84b3-ecab3b1dde26,5,B,nossa sim!!!!! gente,1,explicita,feliz,crush,0,1,1,praia,tomar um café,hoje à noite,ali pelo Calhau,café,São Luís
79d11238-deef-4741-b53e-0e5c72f26971,2,A,A vida é assim mesmo né,1,explicita,empolgado,amizade,0,1,1,praia,ir pra praia,de madrugada mesmo kkkkk,no The Rock Pub,praia,São Luís
8b970774-803c-47ea-af58-363e2c8ab364,0,A,Oi criatura socorro,1,implicita,apaixonado,ficante,1,0,0,casual,,,,,São Luís
509482db-43a1-4b4d-bb63-b96ebdf69225,3,B,passei a madrugada editando vídeoooo,0,none,animado,namoro,0,0,0,none,,,,,São Luís
61baa435-a650-47f0-9ce6-abb9ebb130dc,0,A,Opa meu consagrado,0,none,feliz,match_tinder,0,0,0,none,,,,,São Luís
6263e846-c12e-47d2-a75e-3ce775667b02,5,B,boa sorte aí kkk mds,1,explicita,animado,crush,1,1,1,cinema,pegar um cinema,de madrugada mesmo kkkkk,no Amsterdam Music Pub,cinema,São Luís
102d56c7-a3f5-4f93-97cc-fb78ef1ff8ab,2,A,Saudade de sair com tu,1,implicita,estressado,ficante,1,0,0,casual,,,,,São Luís
0140bf1f-34f8-4bdd-956f-e8d9136247f0,2,A,passei a madrugada editando vídeo.,0,none,triste,contatinho,0,0,0,none,,,,,São Luís
1c7f584c-886d-478f-ac3b-1a89835e60ea,2,A,E aí doido topa comer açaí na tigela de madrugada mesmo kkkkk,1,explicita,carente,match_tinder,0,1,1,casual,comer açaí na tigela,de madrugada mesmo kkkkk,no Armazém,açaí,São Luís
5150ef08-ffee-4497-af3f-a632cd2dec12,1,B,demais mesmo pai d'égua,1,explicita,animado,crush,0,1,1,gastronomico,comer um lanche,hoje à noite,lá pras bandas do Turu,lanche,São Luís
cfa593ed-f043-496e-9209-95a69f27c529,2,A,passei horas escolhendo tipografia.,0,none,triste,namoro,0,0,0,none,,,,,São Luís
049e449b-0404-469b-96fb-79dc5bf3246b,4,A,A planilha financeira acabou comigo....,0,none,apaixonado,colega_trabalho,0,0,0,none,,,,,São Luís
3dfd0f9f-f054-4ac6-8912-ca0cb3d03a39,3,B,Boa ideia! Me avisa,1,explicita,apaixonado,namoro,0,1,1,casual,dar uma volta,quando tu sair da faculdade,no Shopping da Ilha,,São Luís
28d6961d-28d3-427e-bb83-e847bf9eebdf,4,A,nem me fala cara,1,explicita,animado,colega_trabalho,0,1,1,praia,tomar um litrão,sábado de noite,na Praia do Calhau,bar,São Luís
a32e8e26-4c4f-43e1-b32d-a41cbd5d0d38,2,A,Oxe que isso 😭,1,explicita,entediado,namoro,1,1,1,gastronomico,comer sushi,domingo no fim da tarde,no Armazém,sushi,São Luís
29e737c2-9a6d-45ad-8f0c-06e2355cb122,4,A,Oxe que isso,1,implicita,saudoso,amizade,0,0,0,casual,,,,,São Luís
06744053-84f4-478f-8682-be02ea5d6b90,3,B,Bora siiim!,1,explicita,triste,colega_trabalho,1,1,1,bar,ir num barzinho,domingo de manhã,na praça de alimentação do Rio Anil,bar,São Luís
22a1a8fd-970a-4522-b868-ec48495bcfcb,3,B,Nem me fala,1,implicita,animado,amizade,0,0,0,casual,,,,,São Luís
9943e8fb-5fcd-4812-9051-8191e64808d0,4,A,Boa sorte aí kkk aff,0,none,saudoso,ex,0,0,0,none,,,,,São Luís
cfa593ed-f043-496e-9209-95a69f27c529,0,A,e aí doido,0,none,triste,namoro,0,0,0,none,,,,,São Luís
cd47b5f7-9ca4-4cb9-b7ea-420722600a4b,4,A,São Luís virou um fornoooo,1,explicita,feliz,contatinho,1,1,1,gastronomico,comer tapioca,domingo de manhã,lá pras bandas do Turu,tapioca,São Luís
b81d4f95-2bed-411a-9c08-39754d5045db,1,B,Tu tá onde? simbora na Praia do Calhau mais tarde?,1,explicita,apaixonado,colega_trabalho,1,1,1,casual,comer açaí na tigela,depois do estágio,na Praia do Calhau,açaí,São Luís
7c5df2b7-6d08-4f7d-842b-a8d89bbfe196,1,B,Demais mesmo pai d'égua,1,implicita,saudoso,contatinho,0,0,0,casual,,,,,São Luís
2da296b2-e584-4c09-a7ca-dae9323f63ce,3,B,Quero demais! gente,1,explicita,entediado,contatinho,0,1,1,cinema,assistir filme,amanhã,na Praia do Olho d'Água,cinema,São Luís
a290a8c5-5dc4-44d8-b8d4-88e76ea2a986,2,A,O trânsito tá impossível hoje. olha,1,implicita,animado,amizade,0,0,0,casual,,,,,São Luís
c4638875-e9fa-43e8-9b04-d27848f497f9,6,A,Oxe que isso 🤣,0,none,saudoso,namoro,0,0,0,none,,,,,São Luís
3ea4a35f-65d5-4133-9b04-0cdb17b7bec5,1,B,Kkkkk conta essa história,1,implicita,feliz,namoro,0,0,0,casual,,,,,São Luís
ae39fffe-5536-4a29-921d-ad9e27d4400a,5,B,tá brincando 🥲,0,none,animado,ficante,0,0,0,none,,,,,São Luís
2d3b56ba-57e5-4332-9067-fba04d266263,9,B,Verdade demais 😩 🤣,0,none,cansado,namoro,0,0,0,none,,,,,São Luís
4cc732a6-400b-4ef0-8c77-bcb88d0f3e90,2,A,A aula de psicopatologia acabou comigo. pai d'égua,0,none,saudoso,match_tinder,0,0,0,none,,,,,São Luís
af6231f2-b3f4-48c8-b592-2faf636f5adc,6,A,Tô cansado até pra cozinhar,0,none,carente,contatinho,0,0,0,none,,,,,São Luís
a059dde4-e9a4-466d-b18c-db06641c83b2,5,B,passei o dia atendendo cliente vei,0,none,apaixonado,match_tinder,0,0,0,none,,,,,São Luís
9b6a0e89-91b9-40c2-8d5a-954abec52f71,10,A,Passei o dia ouvindo reggae,0,none,saudoso,colega_trabalho,0,0,0,none,,,,,São Luís
8c0666e1-ccb9-46ac-9016-259307971439,4,A,Saudade de sair com tu. pai d'égua,1,implicita,apaixonado,contatinho,1,0,0,casual,,,,,São Luís
c62f5e04-724d-44dd-a356-41958b3870b8,2,A,o trânsito tá impossível hoje..,1,explicita,cansado,amizade,0,1,1,bar,beber cerveja,quando tu sair da faculdade,no Anjo da Guarda,bar,São Luís
1362e2bd-4b4b-4adb-afb8-c6e6fbe76dfb,1,B,que situação hein,1,implicita,entediado,amizade,0,0,0,casual,,,,,São Luís
c3c32de5-ad07-44c9-b26a-f9dc834878a2,0,A,Ei sumiçoooo,1,explicita,carente,amizade,1,1,1,cinema,pegar um cinema,hoje à noite,no Shopping da Ilha,cinema,São Luís
056ba82c-0507-4f12-a5fa-a896f350facc,8,A,passei horas corrigindo bug. cara,0,none,empolgado,ficante,0,0,0,none,,,,,São Luís
3ea4a35f-65d5-4133-9b04-0cdb17b7bec5,0,A,Oi criatura aff,1,implicita,feliz,namoro,0,0,0,casual,,,,,São Luís
8ed60e73-f82d-49b8-963a-afe8d085d28d,0,A,E aí meu patrão 😩,1,explicita,feliz,contatinho,0,1,1,gastronomico,comer uma pizza,sexta depois da faculdade,no Anjo da Guarda,pizza,São Luís
21f4a253-743d-469a-979e-6db5e8ee1f05,3,B,Passei o dia resolvendo problema de cliente.,0,none,estressado,contatinho,0,0,0,none,,,,,São Luís
5d119e80-6150-4267-822d-4c8bc6b25dcd,5,B,Tá brincandddo misericórdia,1,implicita,saudoso,match_tinder,1,0,0,casual,,,,,São Luís
d58161bf-78a6-42d6-af0c-cc08cd7a9b2c,2,A,o trânsito tá impossível hoje,1,explicita,feliz,amizade,0,1,1,gastronomico,lançar um sushi,quando acabar esse calor infernal,no Bar do Léo,sushi,São Luís
2d6775b9-5ff7-4e72-b0c2-0143b6567fbc,2,A,"esse calor tá insuportável, vc vai no reggae?",1,explicita,animado,amizade,1,1,1,praia,tomar um café,domingo de manhã,no Cabana do Sol,café,São Luís
6beeaa88-4cfe-4dd1-bdec-66ce1c629386,4,A,Fiquei preso no trânsito do Cohafuma,1,explicita,apaixonado,crush,0,1,1,praia,tomar um açaí,sexta depois da faculdade,no Amsterdam Music Pub,açaí,São Luís
04349358-d2ec-47ed-bf61-345156656045,5,B,Oxe que isso,1,explicita,estressado,ficante,0,1,1,cinema,assistir filme,hoje depois das 19h,no Centro Histórico,cinema,São Luís
1362e2bd-4b4b-4adb-afb8-c6e6fbe76dfb,7,B,Quero demais!,1,implicita,entediado,amizade,0,0,0,casual,,,,,São Luís
973c8043-c198-4428-9265-05c14bc98910,1,B,Fiquei preso no trânsito do Cohafuma mano,1,implicita,feliz,colega_trabalho,0,0,0,casual,,,,,São Luís
c62f5e04-724d-44dd-a356-41958b3870b8,1,B,tá brincando 😭,1,explicita,cansado,amizade,0,1,1,bar,beber cerveja,quando tu sair da faculdade,no Anjo da Guarda,bar,São Luís
49d3485b-0a8a-4726-ac57-ac32bdb4d176,3,B,Topei!,1,explicita,triste,match_tinder,1,1,1,cinema,pegar um cinema,amanhã depois da aula,na Casa do Maranhão,cinema,São Luís
86721d7f-56ab-40ee-bd53-106b087448a3,2,A,Peguei ônibus lotado hoje cedo. 💀,1,implicita,apaixonado,crush,0,0,0,casual,,,,,São Luís
07ecade8-33f8-4681-b14f-df56d2cd63b1,3,B,Tô morto depois do treino.,0,none,animado,colega_trabalho,0,0,0,none,,,,,São Luís
a198eec5-512f-4874-98c0-e7632b6b3b2c,2,A,Eu entendo vviu,0,none,carente,ficante,0,0,0,none,,,,,São Luís
94873b2c-cc4a-41f0-b28d-8d94e2f327b0,7,B,Demais mesmmmo,0,none,entediado,ex,0,0,0,none,,,,,São Luís
3194e5a3-a0e2-4c1b-b84b-9d3831446852,2,A,A prova de algoritmo foi absurda,0,none,apaixonado,colega_trabalho,0,0,0,none,,,,,São Luís
d6a3e583-6601-4b9f-adc3-6359c2504774,1,B,Tá brincando,0,none,carente,ficante,0,0,0,none,,,,,São Luís
9e0d7f6a-127d-4942-95b6-958632041340,3,B,tô no mesmo barco 🥲,1,implicita,estressado,amizade,0,0,0,casual,,,,,São Luís
4b977b73-6679-48e9-9627-c5bbb8e5ce54,1,B,Tô no mesmo barco slk,0,none,estressado,match_tinder,0,0,0,none,,,,,São Luís
32b06998-116d-4d9f-b731-a897160f82f1,5,B,E aí meu patrão bora sair pra comer sushi? socorro,1,explicita,empolgado,ficante,1,1,1,gastronomico,comer sushi,sábado de noite,no Talking Blues,sushi,São Luís
87a4d620-37b6-4236-bd50-1c68e4667f10,0,A,Como tu tá? né não,1,implicita,apaixonado,match_tinder,1,0,0,casual,,,,,São Luís
080abe56-ed68-450a-91c6-c0ea15afdc24,4,A,E aí gata topa ouvir música ao vivo nesse final de semana?,1,explicita,apaixonado,match_tinder,0,1,1,casual,ouvir música ao vivo,nesse final de semana,no Ceprama,bar,São Luís
ace9dbf7-f8d2-4823-8fe2-1a5e19fac4ba,1,B,"fim de semana chegou finalmente, você vai no show da Litorânea? aff",1,implicita,animado,crush,1,0,0,casual,,,,,São Luís
05d3a12f-cd71-4cc9-b295-a7c83a0a5e5d,3,B,Nossa sim!! mah,1,explicita,empolgado,contatinho,0,1,1,praia,tomar um drink,sábado à tarde,na Casa do Maranhão,bar,São Luís
495402ff-af9c-4cc9-8fe3-ebdbbd4caf32,0,A,Bora viver? slk,0,none,cansado,ex,0,0,0,none,,,,,São Luís
ccf5040c-e1d0-40ed-b9ab-e3803aec0d59,5,B,demais mesmo,1,explicita,entediado,crush,0,1,1,praia,ir pra praia,sexta depois da faculdade,no Haruki,praia,São Luís
3c43011e-cc47-496c-89f1-c9f81a5a6e11,3,B,Nem me fala,0,none,carente,colega_trabalho,0,0,0,none,,,,,São Luís
f98639e0-5dfe-4a47-a6d9-98b074346fdc,0,A,oi meu amor,1,explicita,entediado,namoro,0,1,1,bar,ir num barzinho,domingo de manhã,no Golden Shopping,bar,São Luís
7044f0d5-61bf-48db-b4f8-11f556dcd8c0,1,B,Nem me falaaaa,1,explicita,feliz,crush,1,1,1,gastronomico,comer sushi,sábado à tarde,ali pelo Calhau,sushi,São Luís
88fceb6e-8415-4e7c-adbc-0077ab85592a,0,A,opa,1,explicita,animado,contatinho,0,1,1,praia,comer um camarão,domingo de manhã,no The Rock Pub,frutos do mar,São Luís
7044f0d5-61bf-48db-b4f8-11f556dcd8c0,3,B,O trânsito tá impossível hojje. 🤣,1,explicita,feliz,crush,1,1,1,gastronomico,comer sushi,sábado à tarde,ali pelo Calhau,sushi,São Luís
ee3d6104-68dd-46e5-9b55-8dc6295f6ba9,1,B,Que sufoco,0,none,empolgado,colega_trabalho,0,0,0,none,,,,,São Luís
7984b029-4434-4ad2-b12f-69e2876fc176,0,A,meu deus tu sumiu vei,1,explicita,empolgado,namoro,0,1,1,praia,tomar um açaí,domingo no fim da tarde,na Praia do Calhau,açaí,São Luís
ace9dbf7-f8d2-4823-8fe2-1a5e19fac4ba,4,A,Tu tem uma energia boa pra sair mds,1,implicita,animado,crush,1,0,0,casual,,,,,São Luís
b9ad262d-20fb-4716-a8d2-0be8185f967b,2,A,Boa sorte aí kkk,0,none,saudoso,crush,0,0,0,none,,,,,São Luís
66bbc389-05e6-4aec-8d46-4246a2382539,1,B,Demais mesmooo,1,explicita,saudoso,amizade,0,1,1,casual,dar uma volta,depois da prova,ali no Renascença,,São Luís
6d3375ee-feaf-4a92-91bb-fc732fa28cea,3,B,A vida é assim mesmo né,0,none,cansado,crush,0,0,0,none,,,,,São Luís
6b19f66a-d9de-492a-8e50-ab3091f2267e,2,A,Kkkkk conta essa históriiiia aff,1,explicita,triste,match_tinder,1,1,1,casual,dar uma volta,quando acabar esse calor infernal,no Kitaro,,São Luís
887e5dd4-37c2-49a9-9ab9-10b8c8c5f6a8,2,A,Opa meu consagrado bora beber cerveja ali no Renascença?,1,explicita,cansado,contatinho,1,1,1,bar,beber cerveja,sábado à tarde,ali no Renascença,bar,São Luís
ee3d6104-68dd-46e5-9b55-8dc6295f6ba9,3,B,Boa sorte aí kkk,0,none,empolgado,colega_trabalho,0,0,0,none,,,,,São Luís
e8c9f563-d1ad-457c-a256-1f98d33428f4,1,B,Kkkkk conta essa história vei,1,implicita,cansado,ficante,1,0,0,casual,,,,,São Luís
d65ff553-6090-4afa-aafb-dd474398ff45,2,A,A chuva caiu bem na hora que saí. 😩,1,explicita,feliz,namoro,0,1,1,gastronomico,comer pastel,amanhã,na Praia do Calhau,pastel,São Luís
d5d43cc0-12ef-4464-8755-78659e4e3a85,8,A,Nem me falaa,0,none,empolgado,colega_trabalho,0,0,0,none,,,,,São Luís
b677ca82-7cac-4673-8196-9fccb3a5bfa2,3,B,React acabou com meu psicológico,0,none,cansado,namoro,0,0,0,none,,,,,São Luís
43d18fb6-ad9c-423d-9f3e-390f37311caf,8,A,Oxe que isso kkkk,0,none,triste,amizade,0,0,0,none,,,,,São Luís
9943e8fb-5fcd-4812-9051-8191e64808d0,0,A,Como tu tá?,0,none,saudoso,ex,0,0,0,none,,,,,São Luís
0a3a6e1b-9efa-4ab5-96c5-2b987e514504,1,B,Oxe que isso misericórdia,1,implicita,entediado,colega_trabalho,0,0,0,casual,,,,,São Luís
1bef25e8-dec6-4d22-88d2-80ac50fe871f,0,A,E aí? oxe,0,none,estressado,namoro,0,0,0,none,,,,,São Luís
37a38461-4513-425b-bffd-51b83024d4ce,7,B,A vida é assim mesmo né,0,none,animado,crush,0,0,0,none,,,,,São Luís
8d0d879c-d383-44a7-8f17-e058a2b57c5e,3,B,Irmão que sofrimento vei,0,none,entediado,match_tinder,0,0,0,none,,,,,São Luís
90d4d588-aae5-492b-be60-9a82d292d706,0,A,Tu tá ondeee? oxe,1,explicita,empolgado,ficante,1,1,1,gastronomico,comer pastel,mais tarde,na Praia de São Marcos,pastel,São Luís
bd8b2b45-38ed-4aa0-93b6-115192e62bd3,2,A,oi sumida bora jogar sinuca no chopp da fábrica?,1,explicita,animado,crush,0,1,1,casual,jogar sinuca,depois do estágio,no Chopp da Fábrica,bar,São Luís
5093dbca-a474-411a-b145-0cf09476fe1a,2,A,Apresentação da campanha foi hoje,0,none,entediado,crush,0,0,0,none,,,,,São Luís
4a4e2234-2d2d-4bcb-b12c-f9ebdb71b715,7,B,boa ideia! me avisa socorro,1,explicita,cansado,crush,0,1,1,praia,tomar um drink,quando acabar esse calor infernal,na Casa do Maranhão,bar,São Luís
6d3375ee-feaf-4a92-91bb-fc732fa28cea,5,B,que sufoco,0,none,cansado,crush,0,0,0,none,,,,,São Luís
7871a07e-f026-4d2a-a32b-e51f36b029d7,1,B,Irmão que sofrimentttto,1,explicita,entediado,ex,0,1,1,praia,ver o pôr do sol,sexta depois da faculdade,na Praia do Araçagy,,São Luís
a290a8c5-5dc4-44d8-b8d4-88e76ea2a986,1,B,Oxe que isso,1,implicita,animado,amizade,0,0,0,casual,,,,,São Luís
8d33e25a-e31e-43b1-88c4-236cff54ae61,0,A,oi criatura,1,implicita,estressado,ex,1,0,0,casual,,,,,São Luís
88307367-7c1c-4a0e-a5f4-013b6da069bb,3,B,A vida é assim mesmo né,1,explicita,feliz,namoro,0,1,1,casual,ouvir música ao vivo,depois da prova,no Haruki,bar,São Luís
188a9469-5d53-4881-8ca8-e6566ee79f35,5,B,irmão que sofrimento,0,none,feliz,ex,0,0,0,none,,,,,São Luís
aef29701-94a0-40de-8122-0a8d249ad0b1,4,A,Passei o dia atolado de processssso,0,none,carente,colega_trabalho,0,0,0,none,,,,,São Luís
6bac1c8c-bc5e-4b65-89d2-e4f92f04a5b3,1,B,irmão que sofrimento,1,explicita,animado,contatinho,0,1,1,praia,tomar um açaí,hoje depois das 19h,no Armazém,açaí,São Luís
00f26a87-a604-44cb-ac50-6abb892ff7e1,1,B,Que situação hein,1,implicita,saudoso,contatinho,0,0,0,casual,,,,,São Luís
83ed66c7-6c35-4704-ae32-33be1179a8e9,1,B,Oi meu amor bora sair pra andar de carro sem rumo? cara,1,explicita,estressado,namoro,1,1,1,casual,andar de carro sem rumo,depois da prova,ali no Vinhais,,São Luís
22a1a8fd-970a-4522-b868-ec48495bcfcb,4,A,Tô indo no Mateus rapidinho. né não,1,implicita,animado,amizade,0,0,0,casual,,,,,São Luís
5d119e80-6150-4267-822d-4c8bc6b25dcd,1,B,Que situação hein,1,implicita,saudoso,match_tinder,1,0,0,casual,,,,,São Luís
7044f0d5-61bf-48db-b4f8-11f556dcd8c0,5,B,Oii partiu lançar comer sushi ali pelo Calhau sábado à tarde?? mah,1,explicita,feliz,crush,1,1,1,gastronomico,comer sushi,sábado à tarde,ali pelo Calhau,sushi,São Luís
7ced47fd-beac-4151-b4a0-e89a70e96ad3,9,B,Boa sorte aí kkk,0,none,empolgado,contatinho,0,0,0,none,,,,,São Luís
ef2b2c99-3f05-4e19-ba3b-c4e8a51afa35,4,A,Bora viver? tu vai fazer o que hoje? bora ver o pôr do sol,1,explicita,feliz,ex,1,1,1,praia,ver o pôr do sol,quando acabar esse calor infernal,no Anjo da Guarda,,São Luís
ef2b2c99-3f05-4e19-ba3b-c4e8a51afa35,0,A,E aí doido aff,1,explicita,feliz,ex,1,1,1,praia,ver o pôr do sol,quando acabar esse calor infernal,no Anjo da Guarda,,São Luís
c4638875-e9fa-43e8-9b04-d27848f497f9,0,A,Opa meu consagrado,0,none,saudoso,namoro,0,0,0,none,,,,,São Luís
1d04ffd3-a612-4d8f-b4b2-296361ed21dc,1,B,Tá brincando,1,explicita,triste,contatinho,1,1,1,praia,tomar sorvete,domingo de manhã,no Centro Histórico,sorvete,São Luís
ee934b89-3c97-4675-85d6-37fd615c06a2,0,A,Oi meu amor 🥲,0,none,saudoso,colega_trabalho,0,0,0,none,,,,,São Luís
185c6b18-959c-4dd8-9599-f6258f1de6fe,3,B,A vida é assim mesmo né,1,explicita,saudoso,colega_trabalho,1,1,1,gastronomico,comer um lanche,amanhã depois da aula,na Praia do Calhau,lanche,São Luís
e3079087-d433-41e9-8b0a-a438f3263196,2,A,"essa cidade tá parada hoje, você vai na feirinhaa?",1,explicita,entediado,crush,1,1,1,praia,tomar um açaí,sexta depois da faculdade,no Talking Blues,açaí,São Luís
c937c99f-a228-4c52-ac0f-a5172adece25,2,A,são luís virou um forno,1,implicita,saudoso,colega_trabalho,0,0,0,casual,,,,,São Luís
b93c9cdd-4c14-4ba6-a083-91ea1789a649,1,B,o servidor caiu bem na hora da partida,0,none,animado,ficante,0,0,0,none,,,,,São Luís
de1d46d7-4e98-4101-a29a-9a4038f8faf5,7,B,Verdade demais 😩,0,none,cansado,colega_trabalho,0,0,0,none,,,,,São Luís
0a3a6e1b-9efa-4ab5-96c5-2b987e514504,3,B,Eu entendo viu 😭,1,implicita,entediado,colega_trabalho,0,0,0,casual,,,,,São Luís
1c6cae78-22f9-4616-88f3-0e5a3ad489ff,2,A,"Oi, tudo bem? tava pensando em ir num barzinho no Golden Shopping sábado à tarde? 🤣",1,explicita,carente,contatinho,0,1,1,bar,ir num barzinho,sábado à tarde,no Golden Shopping,bar,São Luís
408dd792-4d9c-4d98-b311-296feb886793,3,B,Parece a minha semana né não,1,implicita,animado,match_tinder,0,0,0,casual,,,,,São Luís
2168ce48-c21e-4d3c-9ab6-0173a2bca2e0,2,A,Tô duro até o próximo pagamentooo. olha,1,explicita,carente,contatinho,0,1,1,praia,ver o pôr do sol,domingo no fim da tarde,no Ceprama,,São Luís
4cc732a6-400b-4ef0-8c77-bcb88d0f3e90,5,B,Tô no mesmo barco,0,none,saudoso,match_tinder,0,0,0,none,,,,,São Luís
70331df1-25b1-4d31-acf6-60494227fdc7,2,A,O trânsito hoje tava impossível.,0,none,estressado,match_tinder,0,0,0,none,,,,,São Luís
1280806f-0fba-4276-b16e-a3081be6d4de,2,A,E aí doido a gente podia aproveitar e comer uma pizza domingo de manhã?,1,explicita,estressado,contatinho,0,1,1,gastronomico,comer uma pizza,domingo de manhã,no Vignoli,pizza,São Luís
01e94c64-86bf-4826-ad1f-9cf63641e3ca,0,A,Partiu rolê hoje?,0,none,entediado,match_tinder,0,0,0,none,,,,,São Luís
e3079087-d433-41e9-8b0a-a438f3263196,0,A,oi meu amor,1,explicita,entediado,crush,1,1,1,praia,tomar um açaí,sexta depois da faculdade,no Talking Blues,açaí,São Luís
a7de9b74-9c9d-432b-9b8d-e4c95ff875e2,0,A,E aí meu patrão,1,explicita,apaixonado,crush,0,1,1,praia,tomar café gelado,hoje depois das 19h,no Chopp da Fábrica,café,São Luís
b38f1caa-adc4-4733-a658-dd2f1bd7a6a0,3,B,tu tem uma energia boa pra sair. 😭,1,implicita,cansado,contatinho,0,0,0,casual,,,,,São Luís
b702097f-2fba-4046-8267-1221840dd597,3,B,Tô no mesmo barco,1,explicita,animado,crush,0,1,1,gastronomico,lançar um sushi,quando acabar esse calor infernal,no Armazém,sushi,São Luís
21f4a253-743d-469a-979e-6db5e8ee1f05,8,A,Que sufoco,0,none,estressado,contatinho,0,0,0,none,,,,,São Luís
c2244181-e2b4-4e02-9b62-7ee5a281c328,4,A,O servidor caiu bem na hora da partiiida kkkk,0,none,estressado,contatinho,0,0,0,none,,,,,São Luís
9b6a0e89-91b9-40c2-8d5a-954abec52f71,9,B,demais messssmo,0,none,saudoso,colega_trabalho,0,0,0,none,,,,,São Luís
44f06461-a93b-4db9-8f26-da848165302d,2,A,A gnt não se vê faz tempooo.,1,implicita,feliz,ficante,1,0,0,casual,,,,,São Luís
3a67196d-28ab-4ba1-b538-75c0b42fde8f,6,A,Tô dentro ❤️ kkkk,1,explicita,apaixonado,crush,0,1,1,casual,ficar conversando,hoje à noite,no Armazém,,São Luís
5d119e80-6150-4267-822d-4c8bc6b25dcd,4,A,Minha internet caiu de novoooo.,1,implicita,saudoso,match_tinder,1,0,0,casual,,,,,São Luís
adaee33e-9c89-4f82-ba54-43cb87f014e4,3,B,Tô dentro ❤️,1,implicita,carente,colega_trabalho,1,0,0,casual,,,,,São Luís
c6a6f0d9-a517-469c-8f97-92028fa50454,3,B,A vida é assim mesmo né,1,implicita,empolgado,colega_trabalho,0,0,0,casual,,,,,São Luís
c937c99f-a228-4c52-ac0f-a5172adece25,1,B,Boa sorte aí kkkk,1,implicita,saudoso,colega_trabalho,0,0,0,casual,,,,,São Luís
509482db-43a1-4b4d-bb63-b96ebdf69225,2,A,Nunca fiz tanto cálculo alimentar.,0,none,animado,namoro,0,0,0,none,,,,,São Luís
d8c89af2-deef-426c-937a-52d0fb26fff4,4,A,Passei o dia resolvendo coisa de bancoooo. 💀,0,none,saudoso,match_tinder,0,0,0,none,,,,,São Luís
25b9b0b0-a25f-4350-b175-d34e4b2d9f82,1,B,Opa queria muito comer tapioca contigo,1,explicita,empolgado,ex,0,1,1,gastronomico,comer tapioca,mais tarde,no Bar do Léo,tapioca,São Luís
ba38ffbd-9738-4fcc-9f53-53dc01678463,2,A,A vida adulta não tem tutorial.,0,none,animado,ex,0,0,0,none,,,,,São Luís
7977be07-e916-447f-8d9e-669c52e9d14b,0,A,E aaaí?,1,explicita,apaixonado,ex,1,1,1,praia,ver o pôr do sol,domingo de manhã,no Buteko,,São Luís
edb113a5-38ec-43f3-8990-1ede699f136a,0,A,Meu Deus tu sumiu misericórdia,1,implicita,empolgado,amizade,0,0,0,casual,,,,,São Luís
b2ba3692-cbdd-4630-af9e-090ccb491a4c,2,A,O trânsito tá impossível hoje kkkk,1,explicita,carente,ex,0,1,1,gastronomico,comer tapioca,depois do estágio,num café ali no Renascença,tapioca,São Luís
b949224b-a86a-43f6-bd20-7bf69301284d,1,B,Que sufoco,1,explicita,empolgado,colega_trabalho,0,1,1,gastronomico,comer um lanche,sexta depois da faculdade,na Litorânea,lanche,São Luís
3a67196d-28ab-4ba1-b538-75c0b42fde8f,0,A,e aí gata 🤣,1,explicita,apaixonado,crush,0,1,1,casual,ficar conversando,hoje à noite,no Armazém,,São Luís
94873b2c-cc4a-41f0-b28d-8d94e2f327b0,10,A,Passei o dia resolvendo problema de cliente.,0,none,entediado,ex,0,0,0,none,,,,,São Luís
10dcc765-4233-4c24-bb34-211af8cef4b8,2,A,Passei o domingo inteiro em almoço de família....,0,none,apaixonado,colega_trabalho,0,0,0,none,,,,,São Luís
29ae37e3-747f-4a96-a065-012df8529d0d,6,A,Meu pedido demorou duas horas.,0,none,saudoso,crush,0,0,0,none,,,,,São Luís
6dc0ab5d-02f1-402d-a912-589ed68d8f3a,3,B,Quero demais!,1,implicita,entediado,ex,0,0,0,casual,,,,,São Luís
7a07ab85-b0e3-458a-bbd0-c951e967f5f0,4,A,peguei corrida pro araçagy e quase enlouqueci socorro,0,none,animado,crush,0,0,0,none,,,,,São Luís
16bc744f-8263-4d10-a2e1-ae2e37cacbc4,2,A,O calor hoje tá criminoso. mds,1,explicita,triste,match_tinder,0,1,1,casual,jogar sinuca,sexta depois da faculdade,no Anjo da Guarda,bar,São Luís
63d0b12d-b9ec-408b-bfd9-3d1f25d84b6d,1,B,Oxe que isssso,1,explicita,saudoso,ficante,1,1,1,praia,tomar café gelado,mais tarde,no Roots Bar,café,São Luís
b3025af6-d178-4735-9a26-2e43b2112ba3,4,A,Meu estágio tá cheio essa semana. kkkkkkk,0,none,feliz,match_tinder,0,0,0,none,,,,,São Luís
19f8b667-f998-4319-a6e5-53613b9ead96,4,A,essa cidade tá prada hoje.,1,implicita,animado,contatinho,0,0,0,casual,,,,,São Luís
99bb4a7b-27e8-4795-a4b9-01e2a92b1d6c,4,A,tu sempre some quando eu quero sair mds,1,implicita,estressado,amizade,0,0,0,casual,,,,,São Luís
c91ddaf4-cd06-4759-9344-a512cbebe819,10,A,Eu entendo vviu 🤣,0,none,carente,amizade,0,0,0,none,,,,,São Luís
a05e54d6-8e8e-4152-98f1-6ce263b4dd04,0,A,Opa meu consagrado,1,implicita,cansado,colega_trabalho,1,0,0,casual,,,,,São Luís
2ac8e063-68e8-4c7c-bfdf-3e9694c92cde,0,A,ei sumiço 😭,1,explicita,carente,namoro,0,1,1,casual,ficar conversando,sábado de noite,na extensão da Litorânea,,São Luís
60f3052d-b527-45ed-ae0a-9576a961906f,1,B,Boa sorte aí kkk,1,explicita,feliz,namoro,0,1,1,cinema,pegar um cinema,nesse final de semana,no Fitó,cinema,São Luís
4b1fed26-e963-4f23-9ba6-6198986de253,2,A,Kkkkk conta essa história,0,none,cansado,contatinho,0,0,0,none,,,,,São Luís
e6cbbcba-4452-4c7e-9147-df7f3f2a5da1,2,A,que situação heinnn,1,implicita,feliz,crush,0,0,0,casual,,,,,São Luís
7ced47fd-beac-4151-b4a0-e89a70e96ad3,7,B,Que situação hein,0,none,empolgado,contatinho,0,0,0,none,,,,,São Luís
e6ab8f87-3915-46fc-aabd-6496e5b193ed,5,B,topei! né não,1,explicita,feliz,ex,1,1,1,praia,tomar um litrão,hoje à noite,na extensão da Litorânea,bar,São Luís
33b2124b-430b-4cca-8ebb-276863700b3b,3,B,Oxe que isso vei,0,none,carente,ficante,0,0,0,none,,,,,São Luís
049e449b-0404-469b-96fb-79dc5bf3246b,5,B,Oxe que isso,0,none,apaixonado,colega_trabalho,0,0,0,none,,,,,São Luís
d58161bf-78a6-42d6-af0c-cc08cd7a9b2c,4,A,O calor hoje tá criminoso.,1,explicita,feliz,amizade,0,1,1,gastronomico,lançar um sushi,quando acabar esse calor infernal,no Bar do Léo,sushi,São Luís
18bbe9de-0a81-4d18-89bc-0aa073b2e6f5,6,A,A prova de algoritmo foi absurda.,0,none,feliz,ficante,0,0,0,none,,,,,São Luís
905c785d-c8ed-40d6-91e3-8bce28f55946,8,A,o servidor caiu bem na hora da partida.,0,none,apaixonado,colega_trabalho,0,0,0,none,,,,,São Luís
3f752b69-4dcb-40ad-8fba-bf554444c08c,3,B,A pessoa simplesmente sumiu. gente,0,none,animado,ex,0,0,0,none,,,,,São Luís
25476530-ddd9-413b-9d1d-37d9046d3f67,1,B,Kkkkk conta essa história,1,explicita,animado,match_tinder,0,1,1,gastronomico,comer sushi,quando acabar esse calor infernal,no Vignoli,sushi,São Luís
3f752b69-4dcb-40ad-8fba-bf554444c08c,2,A,A academia tava lotada demais slk,0,none,animado,ex,0,0,0,none,,,,,São Luís
e8dfacf8-7d29-47cd-adb7-3982de9f5529,5,B,Que sufoco,1,explicita,triste,match_tinder,0,1,1,gastronomico,comer hambúrguer,quando acabar esse calor infernal,no Golden Shopping,hambúrguer,São Luís
2f52516c-c29c-4387-aeca-7dab40efa748,3,B,Fiquei preso no trânsito do Cohafuma.,1,explicita,estressado,contatinho,0,1,1,gastronomico,comer hambúrguer,quando tu sair da faculdade,no Armazém,hambúrguer,São Luís
3fae4df7-687a-4884-af4b-deb18b5371d0,1,B,tô no mesmo barco,1,implicita,saudoso,contatinho,0,0,0,casual,,,,,São Luís
16bc744f-8263-4d10-a2e1-ae2e37cacbc4,4,A,Tu tá onde? vamo nessa jogar sinuca depois? 🤣,1,explicita,triste,match_tinder,0,1,1,casual,jogar sinuca,sexta depois da faculdade,no Anjo da Guarda,bar,São Luís
9e0d7f6a-127d-4942-95b6-958632041340,5,B,Oxe que isso,1,implicita,estressado,amizade,0,0,0,casual,,,,,São Luís
ee934b89-3c97-4675-85d6-37fd615c06a2,3,B,Passei o dia resolvendo problema de cliente,0,none,saudoso,colega_trabalho,0,0,0,none,,,,,São Luís
5d8ee4cc-5227-48fe-9798-7247b31af9e0,7,B,Eu entendo vviu,0,none,animado,namoro,0,0,0,none,,,,,São Luís
0a3a6e1b-9efa-4ab5-96c5-2b987e514504,2,A,O PIX caiu só agora. socorro,1,implicita,entediado,colega_trabalho,0,0,0,casual,,,,,São Luís
3b6bacb3-f59f-4832-9a0a-0f2055a65edf,5,B,Simbora!,1,explicita,triste,namoro,0,1,1,praia,tomar café gelado,domingo no fim da tarde,na Casa do Maranhão,café,São Luís
29ae37e3-747f-4a96-a065-012df8529d0d,0,A,Tu tá onde?,0,none,saudoso,crush,0,0,0,none,,,,,São Luís
d6a3e583-6601-4b9f-adc3-6359c2504774,0,A,"Oi, tudo bem?",0,none,carente,ficante,0,0,0,none,,,,,São Luís
ad88f1aa-92a6-4a91-a55c-6a344e638b83,0,A,Que fim levou tu?,1,explicita,cansado,colega_trabalho,0,1,1,praia,ver o mar,nesse final de semana,na Feirinha São Luís,,São Luís
3200c743-8897-484c-8942-0dacc437dd7f,3,B,Que fim levou tu? depois da aula a gente podia ver as luzes da cidade kkkkkkk,1,explicita,empolgado,namoro,0,1,1,casual,ver as luzes da cidade,de madrugada mesmo kkkkk,no The Rock Pub,,São Luís
33b2124b-430b-4cca-8ebb-276863700b3b,2,A,Passei o dia mandando currículo,0,none,carente,ficante,0,0,0,none,,,,,São Luís
aef29701-94a0-40de-8122-0a8d249ad0b1,9,B,Meu time conseguiu perder uma partida impossível.,0,none,carente,colega_trabalho,0,0,0,none,,,,,São Luís
a045410e-ab8a-47b5-a967-7139f861e48d,8,A,Minha maquete desmontou todaaa. misericórdia,0,none,cansado,ficante,0,0,0,none,,,,,São Luís
5d6a1bf6-4d5e-41b1-806b-1335c06a3050,4,A,minhas costas tão destruídas de tanto atender...,0,none,carente,crush,0,0,0,none,,,,,São Luís
3c632972-83ce-409e-9609-f4fbb098b682,6,A,Que horas?,1,implicita,apaixonado,namoro,1,0,0,casual,,,,,São Luís
2ab92ea3-1539-4498-ac28-2d71b7196ef4,5,B,Que situação hein,0,none,carente,ficante,0,0,0,none,,,,,São Luís
93d86cb0-d3fc-4988-a43a-75812eb9840a,1,B,E aí gata queria muito ver o mar contigo,1,explicita,feliz,ficante,1,1,1,praia,ver o mar,quando tu sair da faculdade,na Litorânea,,São Luís
b38f1caa-adc4-4733-a658-dd2f1bd7a6a0,1,B,boa sorte aí kkkk,1,implicita,cansado,contatinho,0,0,0,casual,,,,,São Luís
d6a3e583-6601-4b9f-adc3-6359c2504774,4,A,Nem me fala,0,none,carente,ficante,0,0,0,none,,,,,São Luís
94873b2c-cc4a-41f0-b28d-8d94e2f327b0,3,B,Verdade demais 😩,0,none,entediado,ex,0,0,0,none,,,,,São Luís
e34ce1a2-913c-431a-b5ae-e4d520756217,0,A,Oi sumida,1,explicita,apaixonado,crush,1,1,1,gastronomico,comer hambúrguer,depois do estágio,na Praia de São Marcos,hambúrguer,São Luís
57eb4b4b-2b01-435e-9174-f8d6abdc1e8b,5,B,nossa sim!,1,explicita,estressado,amizade,0,1,1,gastronomico,comer pastel,sábado à tarde,ali no Vinhais,pastel,São Luís
9a21b7fe-b061-4064-b585-bb2ba26169ea,3,B,simbora,1,explicita,estressado,contatinho,0,1,1,gastronomico,comer hambúrguer,quando tu sair da faculdade,no Anjo da Guarda,hambúrguer,São Luís
2168ce48-c21e-4d3c-9ab6-0173a2bca2e0,1,B,Parece a minha semana né não,1,explicita,carente,contatinho,0,1,1,praia,ver o pôr do sol,domingo no fim da tarde,no Ceprama,,São Luís
0266bdd4-a671-42fc-ac04-445b1982fedb,3,B,Que situação hein,1,explicita,carente,crush,0,1,1,praia,ver o pôr do sol,domingo de manhã,no Empório Fribal,,São Luís
88307367-7c1c-4a0e-a5f4-013b6da069bb,5,B,Parece a minha semana aff,1,explicita,feliz,namoro,0,1,1,casual,ouvir música ao vivo,depois da prova,no Haruki,bar,São Luís
d651f110-6a11-4ffb-897a-ac6ae554859c,1,B,A vida é assim mesmo né,0,none,carente,match_tinder,0,0,0,none,,,,,São Luís
a5af28e1-cb27-4b5e-8210-788ad19d2ddc,0,A,E aí? mds,0,none,apaixonado,match_tinder,0,0,0,none,,,,,São Luís
f4adf132-e14e-4215-8805-d5d032f7c7ed,0,A,Falaa,1,explicita,feliz,crush,0,1,1,praia,ver o pôr do sol,sexta depois da faculdade,na Praia do Araçagy,,São Luís
905c785d-c8ed-40d6-91e3-8bce28f55946,4,A,eu entendo viu hahaha,0,none,apaixonado,colega_trabalho,0,0,0,none,,,,,São Luís
0a1e5e6a-54bd-490d-ba17-2311184624c7,3,B,Tô dentro ❤❤❤️,1,explicita,apaixonado,colega_trabalho,0,1,1,praia,andar pela litorânea,sábado de noite,no Outback,,São Luís
6263e846-c12e-47d2-a75e-3ce775667b02,4,A,essa chuva apareceu do nadddda.,1,explicita,animado,crush,1,1,1,cinema,pegar um cinema,de madrugada mesmo kkkkk,no Amsterdam Music Pub,cinema,São Luís
342d880e-b09a-4f8c-93f8-2199aed39d7a,4,A,Tô no mesmo barco,0,none,triste,match_tinder,0,0,0,none,,,,,São Luís
b93c9cdd-4c14-4ba6-a083-91ea1789a649,8,A,React acabou com meu psicológico. kkkkkkk,0,none,animado,ficante,0,0,0,none,,,,,São Luís
80eb4ad1-21be-4796-9026-2f9d53d087c8,2,A,Passei o dia no laboratório.,0,none,empolgado,ex,0,0,0,none,,,,,São Luís
55d7d0e4-d4e8-4ee8-b1e1-4825c3029796,3,B,Oxe que isso,1,implicita,empolgado,ficante,1,0,0,casual,,,,,São Luís
fdf976fc-e264-4a57-a6ac-17c8552dd103,4,A,Já tô pronto(a)))),1,explicita,estressado,crush,0,1,1,bar,beber cerveja,nesse final de semana,no Golden Shopping,bar,São Luís
066b1903-c186-4142-b9e8-4e218ca17530,1,B,Essa chuva apareceu do nada,1,explicita,apaixonado,match_tinder,0,1,1,casual,dar uma volta,nesse final de semana,lá no Cohatrac,,São Luís
af665044-0564-4d95-ad02-fdd862360d36,6,A,Tô no mesmo barco socorro,0,none,saudoso,namoro,0,0,0,none,,,,,São Luís
4227e4fa-2aa9-49fd-8037-478c8cfd3fc1,6,A,E aí meu patrão partiu comer sushi no Shopping da Ilha depois da prova? gente,1,explicita,saudoso,contatinho,0,1,1,gastronomico,comer sushi,depois da prova,no Shopping da Ilha,sushi,São Luís
153ddd1d-fadb-4b1f-adf5-585cf0dfe332,3,B,Passei a madrugada renderizando projeto.,0,none,saudoso,namoro,0,0,0,none,,,,,São Luís
fdf976fc-e264-4a57-a6ac-17c8552dd103,0,A,Oi criatuuura,1,explicita,estressado,crush,0,1,1,bar,beber cerveja,nesse final de semana,no Golden Shopping,bar,São Luís
324618c9-42f1-40ac-9379-e4ad3ff219eb,0,A,E aí meu patrão,1,explicita,animado,colega_trabalho,0,1,1,casual,ficar conversando,quando acabar esse calor infernal,no Cabana do Sol,,São Luís
ccf2c5c1-000e-48f2-932a-83293ee30984,3,B,Topei! misericórdia,1,explicita,entediado,match_tinder,0,1,1,praia,comer um camarão,hoje depois das 19h,no The Rock Pub,frutos do mar,São Luís
542957f4-ee9d-416d-8ee7-91b32512ea00,0,A,Opa meu consagradooo,1,implicita,animado,namoro,0,0,0,casual,,,,,São Luís
7c5df2b7-6d08-4f7d-842b-a8d89bbfe196,2,A,Passei raiva no trânsito hoje,1,implicita,saudoso,contatinho,0,0,0,casual,,,,,São Luís
0481e049-5fcf-43b5-91ac-a4fc124b00d7,2,A,Fim de semana chegou finalmente.,1,explicita,cansado,contatinho,0,1,1,casual,ver as luzes da cidade,hoje,no Reviver,,São Luís
2168ce48-c21e-4d3c-9ab6-0173a2bca2e0,0,A,Ei sumiço misericórdia,1,explicita,carente,contatinho,0,1,1,praia,ver o pôr do sol,domingo no fim da tarde,no Ceprama,,São Luís
449b46e8-b226-472e-9a91-7260c8c18ab7,5,B,Já tô pronto(a),1,explicita,triste,amizade,0,1,1,gastronomico,comer sushi,hoje,no Centro Histórico,sushi,São Luís
ef2b2c99-3f05-4e19-ba3b-c4e8a51afa35,2,A,"o São João tá chegando, vc vai no rolê da Lagoa? misericórdia",1,explicita,feliz,ex,1,1,1,praia,ver o pôr do sol,quando acabar esse calor infernal,no Anjo da Guarda,,São Luís
748a254c-cbd9-4f75-aa10-2be0dd2c66ef,0,A,Sobreviveu à semana?,0,none,carente,crush,0,0,0,none,,,,,São Luís
cd47b5f7-9ca4-4cb9-b7ea-420722600a4b,6,A,Bora viver? simbora lá pras bandas do Turu mais tarde?,1,explicita,feliz,contatinho,1,1,1,gastronomico,comer tapioca,domingo de manhã,lá pras bandas do Turu,tapioca,São Luís
9b13002f-a9a3-4557-8147-6a7b5d9b9919,2,A,Queria companhia pra hoje. 💀,1,implicita,animado,colega_trabalho,0,0,0,casual,,,,,São Luís
025b0d8a-6fbe-4cee-8cd6-0babfb218d05,3,B,Eu entendo viu,1,implicita,feliz,ex,1,0,0,casual,,,,,São Luís
37a38461-4513-425b-bffd-51b83024d4ce,5,B,Que sufoco hahaha,0,none,animado,crush,0,0,0,none,,,,,São Luís
3c632972-83ce-409e-9609-f4fbb098b682,0,A,Partiu rolê hoje? mah,1,implicita,apaixonado,namoro,1,0,0,casual,,,,,São Luís
a66bd541-71c0-4d1d-9d21-74a245ac06a8,1,B,Oxe que isso,1,explicita,saudoso,namoro,0,1,1,shopping,dar rolê no shopping,sexta depois da faculdade,no Roots Bar,shopping,São Luís
ad88f1aa-92a6-4a91-a55c-6a344e638b83,6,A,Sobreviveu à semana? tu anima ir na Feirinha São Luís comigo? 😩,1,explicita,cansado,colega_trabalho,0,1,1,praia,ver o mar,nesse final de semana,na Feirinha São Luís,,São Luís
bf294342-2512-42db-af93-52047df269a1,4,A,são luís virou um forno,1,explicita,carente,amizade,0,1,1,bar,ir no reggae,quando tu sair da faculdade,no Anjo da Guarda,reggae,São Luís
3097f129-1b5b-43f1-b038-b3c0faa6c69d,0,A,sobreviveu à semana?,0,none,apaixonado,ex,0,0,0,none,,,,,São Luís
d8a8c5fc-a198-4e5f-a79e-c498eb4515bf,1,B,E aí doido tu vai fazer o que hoje? bora tomar um café vei,1,explicita,triste,amizade,1,1,1,praia,tomar um café,depois do estágio,num café ali no Renascença,café,São Luís
c6a6f0d9-a517-469c-8f97-92028fa50454,1,B,Eu entendo viu,1,implicita,empolgado,colega_trabalho,0,0,0,casual,,,,,São Luís
7871a07e-f026-4d2a-a32b-e51f36b029d7,2,A,Peguei ônibus lotado hoje cedo. misericórdia,1,explicita,entediado,ex,0,1,1,praia,ver o pôr do sol,sexta depois da faculdade,na Praia do Araçagy,,São Luís
adc116ba-64ce-4dac-9ca0-ce3da88b1fb7,0,A,Partiu rolê hoje?,1,implicita,apaixonado,colega_trabalho,0,0,0,casual,,,,,São Luís
3fd2bf67-8d36-4799-9b3b-c8bbff766dd9,1,B,Oi sumida partiu no Rio Anil Shopping hoje?,1,explicita,entediado,amizade,0,1,1,bar,ir no reggae,sábado à tarde,no Rio Anil Shopping,reggae,São Luís
6ccbba49-20ff-47d6-9198-bd86fc9b5d71,2,A,Tu anima um rolê sem planejamento?,1,implicita,saudoso,crush,1,0,0,casual,,,,,São Luís
5fb181f4-571b-4727-84aa-56c21cdfcaca,3,B,Nem me falllla,1,explicita,animado,namoro,0,1,1,bar,beber cerveja,depois do estágio,ali no Vinhais,bar,São Luís
089cde6d-e739-404f-b879-aa53e4e9270f,3,B,Eu entendo viu,1,implicita,triste,match_tinder,0,0,0,casual,,,,,São Luís
030b77a5-a948-4d27-8bf5-5442cb3bc4e6,3,B,Eu entendo viu,1,implicita,cansado,namoro,0,0,0,casual,,,,,São Luís
04349358-d2ec-47ed-bf61-345156656045,2,A,Tô indo no Mateus rapidinho. socorro,1,explicita,estressado,ficante,0,1,1,cinema,assistir filme,hoje depois das 19h,no Centro Histórico,cinema,São Luís
94873b2c-cc4a-41f0-b28d-8d94e2f327b0,5,B,Irmão que sofrimento,0,none,entediado,ex,0,0,0,none,,,,,São Luís
91736d1a-2d26-47ad-b078-82ad6877c589,5,B,Oxe que isso kkkk,0,none,saudoso,colega_trabalho,0,0,0,none,,,,,São Luís
284161d2-c83b-49c2-962a-ef56aa3d05f2,2,A,Tá brincando,0,none,entediado,crush,0,0,0,none,,,,,São Luís
d267aebe-65d5-4f3c-9ab0-d273f3f1a4c4,0,A,E aí gata oxe,1,explicita,carente,crush,0,1,1,praia,tomar café gelado,de madrugada mesmo kkkkk,no Armazém,café,São Luís
6d0d2b06-d50e-469e-8d56-7265cedd7f7d,5,B,Tô animado(a) jáá olha,1,implicita,entediado,namoro,0,0,0,casual,,,,,São Luís
5e33b9b1-ee27-46a4-810b-0f80b37428a8,3,B,apresentação da campanha foi hoje.,0,none,estressado,contatinho,0,0,0,none,,,,,São Luís
8b970774-803c-47ea-af58-363e2c8ab364,4,A,Parece a minha semana,1,implicita,apaixonado,ficante,1,0,0,casual,,,,,São Luís
e87287bf-cd72-4a84-97e5-ee55a138094f,10,A,Oxe que isso,0,none,carente,crush,0,0,0,none,,,,,São Luís
a7de9b74-9c9d-432b-9b8d-e4c95ff875e2,1,B,parece a minha semana,1,explicita,apaixonado,crush,0,1,1,praia,tomar café gelado,hoje depois das 19h,no Chopp da Fábrica,café,São Luís
76732eca-f85d-4528-895b-4a57602dd95c,0,A,E aí meu patrão,1,explicita,apaixonado,ficante,0,1,1,praia,andar pela litorânea,hoje,no Haruki,,São Luís
2168ce48-c21e-4d3c-9ab6-0173a2bca2e0,3,B,Demais mesmo 🤣,1,explicita,carente,contatinho,0,1,1,praia,ver o pôr do sol,domingo no fim da tarde,no Ceprama,,São Luís
c246c8d7-d91a-46c6-a19c-f41bf884af4d,3,B,Nem me fala,1,implicita,carente,amizade,0,0,0,casual,,,,,São Luís
a290a8c5-5dc4-44d8-b8d4-88e76ea2a986,4,A,minha internet caiu de novvvvo.,1,implicita,animado,amizade,0,0,0,casual,,,,,São Luís
b4b272c3-eba5-4960-825e-8e19e8e22590,6,A,Tenho apresentação de plano de negócios amanhã.,0,none,animado,namoro,0,0,0,none,,,,,São Luís
d8556b18-38bd-4d76-b5ef-d6476008a84c,2,A,"essa semana foi pesada demais, você vai na feirinha? kkkkkkk",1,explicita,saudoso,crush,1,1,1,praia,tomar um energético,nesse final de semana,na praça de alimentação do Rio Anil,bar,São Luís
d5e151e8-fef9-4865-bd0a-f7672336957b,2,A,tô indo no mateus rapidinho mds,1,explicita,saudoso,ex,0,1,1,casual,andar de carro sem rumo,quando tu sair da faculdade,no Anjo da Guarda,,São Luís
ff2930fc-ae9a-4e4e-9071-a61385aeaa68,2,A,Que situação hein,1,explicita,estressado,colega_trabalho,0,1,1,praia,ver o pôr do sol,quando tu sair da faculdade,no Haruki,,São Luís
056d783e-7f32-45f6-937e-19a6d835568b,4,A,Meu estágio tá puxado demais,0,none,triste,colega_trabalho,0,0,0,none,,,,,São Luís
57a1144d-2d82-4785-8dd1-0e31a125ea5b,2,A,Como tu tá? pensei da gente ver o pôr do sol no Empório Fribal,1,explicita,entediado,crush,1,1,1,praia,ver o pôr do sol,sábado de noite,no Empório Fribal,,São Luís
509519da-5a16-41e2-ae2b-cc2fa96c9064,1,B,Oxe que isso,1,explicita,feliz,match_tinder,0,1,1,casual,andar de carro sem rumo,sábado de noite,na Praia do Olho d'Água,,São Luís
5c0daffc-ce04-4c01-9212-4925c3914331,1,B,que fim levou tu? partiu no golden shopping hoje?,1,explicita,saudoso,match_tinder,1,1,1,praia,tomar um açaí,hoje à noite,no Golden Shopping,açaí,São Luís
b9ad262d-20fb-4716-a8d2-0be8185f967b,3,B,Minhas costas tão destruídas de tanto atender mah,0,none,saudoso,crush,0,0,0,none,,,,,São Luís
43d18fb6-ad9c-423d-9f3e-390f37311caf,0,A,Que fim levou tu?,0,none,triste,amizade,0,0,0,none,,,,,São Luís
3ea4a35f-65d5-4133-9b04-0cdb17b7bec5,2,A,Hoje eu precisava ver alguém legal 😩,1,implicita,feliz,namoro,0,0,0,casual,,,,,São Luís
b9cdb4fb-8eb8-4237-8b88-4a0b53ac36ff,5,B,Nem me fala 😭,1,explicita,animado,amizade,0,1,1,praia,tomar um litrão,hoje depois das 19h,na Fonte do Ribeirão,bar,São Luís
9fa32001-c155-490d-9960-3eb85c469835,0,A,Partiu rolê hoje?,1,explicita,carente,namoro,0,1,1,praia,comer um camarão,de madrugada mesmo kkkkk,no Espigão Costeiro,frutos do mar,São Luís
de85039e-9173-4f5b-a4a7-1dfe88a12d16,1,B,O PIX caiu só agora. 😭,1,explicita,animado,ex,0,1,1,casual,ficar conversando,domingo de manhã,no Vignoli,,São Luís
0a103cb3-876f-4c51-943f-b56b48db048b,1,B,A chuva caiu bem na hora que saí.,1,explicita,feliz,contatinho,0,1,1,casual,ouvir música ao vivo,sexta depois da faculdade,no Roots Bar,bar,São Luís
7622b0a1-1ec8-49cf-b78e-83f86a803afb,1,B,Oxe que isso aff,1,explicita,apaixonado,contatinho,1,1,1,praia,tomar sorvete,sábado à tarde,no Ceprama,sorvete,São Luís
0071d262-f376-4072-8cfc-92d615467191,0,A,Oi sumida mano,1,explicita,entediado,ex,0,1,1,praia,ir pra praia,nesse final de semana,no Golden Shopping,praia,São Luís
f3cdb646-fd25-4846-b7d3-8a808e9b7046,1,B,Tá brincando,1,explicita,entediado,amizade,0,1,1,casual,comer açaí na tigela,hoje à noite,ali no Renascença,açaí,São Luís
9c39b3bf-71f0-4121-a416-070cad08b9b1,4,A,Tô dentro ❤️,1,explicita,feliz,crush,0,1,1,praia,ver o mar,quando tu sair da faculdade,no Fitó,,São Luís
2f26c9fa-4006-46ef-ac69-f764c99218a1,3,B,Passei o dia no laboratório.,0,none,saudoso,crush,0,0,0,none,,,,,São Luís
1910ed85-8525-495f-b590-b59510bfb33a,0,A,Partiu rolê hoje? misericórdia,1,explicita,estressado,amizade,0,1,1,casual,jogar sinuca,quando tu sair da faculdade,na Praia de São Marcos,bar,São Luís
fec8e565-50e0-4c59-8102-0653a140d8c2,3,B,Que horas? 😭,1,explicita,animado,match_tinder,0,1,1,casual,jogar sinuca,hoje à noite,lá no Cohatrac,bar,São Luís
3abd519d-0e16-47fa-b036-f475ca773979,5,B,Nossa sim!!,1,implicita,empolgado,ficante,0,0,0,casual,,,,,São Luís
6d0d2b06-d50e-469e-8d56-7265cedd7f7d,1,B,tá brincando,1,implicita,entediado,namoro,0,0,0,casual,,,,,São Luís
ac3b8473-a28e-443f-953a-6a4a16c47ce5,1,B,Hoje teve atendimento direeto,0,none,carente,crush,0,0,0,none,,,,,São Luís
0d91476b-731b-43be-bbba-e4999c55b5b3,0,A,que fim levou tu?,0,none,empolgado,amizade,0,0,0,none,,,,,São Luís
8d0d879c-d383-44a7-8f17-e058a2b57c5e,4,A,Não entendo sinais nenhum 😭,0,none,entediado,match_tinder,0,0,0,none,,,,,São Luís
c91ddaf4-cd06-4759-9344-a512cbebe819,5,B,Eu entendo viu,0,none,carente,amizade,0,0,0,none,,,,,São Luís
683c604d-331c-4d55-aa65-9279c50f0bd9,2,A,Tu tá onde? queria muito beber cerveja contigo,1,explicita,cansado,amizade,0,1,1,bar,beber cerveja,mais tarde,ali no Vinhais,bar,São Luís
5d119e80-6150-4267-822d-4c8bc6b25dcd,3,B,Que sufoco olha,1,implicita,saudoso,match_tinder,1,0,0,casual,,,,,São Luís
b072e731-a3d4-4570-897e-8b0902122a23,1,B,Oxe que isso,1,explicita,carente,crush,1,1,1,casual,jogar sinuca,de madrugada mesmo kkkkk,no Shopping da Ilha,bar,São Luís
0a283341-99e1-4b9f-94ba-2c421b424478,3,B,Que situação hein slk,1,explicita,estressado,colega_trabalho,0,1,1,praia,tomar um açaí,quando acabar esse calor infernal,no Roots Bar,açaí,São Luís
01e94c64-86bf-4826-ad1f-9cf63641e3ca,5,B,Tá brincando,0,none,entediado,match_tinder,0,0,0,none,,,,,São Luís
324618c9-42f1-40ac-9379-e4ad3ff219eb,3,B,Kkkkk conta essa história,1,explicita,animado,colega_trabalho,0,1,1,casual,ficar conversando,quando acabar esse calor infernal,no Cabana do Sol,,São Luís
a198eec5-512f-4874-98c0-e7632b6b3b2c,3,B,Passei raiva no ranked hoje. mah,0,none,carente,ficante,0,0,0,none,,,,,São Luís
37510ff5-cba9-4321-a50f-39a1ff160d2f,0,A,Opa,0,none,empolgado,colega_trabalho,0,0,0,none,,,,,São Luís
a045410e-ab8a-47b5-a967-7139f861e48d,7,B,Oxe que isssso,0,none,cansado,ficante,0,0,0,none,,,,,São Luís
0a1e5e6a-54bd-490d-ba17-2311184624c7,2,A,Que fim levou tu? a gnt podia aproveitar e andar pela litorânea sábado de noite?,1,explicita,apaixonado,colega_trabalho,0,1,1,praia,andar pela litorânea,sábado de noite,no Outback,,São Luís
6d009867-7c55-4713-a0aa-412b8e1e5d18,1,B,Parece a minha semana,1,explicita,carente,crush,0,1,1,praia,tomar um açaí,de madrugada mesmo kkkkk,lá no Cohatrac,açaí,São Luís
214f0403-3280-47fa-a5fc-36255d888907,0,A,Bora viver?,0,none,apaixonado,colega_trabalho,0,0,0,none,,,,,São Luís
ced94a76-a15e-4c4c-875a-9e5183be3861,0,A,Oi sumida,1,explicita,cansado,namoro,0,1,1,bar,ir num barzinho,quando tu sair da faculdade,no Vignoli,bar,São Luís
9e0d7f6a-127d-4942-95b6-958632041340,1,B,Que situação hein,1,implicita,estressado,amizade,0,0,0,casual,,,,,São Luís
40d440d1-e7d5-4763-b037-268d9f73ba85,2,A,O trânsito tá impossível hoje...,1,explicita,cansado,ex,0,1,1,gastronomico,comer pastel,sábado de noite,no Roots Bar,pastel,São Luís
20bcf22d-7a06-479b-b89f-e939b8834849,0,A,Opa,1,explicita,animado,colega_trabalho,0,1,1,praia,comer um camarão,sábado à tarde,no Coco Bambu,frutos do mar,São Luís
5d6a1bf6-4d5e-41b1-806b-1335c06a3050,2,A,Que situação hein 😩,0,none,carente,crush,0,0,0,none,,,,,São Luís
aa8037ac-c97b-4ea9-9822-dcd78e205726,2,A,parece a minha semana aff,0,none,apaixonado,namoro,0,0,0,none,,,,,São Luís
066b1903-c186-4142-b9e8-4e218ca17530,2,A,A vida é assim mesmo né,1,explicita,apaixonado,match_tinder,0,1,1,casual,dar uma volta,nesse final de semana,lá no Cohatrac,,São Luís
7ced47fd-beac-4151-b4a0-e89a70e96ad3,2,A,Passei horas escolhendo tipografia. gente,0,none,empolgado,contatinho,0,0,0,none,,,,,São Luís
d94f6fdd-558a-428d-bced-21f5aef52d37,3,B,Passei o dia no laboratório gente,0,none,saudoso,colega_trabalho,0,0,0,none,,,,,São Luís
de1d46d7-4e98-4101-a29a-9a4038f8faf5,6,A,Passei o dia inteiro na clínica.,0,none,cansado,colega_trabalho,0,0,0,none,,,,,São Luís
e8dfacf8-7d29-47cd-adb7-3982de9f5529,6,A,Oi criatura a gnt podia aproveitar e comer hambúrguer quando acabar esse calor infernal?,1,explicita,triste,match_tinder,0,1,1,gastronomico,comer hambúrguer,quando acabar esse calor infernal,no Golden Shopping,hambúrguer,São Luís
44200654-2ca6-4e28-b9c6-fbeab7e0fe4c,0,A,Oi sumidda,1,implicita,estressado,crush,0,0,0,casual,,,,,São Luís
24a1529c-66ce-40d4-9041-0e26749124c4,0,A,oi criatura,1,explicita,carente,ex,0,1,1,shopping,dar rolê no shopping,de madrugada mesmo kkkkk,no Armazém,shopping,São Luís
dce9359d-dfcc-4905-bcb4-53d051a31f54,2,A,Tá brincando,0,none,carente,ficante,0,0,0,none,,,,,São Luís
6f0e3acb-d624-4877-9595-f4a52aff5cfb,1,B,Saudade de sair com tu.,1,implicita,triste,amizade,0,0,0,casual,,,,,São Luís
ccf5040c-e1d0-40ed-b9ab-e3803aec0d59,4,A,Minha internet caiu de novo.,1,explicita,entediado,crush,0,1,1,praia,ir pra praia,sexta depois da faculdade,no Haruki,praia,São Luís
b9ad262d-20fb-4716-a8d2-0be8185f967b,1,B,Passei o dia atolado de processo,0,none,saudoso,crush,0,0,0,none,,,,,São Luís
a290a8c5-5dc4-44d8-b8d4-88e76ea2a986,6,A,sextou e eu sem companhiaaa. 😩,1,implicita,animado,amizade,0,0,0,casual,,,,,São Luís
d58161bf-78a6-42d6-af0c-cc08cd7a9b2c,0,A,Oi sumida,1,explicita,feliz,amizade,0,1,1,gastronomico,lançar um sushi,quando acabar esse calor infernal,no Bar do Léo,sushi,São Luís
da002399-cd0d-49a1-a55f-dde87dc4fc7d,0,A,Oi meu amor,1,explicita,estressado,ex,0,1,1,casual,ver as luzes da cidade,amanhã depois da aula,no Haruki,,São Luís
3ea4a35f-65d5-4133-9b04-0cdb17b7bec5,3,B,tô dentro ❤️,1,implicita,feliz,namoro,0,0,0,casual,,,,,São Luís
6beeaa88-4cfe-4dd1-bdec-66ce1c629386,0,A,Oi meu amor,1,explicita,apaixonado,crush,0,1,1,praia,tomar um açaí,sexta depois da faculdade,no Amsterdam Music Pub,açaí,São Luís
3603f8ea-080b-41a1-96fa-647eb0e9f372,3,B,Verdade demais 😩,1,implicita,triste,crush,0,0,0,casual,,,,,São Luís
185c6b18-959c-4dd8-9599-f6258f1de6fe,5,B,Oxe que isso mds,1,explicita,saudoso,colega_trabalho,1,1,1,gastronomico,comer um lanche,amanhã depois da aula,na Praia do Calhau,lanche,São Luís
29ae37e3-747f-4a96-a065-012df8529d0d,1,B,Oxe que isso,0,none,saudoso,crush,0,0,0,none,,,,,São Luís
c4638875-e9fa-43e8-9b04-d27848f497f9,7,B,a aula prática foi intensa hoje. oxe,0,none,saudoso,namoro,0,0,0,none,,,,,São Luís
27ab99f2-8f31-4e60-ba27-50f0f27445d5,2,A,"o São João tá chegando, você vai no arraial?",1,explicita,triste,crush,1,1,1,casual,ouvir música ao vivo,quando tu sair da faculdade,no Talking Blues,bar,São Luís
af665044-0564-4d95-ad02-fdd862360d36,8,A,O sistema caiu de novo. vei,0,none,saudoso,namoro,0,0,0,none,,,,,São Luís
9e4eb5d3-4af1-46db-a492-0678849162de,3,B,Com você qualquer lugar,1,implicita,saudoso,match_tinder,1,0,0,casual,,,,,São Luís
771ee46b-9b2b-4b3b-b4f4-b9c60817d53d,2,A,e aí gata bora sair pra comer um lanche?,1,explicita,empolgado,namoro,1,1,1,gastronomico,comer um lanche,sábado à tarde,no Anjo da Guarda,lanche,São Luís
54385dc6-1b94-48ec-9c34-49238bd7a607,0,A,Oii mano,1,explicita,carente,ex,0,1,1,casual,comer açaí na tigela,mais tarde,ali pelo Calhau,açaí,São Luís
2e95040e-8ded-4364-bed9-1c180af6c43c,1,B,Eu entendo viu,1,explicita,feliz,match_tinder,0,1,1,praia,tomar café gelado,hoje à noite,no Reviver,café,São Luís
d651f110-6a11-4ffb-897a-ac6ae554859c,0,A,Opa,0,none,carente,match_tinder,0,0,0,none,,,,,São Luís
47528c63-855b-4093-b1fb-82320881913e,2,A,queria mto ir pra um show. cara,0,none,entediado,ex,0,0,0,none,,,,,São Luís
6b14d835-b02a-45fd-a9e3-87197d9feb58,1,B,Irmão que sofrimento 😭,0,none,empolgado,crush,0,0,0,none,,,,,São Luís
21f4a253-743d-469a-979e-6db5e8ee1f05,5,B,Passei a madrugada renderizando projeto.,0,none,estressado,contatinho,0,0,0,none,,,,,São Luís
6948cb90-0df5-489a-b13e-1fa0a9835b94,1,B,O PIX caiu só agorrra. kkkk,1,explicita,cansado,ex,0,1,1,gastronomico,comer uma pizza,hoje depois das 19h,no Armazém,pizza,São Luís
a4b7aa65-335b-4d0c-969a-205098650ec8,2,A,Irmão que sofrimennto kkkk,1,explicita,cansado,crush,1,1,1,gastronomico,comer uma pizza,sábado de noite,ali no Renascença,pizza,São Luís
abd77fd2-71c7-480a-af08-b55b38321534,5,B,Oxe que isso,0,none,feliz,amizade,0,0,0,none,,,,,São Luís
285d5890-ee6b-44aa-8a37-09e0d77df5a8,1,B,Sextou e eu sem companhia. 🤣,1,implicita,saudoso,crush,0,0,0,casual,,,,,São Luís
3993e6b0-216a-4ffc-a88a-4cf2cc391143,4,A,Já tô pronto(a),1,implicita,saudoso,colega_trabalho,0,0,0,casual,,,,,São Luís
e34ce1a2-913c-431a-b5ae-e4d520756217,2,A,"essa cidade tá parada hoje, você vai no forró universitário? 😩",1,explicita,apaixonado,crush,1,1,1,gastronomico,comer hambúrguer,depois do estágio,na Praia de São Marcos,hambúrguer,São Luís
6ccbba49-20ff-47d6-9198-bd86fc9b5d71,0,A,Opa,1,implicita,saudoso,crush,1,0,0,casual,,,,,São Luís
1e66d2bf-79cd-4d67-a491-e64edfc9d8f5,3,B,Kkkkk conta essa história 💀,0,none,triste,ex,0,0,0,none,,,,,São Luís
44200654-2ca6-4e28-b9c6-fbeab7e0fe4c,6,A,com você qualquer lugar,1,implicita,estressado,crush,0,0,0,casual,,,,,São Luís
50aa0f3e-b8a4-452d-b1b4-27b2a863f7a2,5,B,Quero demaiss,1,explicita,estressado,colega_trabalho,1,1,1,gastronomico,comer tapioca,amanhã depois da aula,na praça de alimentação do Rio Anil,tapioca,São Luís
ee3d6104-68dd-46e5-9b55-8dc6295f6ba9,9,B,Tá brincando,0,none,empolgado,colega_trabalho,0,0,0,none,,,,,São Luís
af6231f2-b3f4-48c8-b592-2faf636f5adc,5,B,Oxe que isso,0,none,carente,contatinho,0,0,0,none,,,,,São Luís
3f752b69-4dcb-40ad-8fba-bf554444c08c,1,B,Boa sorte aí kkkkkk,0,none,animado,ex,0,0,0,none,,,,,São Luís
28a98c4b-217a-4c92-838d-0b346c68a00d,0,A,Ei sumiço misericórdia,1,explicita,estressado,match_tinder,0,1,1,gastronomico,comer uma pizza,mais tarde,no Talking Blues,pizza,São Luís
c051fb15-5dba-4973-a911-39b28d39b664,0,A,Falaa,1,explicita,animado,namoro,0,1,1,gastronomico,comer tapioca,hoje,no Centro Histórico,tapioca,São Luís
4b1fed26-e963-4f23-9ba6-6198986de253,7,B,A vida é assim mesmo né,0,none,cansado,contatinho,0,0,0,none,,,,,São Luís
7b39c629-2a04-4023-af3a-0813932f2d68,2,A,Essa chuva apareceu do nada. mds,1,explicita,animado,match_tinder,0,1,1,casual,comer açaí na tigela,domingo de manhã,no Haruki,açaí,São Luís
0c58ac9c-ad16-45e8-8802-dab3fac03910,2,A,São Luís virou um forno.,1,implicita,animado,ficante,0,0,0,casual,,,,,São Luís
5e33b9b1-ee27-46a4-810b-0f80b37428a8,4,A,demais mesmo gente,0,none,estressado,contatinho,0,0,0,none,,,,,São Luís
a605ae25-a61e-4d22-b6a7-b6bae7b22514,5,B,tenho apresentação de plano de negócios amanhã..,0,none,cansado,ficante,0,0,0,none,,,,,São Luís
b435d622-2a57-47f0-98b6-57a152a5ef36,4,A,Hoje eu precisava ver alguém legal mds,1,implicita,triste,crush,0,0,0,casual,,,,,São Luís
5fb181f4-571b-4727-84aa-56c21cdfcaca,4,A,Como tu tá? bora beber cerveja ali no Vinhaisss? olha,1,explicita,animado,namoro,0,1,1,bar,beber cerveja,depois do estágio,ali no Vinhais,bar,São Luís
66bbc389-05e6-4aec-8d46-4246a2382539,0,A,E aí meu patrão 💀,1,explicita,saudoso,amizade,0,1,1,casual,dar uma volta,depois da prova,ali no Renascença,,São Luís
1b651d15-70fd-4aae-8cae-820557c46ae9,5,B,Tô no mesmo barco kkkkkkk,1,explicita,empolgado,colega_trabalho,0,1,1,praia,ir pra praia,mais tarde,ali no Renascença,praia,São Luís
6c88129e-6053-4b1c-9406-dc3521e467cc,0,A,partiu rolê hojeee?,1,explicita,apaixonado,ficante,1,1,1,shopping,dar rolê no shopping,domingo no fim da tarde,no Amsterdam Music Pub,shopping,São Luís
54385dc6-1b94-48ec-9c34-49238bd7a607,3,B,Fiquei preso no trânsito do Cohafuma.,1,explicita,carente,ex,0,1,1,casual,comer açaí na tigela,mais tarde,ali pelo Calhau,açaí,São Luís
026eb1d2-dcb1-4b1d-bc20-40a6fed54c89,0,A,e aí meu patrrrrão,1,explicita,feliz,contatinho,0,1,1,praia,comer um camarão,domingo de manhã,no Empório Fribal,frutos do mar,São Luís
153ddd1d-fadb-4b1f-adf5-585cf0dfe332,4,A,Hoje foi puxado demais. aff,0,none,saudoso,namoro,0,0,0,none,,,,,São Luís
0481e049-5fcf-43b5-91ac-a4fc124b00d7,0,A,E aí doido,1,explicita,cansado,contatinho,0,1,1,casual,ver as luzes da cidade,hoje,no Reviver,,São Luís
00f26a87-a604-44cb-ac50-6abb892ff7e1,5,B,Oxe que isso 💀,1,implicita,saudoso,contatinho,0,0,0,casual,,,,,São Luís
ccf5040c-e1d0-40ed-b9ab-e3803aec0d59,0,A,"Oi, tudo bem? mah",1,explicita,entediado,crush,0,1,1,praia,ir pra praia,sexta depois da faculdade,no Haruki,praia,São Luís
e50b79e8-bd82-423b-bbc6-bda8a6c1656b,5,B,Boa sorte aí kkkk hahaha,0,none,apaixonado,colega_trabalho,0,0,0,none,,,,,São Luís
7a07ab85-b0e3-458a-bbd0-c951e967f5f0,2,A,Hoje teve cirurgia no estágio.,0,none,animado,crush,0,0,0,none,,,,,São Luís
b43e56ef-dbd3-4812-ad7f-0b9d05c6bee2,5,B,Irmão que sofrimento,0,none,estressado,ficante,0,0,0,none,,,,,São Luís
f3743db9-c9a3-4112-87a5-4561ad9fd114,2,A,Saudade de sair com tu,1,implicita,estressado,namoro,0,0,0,casual,,,,,São Luís
2da296b2-e584-4c09-a7ca-dae9323f63ce,1,B,Parece a minha semana pai d'égua,1,explicita,entediado,contatinho,0,1,1,cinema,assistir filme,amanhã,na Praia do Olho d'Água,cinema,São Luís
b009ea94-9b7b-42af-8fb7-913972ad8738,3,B,Que horas?,1,implicita,animado,ficante,0,0,0,casual,,,,,São Luís
97f4a960-0cb6-45b6-bbcd-f3136380505e,0,A,bora viver?,0,none,cansado,ex,0,0,0,none,,,,,São Luís
a8a7f8b0-7efa-47df-9efb-f9a900459145,0,A,E aí meu patrão 😭,1,explicita,apaixonado,match_tinder,1,1,1,praia,tomar um litrão,sábado de noite,no Roots Bar,bar,São Luís
7984b029-4434-4ad2-b12f-69e2876fc176,1,B,Eu entendo viu,1,explicita,empolgado,namoro,0,1,1,praia,tomar um açaí,domingo no fim da tarde,na Praia do Calhau,açaí,São Luís
495402ff-af9c-4cc9-8fe3-ebdbbd4caf32,4,A,Tá brincanddo,0,none,cansado,ex,0,0,0,none,,,,,São Luís
8a7913a1-20bd-4179-aac4-f6d3cf467d31,1,B,Kkkkk conta essa história,1,implicita,carente,namoro,0,0,0,casual,,,,,São Luís
aef29701-94a0-40de-8122-0a8d249ad0b1,6,A,A aula de psicopatologia acabou comigo.,0,none,carente,colega_trabalho,0,0,0,none,,,,,São Luís
4d291d52-1b92-416c-a264-4508e445c5c0,3,B,Não consegui parar um minuto hoje.,0,none,carente,crush,0,0,0,none,,,,,São Luís
f3743db9-c9a3-4112-87a5-4561ad9fd114,0,A,oi criatura,1,implicita,estressado,namoro,0,0,0,casual,,,,,São Luís
019e7c5d-b8de-4822-8dd9-7edd17be0417,1,B,A vida é assim mesmo nnnné,1,implicita,triste,match_tinder,0,0,0,casual,,,,,São Luís
089cde6d-e739-404f-b879-aa53e4e9270f,2,A,Tô duro até o próximo pagamento,1,implicita,triste,match_tinder,0,0,0,casual,,,,,São Luís
b9d2dd27-db52-4a0f-8ea5-e785fcf7f703,4,A,Hoje só sbrevivi de iFood vei,0,none,cansado,crush,0,0,0,none,,,,,São Luís
ec0db6f3-d434-4072-a686-22eb9a84a8c8,4,A,Microscopia acabou comigo.,0,none,apaixonado,amizade,0,0,0,none,,,,,São Luís
abd77fd2-71c7-480a-af08-b55b38321534,0,A,E aí doidddo,0,none,feliz,amizade,0,0,0,none,,,,,São Luís
652cdf2d-71d4-4e5a-bc0d-280f20d469d6,1,B,Que situação hein,1,explicita,feliz,contatinho,0,1,1,praia,ir pra praia,sábado de noite,ali no Renascença,praia,São Luís
e8dfacf8-7d29-47cd-adb7-3982de9f5529,3,B,Demais mesmooo né não,1,explicita,triste,match_tinder,0,1,1,gastronomico,comer hambúrguer,quando acabar esse calor infernal,no Golden Shopping,hambúrguer,São Luís
3fd2bf67-8d36-4799-9b3b-c8bbff766dd9,0,A,tu tá onde?,1,explicita,entediado,amizade,0,1,1,bar,ir no reggae,sábado à tarde,no Rio Anil Shopping,reggae,São Luís
eb2f5b6d-00fc-495d-a35b-ea1dbdfb26f5,4,A,Falaa tu anima ir na Feirinha São Luís comigoo? oxe,1,explicita,triste,match_tinder,1,1,1,gastronomico,comer pastel,hoje à noite,na Feirinha São Luís,pastel,São Luís
a7da69f1-3f0d-4643-96fc-3e34bd2209e4,7,B,Eu entendo viuuuu,0,none,empolgado,match_tinder,0,0,0,none,,,,,São Luís
b437e079-4687-43d3-b7ac-9b4e762c8027,0,A,Partiu rolê hoje?,1,explicita,cansado,contatinho,0,1,1,praia,tomar um drink,mais tarde,no Golden Shopping,bar,São Luís
6afac418-92e6-4d36-b6fc-cdc403e7d570,1,B,tá brincando,0,none,cansado,contatinho,0,0,0,none,,,,,São Luís
9b6a0e89-91b9-40c2-8d5a-954abec52f71,4,A,Adulto sofre demais com boleto.,0,none,saudoso,colega_trabalho,0,0,0,none,,,,,São Luís
2dc47899-7bf9-409b-b227-bfc2e4b3c598,4,A,Tu toparia um rolê aleatóriiio?,1,implicita,saudoso,ex,0,0,0,casual,,,,,São Luís
ee3d6104-68dd-46e5-9b55-8dc6295f6ba9,7,B,Boa sorte aí kkk misericórdia,0,none,empolgado,colega_trabalho,0,0,0,none,,,,,São Luís
10dcc765-4233-4c24-bb34-211af8cef4b8,7,B,Hoje foi corrido no estágio...,0,none,apaixonado,colega_trabalho,0,0,0,none,,,,,São Luís
36ed706b-f65f-4c6b-8b78-b6efaf674465,2,A,O São João tá chegando.,1,explicita,feliz,ex,0,1,1,gastronomico,comer tapioca,mais tarde,no Golden Shopping,tapioca,São Luís
3603f8ea-080b-41a1-96fa-647eb0e9f372,4,A,Tu sempre some quando eu quero sair....,1,implicita,triste,crush,0,0,0,casual,,,,,São Luís
e87287bf-cd72-4a84-97e5-ee55a138094f,5,B,Hoje teve atendimento direto.,0,none,carente,crush,0,0,0,none,,,,,São Luís
a059dde4-e9a4-466d-b18c-db06641c83b2,2,A,Nem me fala,0,none,apaixonado,match_tinder,0,0,0,none,,,,,São Luís
c62f5e04-724d-44dd-a356-41958b3870b8,3,B,A vida é assim mesmo né,1,explicita,cansado,amizade,0,1,1,bar,beber cerveja,quando tu sair da faculdade,no Anjo da Guarda,bar,São Luís
019e7c5d-b8de-4822-8dd9-7edd17be0417,2,A,Esse calor tá insuportável.,1,implicita,triste,match_tinder,0,0,0,casual,,,,,São Luís
5d2fc3ca-3c9d-4448-ba82-aee3b8ea2175,2,A,Demais mesmo,0,none,entediado,contatinho,0,0,0,none,,,,,São Luís
5dbe5def-8fd5-4518-9106-7dfa012e80d6,2,A,Bora viver? simbora ficar conversando no Rio Anil Shopping depois da prova?,1,explicita,empolgado,colega_trabalho,0,1,1,casual,ficar conversando,depois da prova,no Rio Anil Shopping,,São Luís
b4b272c3-eba5-4960-825e-8e19e8e22590,7,B,Hoje só sobrevivi de iFood. mano,0,none,animado,namoro,0,0,0,none,,,,,São Luís
a9223afe-4ec4-4f45-a9a0-fdaf5c7bd0c0,2,A,Tô morto depois do treino. slk,0,none,triste,ficante,0,0,0,none,,,,,São Luís
22a1a8fd-970a-4522-b868-ec48495bcfcb,1,B,Irmão que sofrimento,1,implicita,animado,amizade,0,0,0,casual,,,,,São Luís
adc116ba-64ce-4dac-9ca0-ce3da88b1fb7,6,A,Tava com saudade de conversar contigggo,1,implicita,apaixonado,colega_trabalho,0,0,0,casual,,,,,São Luís
34994397-2e5c-4367-b254-63216fbb5322,3,B,Acabou energia aqui em casa.,1,explicita,apaixonado,amizade,1,1,1,gastronomico,comer tapioca,sexta depois da faculdade,no Seu Boteco,tapioca,São Luís
27ab99f2-8f31-4e60-ba27-50f0f27445d5,3,B,Oi sumida queria muito ouvir música ao vivo contigo,1,explicita,triste,crush,1,1,1,casual,ouvir música ao vivo,quando tu sair da faculdade,no Talking Blues,bar,São Luís
0481e049-5fcf-43b5-91ac-a4fc124b00d7,4,A,Tô indo no Mateus rapidinho...,1,explicita,cansado,contatinho,0,1,1,casual,ver as luzes da cidade,hoje,no Reviver,,São Luís
4227e4fa-2aa9-49fd-8037-478c8cfd3fc1,4,A,O São João tá chegando. mds,1,explicita,saudoso,contatinho,0,1,1,gastronomico,comer sushi,depois da prova,no Shopping da Ilha,sushi,São Luís
80eb4ad1-21be-4796-9026-2f9d53d087c8,4,A,Eu entendo viu,0,none,empolgado,ex,0,0,0,none,,,,,São Luís
043c789c-adbc-460f-acd5-9d04ecdaf46e,6,A,e aí gata topa assistir filme de madrugada mesmo kkkkkkkk,1,explicita,estressado,ex,1,1,1,cinema,assistir filme,de madrugada mesmo kkkkk,no Bar do Léo,cinema,São Luís
b702097f-2fba-4046-8267-1221840dd597,1,B,Tá brincando,1,explicita,animado,crush,0,1,1,gastronomico,lançar um sushi,quando acabar esse calor infernal,no Armazém,sushi,São Luís
83ed5ec8-860a-46a6-82d9-6e08ba334538,3,B,irmão que sofrimento,1,explicita,saudoso,amizade,0,1,1,casual,comer açaí na tigela,nesse final de semana,no Rio Anil Shopping,açaí,São Luís
8691e9c8-64b9-4cf4-8711-b17233e9eb27,7,B,Tô animado(a) já vei,1,implicita,estressado,namoro,0,0,0,casual,,,,,São Luís
d7dd70ce-f414-42d5-9ba1-bc91d8c5579e,2,A,Tu tá onde? partiu na Feirinha São Luís hoje?,1,explicita,feliz,ex,0,1,1,praia,tomar sorvete,de madrugada mesmo kkkkk,na Feirinha São Luís,sorvete,São Luís
f592c80c-366b-4d83-b76b-d8b0a02e0d4c,0,A,Oi criatura socorro,1,implicita,estressado,contatinho,1,0,0,casual,,,,,São Luís
066b1903-c186-4142-b9e8-4e218ca17530,4,A,Tô animado(a) já,1,explicita,apaixonado,match_tinder,0,1,1,casual,dar uma volta,nesse final de semana,lá no Cohatrac,,São Luís
c42c58e2-c6b7-4f75-9b16-64684120a88a,3,B,Passei horas corrigindo bug.,0,none,carente,contatinho,0,0,0,none,,,,,São Luís
3abd519d-0e16-47fa-b036-f475ca773979,4,A,Tava pensando que a gente podia se ver hoje.,1,implicita,empolgado,ficante,0,0,0,casual,,,,,São Luís
21a04a98-eec9-4cbe-8bd4-ee4b2e0cc7d8,3,B,Topei! aff,1,explicita,apaixonado,crush,0,1,1,praia,tomar café gelado,domingo de manhã,no Amsterdam Music Pub,café,São Luís
95b003fa-3dd1-47f0-998c-40fc85fe0b9c,2,A,Queria companhia pra hoje.,1,implicita,animado,namoro,0,0,0,casual,,,,,São Luís
44200654-2ca6-4e28-b9c6-fbeab7e0fe4c,5,B,Tu anima um rolê sem planejamento? vei,1,implicita,estressado,crush,0,0,0,casual,,,,,São Luís
45409217-aec3-4184-b7ec-daa3294f3c24,0,A,"Oi, tudo bem?",1,implicita,animado,contatinho,0,0,0,casual,,,,,São Luís
